mc	mn	quarterbeats	quarterbeats_all_endings	duration_qb	mc_onset	mn_onset	event	timesig	staff	voice	duration	gracenote	nominal_duration	scalar	chord_id	staff_text
1	0	0	0	0.0	0	15/16	StaffText	4/4	1	1	0					Allegro
1	0	0	0	0.25	0	15/16	Chord	4/4	1	1	1/16		1/16	1	0	
2	1	1/4	1/4	0.25	0	0	Chord	4/4	1	1	1/16		1/16	1	1	
2	1	1/2	1/2	0.25	1/16	1/16	Chord	4/4	1	1	1/16		1/16	1	2	
2	1	3/4	3/4	0.25	1/8	1/8	Chord	4/4	1	1	1/16		1/16	1	3	
2	1	1	1	0.25	3/16	3/16	Chord	4/4	1	1	1/16		1/16	1	4	
2	1	5/4	5/4	0.25	1/4	1/4	Chord	4/4	1	1	1/16		1/16	1	5	
2	1	3/2	3/2	0.25	5/16	5/16	Chord	4/4	1	1	1/16		1/16	1	6	
2	1	7/4	7/4	0.25	3/8	3/8	Chord	4/4	1	1	1/16		1/16	1	7	
2	1	2	2	0.25	7/16	7/16	Chord	4/4	1	1	1/16		1/16	1	8	
2	1	9/4	9/4	1.5	1/2	1/2	Chord	4/4	1	1	3/8		1/4	3/2	9	
2	1	15/4	15/4	0.5	7/8	7/8	Chord	4/4	1	1	1/8		1/8	1	10	
2	1	2	2	0.25	7/16	7/16	Chord	4/4	2	1	1/16		1/16	1	11	
2	1	9/4	9/4	0.25	1/2	1/2	Chord	4/4	2	1	1/16		1/16	1	12	
2	1	5/2	5/2	0.25	9/16	9/16	Chord	4/4	2	1	1/16		1/16	1	13	
2	1	11/4	11/4	0.25	5/8	5/8	Chord	4/4	2	1	1/16		1/16	1	14	
2	1	3	3	0.25	11/16	11/16	Chord	4/4	2	1	1/16		1/16	1	15	
2	1	13/4	13/4	0.25	3/4	3/4	Chord	4/4	2	1	1/16		1/16	1	16	
2	1	7/2	7/2	0.25	13/16	13/16	Chord	4/4	2	1	1/16		1/16	1	17	
2	1	15/4	15/4	0.25	7/8	7/8	Chord	4/4	2	1	1/16		1/16	1	18	
2	1	4	4	0.25	15/16	15/16	Chord	4/4	2	1	1/16		1/16	1	19	
3	2	17/4	17/4	0.5	0	0	Chord	4/4	1	1	1/8		1/8	1	20	
3	2	19/4	19/4	0.5	1/8	1/8	Chord	4/4	1	1	1/8		1/8	1	21	
3	2	21/4	21/4	0.5	1/4	1/4	Chord	4/4	1	1	1/8		1/8	1	22	
3	2	23/4	23/4	0.5	3/8	3/8	Chord	4/4	1	1	1/8		1/8	1	23	
3	2	25/4	25/4	0.5	1/2	1/2	Chord	4/4	1	1	1/8		1/8	1	24	
3	2	27/4	27/4	0.5	5/8	5/8	Chord	4/4	1	1	1/8		1/8	1	25	
3	2	29/4	29/4	0.5	3/4	3/4	Chord	4/4	1	1	1/8		1/8	1	26	
3	2	31/4	31/4	0.5	7/8	7/8	Chord	4/4	1	1	1/8		1/8	1	27	
3	2	17/4	17/4	0.25	0	0	Chord	4/4	1	2	1/16		1/16	1	28	
3	2	9/2	9/2	0.25	1/16	1/16	Chord	4/4	1	2	1/16		1/16	1	29	
3	2	19/4	19/4	0.25	1/8	1/8	Chord	4/4	1	2	1/16		1/16	1	30	
3	2	5	5	0.25	3/16	3/16	Chord	4/4	1	2	1/16		1/16	1	31	
3	2	21/4	21/4	0.25	1/4	1/4	Chord	4/4	1	2	1/16		1/16	1	32	
3	2	11/2	11/2	0.25	5/16	5/16	Chord	4/4	1	2	1/16		1/16	1	33	
3	2	23/4	23/4	0.25	3/8	3/8	Chord	4/4	1	2	1/16		1/16	1	34	
3	2	6	6	0.25	7/16	7/16	Chord	4/4	1	2	1/16		1/16	1	35	
3	2	25/4	25/4	0.25	1/2	1/2	Chord	4/4	2	1	1/16		1/16	1	36	
3	2	13/2	13/2	0.25	9/16	9/16	Chord	4/4	2	1	1/16		1/16	1	37	
3	2	27/4	27/4	0.25	5/8	5/8	Chord	4/4	2	1	1/16		1/16	1	38	
3	2	7	7	0.25	11/16	11/16	Chord	4/4	2	1	1/16		1/16	1	39	
3	2	29/4	29/4	0.25	3/4	3/4	Chord	4/4	2	1	1/16		1/16	1	40	
3	2	15/2	15/2	0.25	13/16	13/16	Chord	4/4	2	1	1/16		1/16	1	41	
3	2	31/4	31/4	0.25	7/8	7/8	Chord	4/4	2	1	1/16		1/16	1	42	
3	2	8	8	0.25	15/16	15/16	Chord	4/4	2	1	1/16		1/16	1	43	
4	3	33/4	33/4	0.5	0	0	Chord	4/4	1	1	1/8		1/8	1	44	
4	3	35/4	35/4	0.5	1/8	1/8	Chord	4/4	1	1	1/8		1/8	1	45	
4	3	37/4	37/4	0.5	1/4	1/4	Chord	4/4	1	1	1/8		1/8	1	46	
4	3	39/4	39/4	0.5	3/8	3/8	Chord	4/4	1	1	1/8		1/8	1	47	
4	3	41/4	41/4	0.5	1/2	1/2	Chord	4/4	1	1	1/8		1/8	1	48	
4	3	43/4	43/4	0.5	5/8	5/8	Chord	4/4	1	1	1/8		1/8	1	49	
4	3	45/4	45/4	0.5	3/4	3/4	Chord	4/4	1	1	1/8		1/8	1	50	
4	3	47/4	47/4	0.5	7/8	7/8	Chord	4/4	1	1	1/8		1/8	1	51	
4	3	33/4	33/4	0.25	0	0	Chord	4/4	2	1	1/16		1/16	1	52	
4	3	17/2	17/2	0.25	1/16	1/16	Chord	4/4	2	1	1/16		1/16	1	53	
4	3	35/4	35/4	0.25	1/8	1/8	Chord	4/4	2	1	1/16		1/16	1	54	
4	3	9	9	0.25	3/16	3/16	Chord	4/4	2	1	1/16		1/16	1	55	
4	3	37/4	37/4	0.25	1/4	1/4	Chord	4/4	2	1	1/16		1/16	1	56	
4	3	19/2	19/2	0.25	5/16	5/16	Chord	4/4	2	1	1/16		1/16	1	57	
4	3	39/4	39/4	0.25	3/8	3/8	Chord	4/4	2	1	1/16		1/16	1	58	
4	3	10	10	0.25	7/16	7/16	Chord	4/4	2	1	1/16		1/16	1	59	
4	3	41/4	41/4	0.25	1/2	1/2	Chord	4/4	2	1	1/16		1/16	1	60	
4	3	21/2	21/2	0.25	9/16	9/16	Chord	4/4	2	1	1/16		1/16	1	61	
4	3	43/4	43/4	0.25	5/8	5/8	Chord	4/4	2	1	1/16		1/16	1	62	
4	3	11	11	0.25	11/16	11/16	Chord	4/4	2	1	1/16		1/16	1	63	
4	3	45/4	45/4	0.25	3/4	3/4	Chord	4/4	2	1	1/16		1/16	1	64	
4	3	23/2	23/2	0.25	13/16	13/16	Chord	4/4	2	1	1/16		1/16	1	65	
4	3	47/4	47/4	0.25	7/8	7/8	Chord	4/4	2	1	1/16		1/16	1	66	
4	3	12	12	0.25	15/16	15/16	Chord	4/4	2	1	1/16		1/16	1	67	
5	4	49/4	49/4	0.5	0	0	Chord	4/4	1	1	1/8		1/8	1	68	
5	4	51/4	51/4	0.5	1/8	1/8	Chord	4/4	1	1	1/8		1/8	1	69	
5	4	53/4	53/4	0.25	1/4	1/4	Chord	4/4	1	1	1/16		1/16	1	70	
5	4	27/2	27/2	0.25	5/16	5/16	Chord	4/4	1	1	1/16		1/16	1	71	
5	4	55/4	55/4	0.25	3/8	3/8	Chord	4/4	1	1	1/16		1/16	1	72	
5	4	14	14	0.25	7/16	7/16	Chord	4/4	1	1	1/16		1/16	1	73	
5	4	57/4	57/4	0.25	1/2	1/2	Chord	4/4	1	1	1/16		1/16	1	74	
5	4	29/2	29/2	0.25	9/16	9/16	Chord	4/4	1	1	1/16		1/16	1	75	
5	4	59/4	59/4	0.5	5/8	5/8	Chord	4/4	1	1	1/8		1/8	1	76	
5	4	61/4	61/4	0.25	3/4	3/4	Chord	4/4	1	1	1/16		1/16	1	77	
5	4	31/2	31/2	0.25	13/16	13/16	Chord	4/4	1	1	1/16		1/16	1	78	
5	4	63/4	63/4	0.5	7/8	7/8	Chord	4/4	1	1	1/8		1/8	1	79	
5	4	59/4	59/4	0.25	5/8	5/8	Chord	4/4	1	2	1/16		1/16	1	80	
5	4	15	15	0.25	11/16	11/16	Chord	4/4	1	2	1/16		1/16	1	81	
5	4	49/4	49/4	0.25	0	0	Chord	4/4	2	1	1/16		1/16	1	82	
5	4	25/2	25/2	0.25	1/16	1/16	Chord	4/4	2	1	1/16		1/16	1	83	
5	4	51/4	51/4	0.25	1/8	1/8	Chord	4/4	2	1	1/16		1/16	1	84	
5	4	13	13	0.25	3/16	3/16	Chord	4/4	2	1	1/16		1/16	1	85	
5	4	53/4	53/4	0.5	1/4	1/4	Chord	4/4	2	1	1/8		1/8	1	86	
5	4	55/4	55/4	0.5	3/8	3/8	Chord	4/4	2	1	1/8		1/8	1	87	
5	4	57/4	57/4	0.5	1/2	1/2	Chord	4/4	2	1	1/8		1/8	1	88	
5	4	59/4	59/4	0.5	5/8	5/8	Chord	4/4	2	1	1/8		1/8	1	89	
5	4	61/4	61/4	0.75	3/4	3/4	Chord	4/4	2	1	3/16		1/8	3/2	90	
5	4	16	16	0.25	15/16	15/16	Chord	4/4	2	1	1/16		1/16	1	91	
5	4	61/4	61/4	0.5	3/4	3/4	Chord	4/4	2	2	1/8		1/8	1	92	
5	4	63/4	63/4	0.5	7/8	7/8	Chord	4/4	2	2	1/8		1/8	1	93	
6	5	65/4	65/4	0.5	0	0	Chord	4/4	1	1	1/8		1/8	1	94	
6	5	69/4	69/4	0.5	1/4	1/4	Chord	4/4	1	1	1/8		1/8	1	95	
6	5	71/4	71/4	0.5	3/8	3/8	Chord	4/4	1	1	1/8		1/8	1	96	
6	5	73/4	73/4	0.5	1/2	1/2	Chord	4/4	1	1	1/8		1/8	1	97	
6	5	75/4	75/4	0.5	5/8	5/8	Chord	4/4	1	1	1/8		1/8	1	98	
6	5	77/4	77/4	0.25	3/4	3/4	Chord	4/4	1	1	1/16		1/16	1	99	
6	5	39/2	39/2	0.25	13/16	13/16	Chord	4/4	1	1	1/16		1/16	1	100	
6	5	79/4	79/4	0.25	7/8	7/8	Chord	4/4	1	1	1/16		1/16	1	101	
6	5	20	20	0.25	15/16	15/16	Chord	4/4	1	1	1/16		1/16	1	102	
6	5	65/4	65/4	0.5	0	0	Chord	4/4	2	1	1/8		1/8	1	103	
6	5	67/4	67/4	0.75	1/8	1/8	Chord	4/4	2	1	3/16		1/8	3/2	104	
6	5	35/2	35/2	0.25	5/16	5/16	Chord	4/4	2	1	1/16		1/16	1	105	
6	5	71/4	71/4	0.25	3/8	3/8	Chord	4/4	2	1	1/16		1/16	1	106	
6	5	18	18	0.25	7/16	7/16	Chord	4/4	2	1	1/16		1/16	1	107	
6	5	73/4	73/4	0.25	1/2	1/2	Chord	4/4	2	1	1/16		1/16	1	108	
6	5	37/2	37/2	0.25	9/16	9/16	Chord	4/4	2	1	1/16		1/16	1	109	
6	5	75/4	75/4	0.25	5/8	5/8	Chord	4/4	2	1	1/16		1/16	1	110	
6	5	19	19	0.25	11/16	11/16	Chord	4/4	2	1	1/16		1/16	1	111	
6	5	77/4	77/4	0.5	3/4	3/4	Chord	4/4	2	1	1/8		1/8	1	112	
6	5	79/4	79/4	0.5	7/8	7/8	Chord	4/4	2	1	1/8		1/8	1	113	
6	5	65/4	65/4	0.25	0	0	Chord	4/4	2	2	1/16		1/16	1	114	
6	5	33/2	33/2	0.25	1/16	1/16	Chord	4/4	2	2	1/16		1/16	1	115	
6	5	67/4	67/4	0.25	1/8	1/8	Chord	4/4	2	2	1/16		1/16	1	116	
6	5	17	17	0.25	3/16	3/16	Chord	4/4	2	2	1/16		1/16	1	117	
7	6	81/4	81/4	0.5	0	0	Chord	4/4	1	1	1/8		1/8	1	118	
7	6	83/4	83/4	0.5	1/8	1/8	Chord	4/4	1	1	1/8		1/8	1	119	
7	6	85/4	85/4	0.5	1/4	1/4	Chord	4/4	1	1	1/8		1/8	1	120	
7	6	87/4	87/4	0.5	3/8	3/8	Chord	4/4	1	1	1/8		1/8	1	121	
7	6	89/4	89/4	0.25	1/2	1/2	Chord	4/4	1	1	1/16		1/16	1	122	
7	6	45/2	45/2	0.25	9/16	9/16	Chord	4/4	1	1	1/16		1/16	1	123	
7	6	91/4	91/4	0.25	5/8	5/8	Chord	4/4	1	1	1/16		1/16	1	124	
7	6	23	23	0.25	11/16	11/16	Chord	4/4	1	1	1/16		1/16	1	125	
7	6	93/4	93/4	0.5	3/4	3/4	Chord	4/4	1	1	1/8		1/8	1	126	
7	6	95/4	95/4	0.5	7/8	7/8	Chord	4/4	1	1	1/8		1/8	1	127	
7	6	81/4	81/4	0.25	0	0	Chord	4/4	1	2	1/16		1/16	1	128	
7	6	41/2	41/2	0.25	1/16	1/16	Chord	4/4	1	2	1/16		1/16	1	129	
7	6	83/4	83/4	0.25	1/8	1/8	Chord	4/4	1	2	1/16		1/16	1	130	
7	6	21	21	0.25	3/16	3/16	Chord	4/4	1	2	1/16		1/16	1	131	
7	6	85/4	85/4	0.25	1/4	1/4	Chord	4/4	1	2	1/16		1/16	1	132	
7	6	43/2	43/2	0.25	5/16	5/16	Chord	4/4	1	2	1/16		1/16	1	133	
7	6	87/4	87/4	0.25	3/8	3/8	Chord	4/4	1	2	1/16		1/16	1	134	
7	6	22	22	0.25	7/16	7/16	Chord	4/4	1	2	1/16		1/16	1	135	
7	6	89/4	89/4	0.5	1/2	1/2	Chord	4/4	1	2	1/8		1/8	1	136	
7	6	91/4	91/4	0.5	5/8	5/8	Chord	4/4	1	2	1/8		1/8	1	137	
7	6	93/4	93/4	0.25	3/4	3/4	Chord	4/4	1	2	1/16		1/16	1	138	
7	6	47/2	47/2	0.25	13/16	13/16	Chord	4/4	1	2	1/16		1/16	1	139	
7	6	95/4	95/4	0.25	7/8	7/8	Chord	4/4	1	2	1/16		1/16	1	140	
7	6	24	24	0.25	15/16	15/16	Chord	4/4	1	2	1/16		1/16	1	141	
8	7	97/4	97/4	0.5	0	0	Chord	4/4	1	1	1/8		1/8	1	142	
8	7	99/4	99/4	0.5	1/8	1/8	Chord	4/4	1	1	1/8		1/8	1	143	
8	7	101/4	101/4	0.5	1/4	1/4	Chord	4/4	1	1	1/8		1/8	1	144	
8	7	103/4	103/4	0.5	3/8	3/8	Chord	4/4	1	1	1/8		1/8	1	145	
8	7	105/4	105/4	0.25	1/2	1/2	Chord	4/4	1	1	1/16		1/16	1	146	
8	7	53/2	53/2	0.25	9/16	9/16	Chord	4/4	1	1	1/16		1/16	1	147	
8	7	107/4	107/4	0.25	5/8	5/8	Chord	4/4	1	1	1/16		1/16	1	148	
8	7	27	27	0.25	11/16	11/16	Chord	4/4	1	1	1/16		1/16	1	149	
8	7	109/4	109/4	0.5	3/4	3/4	Chord	4/4	1	1	1/8		1/8	1	150	
8	7	111/4	111/4	0.5	7/8	7/8	Chord	4/4	1	1	1/8		1/8	1	151	
8	7	97/4	97/4	0.25	0	0	Chord	4/4	1	2	1/16		1/16	1	152	
8	7	49/2	49/2	0.25	1/16	1/16	Chord	4/4	1	2	1/16		1/16	1	153	
8	7	99/4	99/4	0.25	1/8	1/8	Chord	4/4	1	2	1/16		1/16	1	154	
8	7	25	25	0.25	3/16	3/16	Chord	4/4	1	2	1/16		1/16	1	155	
8	7	101/4	101/4	0.25	1/4	1/4	Chord	4/4	1	2	1/16		1/16	1	156	
8	7	51/2	51/2	0.25	5/16	5/16	Chord	4/4	1	2	1/16		1/16	1	157	
8	7	103/4	103/4	0.25	3/8	3/8	Chord	4/4	1	2	1/16		1/16	1	158	
8	7	26	26	0.0	7/16	7/16	StaffText	4/4	1	2	0					â™­
8	7	26	26	0.25	7/16	7/16	Chord	4/4	1	2	1/16		1/16	1	159	
8	7	105/4	105/4	0.5	1/2	1/2	Chord	4/4	1	2	1/8		1/8	1	160	
8	7	107/4	107/4	0.5	5/8	5/8	Chord	4/4	1	2	1/8		1/8	1	161	
8	7	109/4	109/4	0.25	3/4	3/4	Chord	4/4	1	2	1/16		1/16	1	162	
8	7	55/2	55/2	0.25	13/16	13/16	Chord	4/4	1	2	1/16		1/16	1	163	
8	7	111/4	111/4	0.25	7/8	7/8	Chord	4/4	1	2	1/16		1/16	1	164	
8	7	28	28	0.25	15/16	15/16	Chord	4/4	1	2	1/16		1/16	1	165	
9	8	113/4	113/4	0.5	0	0	Chord	4/4	1	1	1/8		1/8	1	166	
9	8	115/4	115/4	0.5	1/8	1/8	Chord	4/4	1	1	1/8		1/8	1	167	
9	8	117/4	117/4	0.5	1/4	1/4	Chord	4/4	1	1	1/8		1/8	1	168	
9	8	119/4	119/4	0.5	3/8	3/8	Chord	4/4	1	1	1/8		1/8	1	169	
9	8	121/4	121/4	0.5	1/2	1/2	Chord	4/4	1	1	1/8		1/8	1	170	
9	8	123/4	123/4	0.5	5/8	5/8	Chord	4/4	1	1	1/8		1/8	1	171	
9	8	125/4	125/4	0.5	3/4	3/4	Chord	4/4	1	1	1/8		1/8	1	172	
9	8	127/4	127/4	0.5	7/8	7/8	Chord	4/4	1	1	1/8		1/8	1	173	
9	8	113/4	113/4	0.25	0	0	Chord	4/4	1	2	1/16		1/16	1	174	
9	8	57/2	57/2	0.25	1/16	1/16	Chord	4/4	1	2	1/16		1/16	1	175	
9	8	115/4	115/4	0.25	1/8	1/8	Chord	4/4	1	2	1/16		1/16	1	176	
9	8	29	29	0.25	3/16	3/16	Chord	4/4	1	2	1/16		1/16	1	177	
9	8	117/4	117/4	0.25	1/4	1/4	Chord	4/4	1	2	1/16		1/16	1	178	
9	8	59/2	59/2	0.25	5/16	5/16	Chord	4/4	1	2	1/16		1/16	1	179	
9	8	119/4	119/4	0.25	3/8	3/8	Chord	4/4	1	2	1/16		1/16	1	180	
9	8	30	30	0.25	7/16	7/16	Chord	4/4	1	2	1/16		1/16	1	181	
9	8	121/4	121/4	0.25	1/2	1/2	Chord	4/4	2	1	1/16		1/16	1	182	
9	8	61/2	61/2	0.25	9/16	9/16	Chord	4/4	2	1	1/16		1/16	1	183	
9	8	123/4	123/4	0.25	5/8	5/8	Chord	4/4	2	1	1/16		1/16	1	184	
9	8	31	31	0.25	11/16	11/16	Chord	4/4	2	1	1/16		1/16	1	185	
9	8	125/4	125/4	0.25	3/4	3/4	Chord	4/4	2	1	1/16		1/16	1	186	
9	8	63/2	63/2	0.25	13/16	13/16	Chord	4/4	2	1	1/16		1/16	1	187	
9	8	127/4	127/4	0.25	7/8	7/8	Chord	4/4	2	1	1/16		1/16	1	188	
9	8	32	32	0.25	15/16	15/16	Chord	4/4	2	1	1/16		1/16	1	189	
10	9	129/4	129/4	0.5	0	0	Chord	4/4	1	1	1/8		1/8	1	190	
10	9	131/4	131/4	0.5	1/8	1/8	Chord	4/4	1	1	1/8		1/8	1	191	
10	9	133/4	133/4	0.5	1/4	1/4	Chord	4/4	1	1	1/8		1/8	1	192	
10	9	135/4	135/4	0.5	3/8	3/8	Chord	4/4	1	1	1/8		1/8	1	193	
10	9	137/4	137/4	0.5	1/2	1/2	Chord	4/4	1	1	1/8		1/8	1	194	
10	9	139/4	139/4	0.5	5/8	5/8	Chord	4/4	1	1	1/8		1/8	1	195	
10	9	141/4	141/4	0.25	3/4	3/4	Chord	4/4	1	1	1/16		1/16	1	196	
10	9	71/2	71/2	0.25	13/16	13/16	Chord	4/4	1	1	1/16		1/16	1	197	
10	9	143/4	143/4	0.25	7/8	7/8	Chord	4/4	1	1	1/16		1/16	1	198	
10	9	36	36	0.25	15/16	15/16	Chord	4/4	1	1	1/16		1/16	1	199	
10	9	129/4	129/4	0.25	0	0	Chord	4/4	2	1	1/16		1/16	1	200	
10	9	65/2	65/2	0.25	1/16	1/16	Chord	4/4	2	1	1/16		1/16	1	201	
10	9	131/4	131/4	0.25	1/8	1/8	Chord	4/4	2	1	1/16		1/16	1	202	
10	9	33	33	0.25	3/16	3/16	Chord	4/4	2	1	1/16		1/16	1	203	
10	9	133/4	133/4	0.25	1/4	1/4	Chord	4/4	2	1	1/16		1/16	1	204	
10	9	67/2	67/2	0.25	5/16	5/16	Chord	4/4	2	1	1/16		1/16	1	205	
10	9	135/4	135/4	0.25	3/8	3/8	Chord	4/4	2	1	1/16		1/16	1	206	
10	9	34	34	0.25	7/16	7/16	Chord	4/4	2	1	1/16		1/16	1	207	
10	9	137/4	137/4	0.25	1/2	1/2	Chord	4/4	2	1	1/16		1/16	1	208	
10	9	69/2	69/2	0.25	9/16	9/16	Chord	4/4	2	1	1/16		1/16	1	209	
10	9	139/4	139/4	0.25	5/8	5/8	Chord	4/4	2	1	1/16		1/16	1	210	
10	9	35	35	0.25	11/16	11/16	Chord	4/4	2	1	1/16		1/16	1	211	
10	9	141/4	141/4	0.5	3/4	3/4	Chord	4/4	2	1	1/8		1/8	1	212	
10	9	143/4	143/4	0.5	7/8	7/8	Chord	4/4	2	1	1/8		1/8	1	213	
11	10	145/4	145/4	0.25	0	0	Chord	4/4	1	1	1/16		1/16	1	214	
11	10	73/2	73/2	0.25	1/16	1/16	Chord	4/4	1	1	1/16		1/16	1	215	
11	10	147/4	147/4	0.5	1/8	1/8	Chord	4/4	1	1	1/8		1/8	1	216	
11	10	149/4	149/4	0.25	1/4	1/4	Chord	4/4	1	1	1/16		1/16	1	217	
11	10	75/2	75/2	0.25	5/16	5/16	Chord	4/4	1	1	1/16		1/16	1	218	
11	10	151/4	151/4	0.5	3/8	3/8	Chord	4/4	1	1	1/8		1/8	1	219	
11	10	153/4	153/4	0.25	1/2	1/2	Chord	4/4	1	1	1/16		1/16	1	220	
11	10	77/2	77/2	0.25	9/16	9/16	Chord	4/4	1	1	1/16		1/16	1	221	
11	10	155/4	155/4	0.25	5/8	5/8	Chord	4/4	1	1	1/16		1/16	1	222	
11	10	39	39	0.25	11/16	11/16	Chord	4/4	1	1	1/16		1/16	1	223	
11	10	157/4	157/4	0.25	3/4	3/4	Chord	4/4	1	1	1/16		1/16	1	224	
11	10	79/2	79/2	0.25	13/16	13/16	Chord	4/4	1	1	1/16		1/16	1	225	
11	10	159/4	159/4	0.5	7/8	7/8	Chord	4/4	1	1	1/8		1/8	1	226	
11	10	147/4	147/4	0.25	1/8	1/8	Chord	4/4	1	2	1/16		1/16	1	227	
11	10	37	37	0.25	3/16	3/16	Chord	4/4	1	2	1/16		1/16	1	228	
11	10	149/4	149/4	0.75	1/4	1/4	Chord	4/4	1	2	3/16		1/8	3/2	229	
11	10	38	38	0.25	7/16	7/16	Chord	4/4	1	2	1/16		1/16	1	230	
11	10	153/4	153/4	0.5	1/2	1/2	Chord	4/4	1	2	1/8		1/8	1	231	
11	10	157/4	157/4	0.75	3/4	3/4	Chord	4/4	1	2	3/16		1/8	3/2	232	
11	10	40	40	0.25	15/16	15/16	Chord	4/4	1	2	1/16		1/16	1	233	
11	10	145/4	145/4	0.5	0	0	Chord	4/4	2	1	1/8		1/8	1	234	
11	10	147/4	147/4	0.5	1/8	1/8	Chord	4/4	2	1	1/8		1/8	1	235	
11	10	149/4	149/4	0.5	1/4	1/4	Chord	4/4	2	1	1/8		1/8	1	236	
11	10	151/4	151/4	0.5	3/8	3/8	Chord	4/4	2	1	1/8		1/8	1	237	
11	10	153/4	153/4	0.5	1/2	1/2	Chord	4/4	2	1	1/8		1/8	1	238	
11	10	155/4	155/4	0.5	5/8	5/8	Chord	4/4	2	1	1/8		1/8	1	239	
11	10	157/4	157/4	0.5	3/4	3/4	Chord	4/4	2	1	1/8		1/8	1	240	
11	10	159/4	159/4	0.5	7/8	7/8	Chord	4/4	2	1	1/8		1/8	1	241	
12	11	161/4	161/4	0.5	0	0	Chord	4/4	1	1	1/8		1/8	1	242	
12	11	163/4	163/4	1.0	1/8	1/8	Chord	4/4	1	1	1/4		1/4	1	243	
12	11	167/4	167/4	0.25	3/8	3/8	Chord	4/4	1	1	1/16		1/16	1	244	
12	11	42	42	0.25	7/16	7/16	Chord	4/4	1	1	1/16		1/16	1	245	
12	11	169/4	169/4	0.25	1/2	1/2	Chord	4/4	1	1	1/16		1/16	1	246	
12	11	85/2	85/2	0.25	9/16	9/16	Chord	4/4	1	1	1/16		1/16	1	247	
12	11	171/4	171/4	0.25	5/8	5/8	Chord	4/4	1	1	1/16		1/16	1	248	
12	11	43	43	0.25	11/16	11/16	Chord	4/4	1	1	1/16		1/16	1	249	
12	11	173/4	173/4	0.25	3/4	3/4	Chord	4/4	1	1	1/16		1/16	1	250	
12	11	87/2	87/2	0.25	13/16	13/16	Chord	4/4	1	1	1/16		1/16	1	251	
12	11	175/4	175/4	0.25	7/8	7/8	Chord	4/4	1	1	1/16		1/16	1	252	
12	11	44	44	0.25	15/16	15/16	Chord	4/4	1	1	1/16		1/16	1	253	
12	11	161/4	161/4	0.25	0	0	Chord	4/4	1	2	1/16		1/16	1	254	
12	11	81/2	81/2	0.25	1/16	1/16	Chord	4/4	1	2	1/16		1/16	1	255	
12	11	163/4	163/4	0.25	1/8	1/8	Chord	4/4	1	2	1/16		1/16	1	256	
12	11	41	41	0.25	3/16	3/16	Chord	4/4	1	2	1/16		1/16	1	257	
12	11	165/4	165/4	0.25	1/4	1/4	Chord	4/4	1	2	1/16		1/16	1	258	
12	11	83/2	83/2	0.25	5/16	5/16	Chord	4/4	1	2	1/16		1/16	1	259	
12	11	167/4	167/4	0.5	3/8	3/8	Chord	4/4	1	2	1/8		1/8	1	260	
12	11	169/4	169/4	0.5	1/2	1/2	Chord	4/4	1	2	1/8		1/8	1	261	
12	11	171/4	171/4	0.25	5/8	5/8	Chord	4/4	1	2	1/16		1/16	1	262	
12	11	43	43	0.25	11/16	11/16	Chord	4/4	1	2	1/16		1/16	1	263	
12	11	173/4	173/4	0.25	3/4	3/4	Chord	4/4	1	2	1/16		1/16	1	264	
12	11	87/2	87/2	0.25	13/16	13/16	Chord	4/4	1	2	1/16		1/16	1	265	
12	11	175/4	175/4	0.25	7/8	7/8	Chord	4/4	1	2	1/16		1/16	1	266	
12	11	44	44	0.25	15/16	15/16	Chord	4/4	1	2	1/16		1/16	1	267	
12	11	161/4	161/4	2.0	0	0	Chord	4/4	2	1	1/2		1/2	1	268	
12	11	169/4	169/4	2.0	1/2	1/2	Chord	4/4	2	1	1/2		1/2	1	269	
13	12	177/4	177/4	0.25	0	0	Chord	4/4	1	1	1/16		1/16	1	270	
13	12	89/2	89/2	0.25	1/16	1/16	Chord	4/4	1	1	1/16		1/16	1	271	
13	12	179/4	179/4	0.25	1/8	1/8	Chord	4/4	1	1	1/16		1/16	1	272	
13	12	45	45	0.25	3/16	3/16	Chord	4/4	1	1	1/16		1/16	1	273	
13	12	181/4	181/4	0.25	1/4	1/4	Chord	4/4	1	1	1/16		1/16	1	274	
13	12	91/2	91/2	0.25	5/16	5/16	Chord	4/4	1	1	1/16		1/16	1	275	
13	12	183/4	183/4	0.25	3/8	3/8	Chord	4/4	1	1	1/16		1/16	1	276	
13	12	46	46	0.25	7/16	7/16	Chord	4/4	1	1	1/16		1/16	1	277	
13	12	185/4	185/4	0.25	1/2	1/2	Chord	4/4	1	1	1/16		1/16	1	278	
13	12	93/2	93/2	0.25	9/16	9/16	Chord	4/4	1	1	1/16		1/16	1	279	
13	12	187/4	187/4	0.25	5/8	5/8	Chord	4/4	1	1	1/16		1/16	1	280	
13	12	47	47	0.25	11/16	11/16	Chord	4/4	1	1	1/16		1/16	1	281	
13	12	189/4	189/4	0.25	3/4	3/4	Chord	4/4	1	1	1/16		1/16	1	282	
13	12	95/2	95/2	0.25	13/16	13/16	Chord	4/4	1	1	1/16		1/16	1	283	
13	12	191/4	191/4	0.25	7/8	7/8	Chord	4/4	1	1	1/16		1/16	1	284	
13	12	48	48	0.25	15/16	15/16	Chord	4/4	1	1	1/16		1/16	1	285	
13	12	177/4	177/4	0.5	0	0	Chord	4/4	1	2	1/8		1/8	1	286	
13	12	179/4	179/4	0.5	1/8	1/8	Chord	4/4	1	2	1/8		1/8	1	287	
13	12	181/4	181/4	0.5	1/4	1/4	Chord	4/4	1	2	1/8		1/8	1	288	
13	12	183/4	183/4	0.5	3/8	3/8	Chord	4/4	1	2	1/8		1/8	1	289	
13	12	185/4	185/4	0.5	1/2	1/2	Chord	4/4	1	2	1/8		1/8	1	290	
13	12	187/4	187/4	1.0	5/8	5/8	Chord	4/4	1	2	1/4		1/4	1	291	
13	12	191/4	191/4	0.5	7/8	7/8	Chord	4/4	1	2	1/8		1/8	1	292	
13	12	185/4	185/4	0.5	1/2	1/2	Chord	4/4	2	1	1/8		1/8	1	293	
13	12	187/4	187/4	0.5	5/8	5/8	Chord	4/4	2	1	1/8		1/8	1	294	
13	12	189/4	189/4	1.0	3/4	3/4	Chord	4/4	2	1	1/4		1/4	1	295	
14	13	193/4	193/4	0.25	0	0	Chord	4/4	1	1	1/16		1/16	1	296	
14	13	97/2	97/2	0.25	1/16	1/16	Chord	4/4	1	1	1/16		1/16	1	297	
14	13	195/4	195/4	0.25	1/8	1/8	Chord	4/4	1	1	1/16		1/16	1	298	
14	13	49	49	0.25	3/16	3/16	Chord	4/4	1	1	1/16		1/16	1	299	
14	13	197/4	197/4	0.25	1/4	1/4	Chord	4/4	1	1	1/16		1/16	1	300	
14	13	99/2	99/2	0.25	5/16	5/16	Chord	4/4	1	1	1/16		1/16	1	301	
14	13	199/4	199/4	0.25	3/8	3/8	Chord	4/4	1	1	1/16		1/16	1	302	
14	13	50	50	0.25	7/16	7/16	Chord	4/4	1	1	1/16		1/16	1	303	
14	13	201/4	201/4	0.25	1/2	1/2	Chord	4/4	1	1	1/16		1/16	1	304	
14	13	101/2	101/2	0.25	9/16	9/16	Chord	4/4	1	1	1/16		1/16	1	305	
14	13	203/4	203/4	0.25	5/8	5/8	Chord	4/4	1	1	1/16		1/16	1	306	
14	13	51	51	0.25	11/16	11/16	Chord	4/4	1	1	1/16		1/16	1	307	
14	13	205/4	205/4	0.25	3/4	3/4	Chord	4/4	1	1	1/16		1/16	1	308	
14	13	103/2	103/2	0.25	13/16	13/16	Chord	4/4	1	1	1/16		1/16	1	309	
14	13	207/4	207/4	0.25	7/8	7/8	Chord	4/4	1	1	1/16		1/16	1	310	
14	13	52	52	0.25	15/16	15/16	Chord	4/4	1	1	1/16		1/16	1	311	
14	13	193/4	193/4	1.0	0	0	Chord	4/4	2	1	1/4		1/4	1	312	
14	13	197/4	197/4	0.25	1/4	1/4	Chord	4/4	2	1	1/16		1/16	1	313	
14	13	99/2	99/2	0.25	5/16	5/16	Chord	4/4	2	1	1/16		1/16	1	314	
14	13	199/4	199/4	0.25	3/8	3/8	Chord	4/4	2	1	1/16		1/16	1	315	
14	13	50	50	0.25	7/16	7/16	Chord	4/4	2	1	1/16		1/16	1	316	
14	13	201/4	201/4	1.0	1/2	1/2	Chord	4/4	2	1	1/4		1/4	1	317	
14	13	205/4	205/4	0.25	3/4	3/4	Chord	4/4	2	1	1/16		1/16	1	318	
14	13	103/2	103/2	0.25	13/16	13/16	Chord	4/4	2	1	1/16		1/16	1	319	
14	13	207/4	207/4	0.25	7/8	7/8	Chord	4/4	2	1	1/16		1/16	1	320	
14	13	52	52	0.25	15/16	15/16	Chord	4/4	2	1	1/16		1/16	1	321	
15	14	209/4	209/4	0.25	0	0	Chord	4/4	1	1	1/16		1/16	1	322	
15	14	105/2	105/2	0.25	1/16	1/16	Chord	4/4	1	1	1/16		1/16	1	323	
15	14	211/4	211/4	0.25	1/8	1/8	Chord	4/4	1	1	1/16		1/16	1	324	
15	14	53	53	0.25	3/16	3/16	Chord	4/4	1	1	1/16		1/16	1	325	
15	14	213/4	213/4	0.25	1/4	1/4	Chord	4/4	1	1	1/16		1/16	1	326	
15	14	107/2	107/2	0.25	5/16	5/16	Chord	4/4	1	1	1/16		1/16	1	327	
15	14	215/4	215/4	0.25	3/8	3/8	Chord	4/4	1	1	1/16		1/16	1	328	
15	14	54	54	0.25	7/16	7/16	Chord	4/4	1	1	1/16		1/16	1	329	
15	14	217/4	217/4	1.0	1/2	1/2	Chord	4/4	1	1	1/4		1/4	1	330	
15	14	221/4	221/4	0.25	3/4	3/4	Chord	4/4	1	1	1/16		1/16	1	331	
15	14	111/2	111/2	0.25	13/16	13/16	Chord	4/4	1	1	1/16		1/16	1	332	
15	14	223/4	223/4	0.25	7/8	7/8	Chord	4/4	1	1	1/16		1/16	1	333	
15	14	56	56	0.25	15/16	15/16	Chord	4/4	1	1	1/16		1/16	1	334	
15	14	209/4	209/4	1.0	0	0	Chord	4/4	2	1	1/4		1/4	1	335	
15	14	213/4	213/4	0.25	1/4	1/4	Chord	4/4	2	1	1/16		1/16	1	336	
15	14	107/2	107/2	0.25	5/16	5/16	Chord	4/4	2	1	1/16		1/16	1	337	
15	14	215/4	215/4	0.25	3/8	3/8	Chord	4/4	2	1	1/16		1/16	1	338	
15	14	54	54	0.25	7/16	7/16	Chord	4/4	2	1	1/16		1/16	1	339	
15	14	217/4	217/4	0.25	1/2	1/2	Chord	4/4	2	1	1/16		1/16	1	340	
15	14	109/2	109/2	0.25	9/16	9/16	Chord	4/4	2	1	1/16		1/16	1	341	
15	14	219/4	219/4	0.25	5/8	5/8	Chord	4/4	2	1	1/16		1/16	1	342	
15	14	55	55	0.25	11/16	11/16	Chord	4/4	2	1	1/16		1/16	1	343	
15	14	221/4	221/4	0.25	3/4	3/4	Chord	4/4	2	1	1/16		1/16	1	344	
15	14	111/2	111/2	0.25	13/16	13/16	Chord	4/4	2	1	1/16		1/16	1	345	
15	14	223/4	223/4	0.25	7/8	7/8	Chord	4/4	2	1	1/16		1/16	1	346	
15	14	56	56	0.25	15/16	15/16	Chord	4/4	2	1	1/16		1/16	1	347	
16	15	225/4	225/4	0.5	0	0	Chord	4/4	1	1	1/8		1/8	1	348	
16	15	227/4	227/4	0.75	1/8	1/8	Chord	4/4	1	1	3/16		1/8	3/2	349	
16	15	115/2	115/2	0.25	5/16	5/16	Chord	4/4	1	1	1/16		1/16	1	350	
16	15	231/4	231/4	0.25	3/8	3/8	Chord	4/4	1	1	1/16		1/16	1	351	
16	15	58	58	0.25	7/16	7/16	Chord	4/4	1	1	1/16		1/16	1	352	
16	15	233/4	233/4	0.5	1/2	1/2	Chord	4/4	1	1	1/8		1/8	1	353	
16	15	235/4	235/4	0.25	5/8	5/8	Chord	4/4	1	1	1/16		1/16	1	354	
16	15	59	59	0.25	11/16	11/16	Chord	4/4	1	1	1/16		1/16	1	355	
16	15	237/4	237/4	0.5	3/4	3/4	Chord	4/4	1	1	1/8		1/8	1	356	
16	15	239/4	239/4	0.5	7/8	7/8	Chord	4/4	1	1	1/8		1/8	1	357	
16	15	233/4	233/4	0.25	1/2	1/2	Chord	4/4	1	2	1/16		1/16	1	358	
16	15	117/2	117/2	0.25	9/16	9/16	Chord	4/4	1	2	1/16		1/16	1	359	
16	15	235/4	235/4	0.75	5/8	5/8	Chord	4/4	1	2	3/16		1/8	3/2	360	
16	15	119/2	119/2	0.5	13/16	13/16	Chord	4/4	1	2	1/8		1/8	1	361	
16	15	60	60	0.25	15/16	15/16	Chord	4/4	1	2	1/16		1/16	1	362	
16	15	225/4	225/4	0.25	0	0	Chord	4/4	2	1	1/16		1/16	1	363	
16	15	113/2	113/2	0.25	1/16	1/16	Chord	4/4	2	1	1/16		1/16	1	364	
16	15	227/4	227/4	0.25	1/8	1/8	Chord	4/4	2	1	1/16		1/16	1	365	
16	15	57	57	0.25	3/16	3/16	Chord	4/4	2	1	1/16		1/16	1	366	
16	15	229/4	229/4	0.25	1/4	1/4	Chord	4/4	2	1	1/16		1/16	1	367	
16	15	115/2	115/2	0.25	5/16	5/16	Chord	4/4	2	1	1/16		1/16	1	368	
16	15	231/4	231/4	0.25	3/8	3/8	Chord	4/4	2	1	1/16		1/16	1	369	
16	15	58	58	0.25	7/16	7/16	Chord	4/4	2	1	1/16		1/16	1	370	
16	15	233/4	233/4	0.5	1/2	1/2	Chord	4/4	2	1	1/8		1/8	1	371	
16	15	235/4	235/4	0.5	5/8	5/8	Chord	4/4	2	1	1/8		1/8	1	372	
16	15	237/4	237/4	0.5	3/4	3/4	Chord	4/4	2	1	1/8		1/8	1	373	
16	15	239/4	239/4	0.5	7/8	7/8	Chord	4/4	2	1	1/8		1/8	1	374	
17	16	241/4	241/4	0.5	0	0	Chord	4/4	1	1	1/8		1/8	1	375	
17	16	245/4	245/4	0.5	1/4	1/4	Chord	4/4	1	1	1/8		1/8	1	376	
17	16	247/4	247/4	0.5	3/8	3/8	Chord	4/4	1	1	1/8		1/8	1	377	
17	16	249/4	249/4	0.5	1/2	1/2	Chord	4/4	1	1	1/8		1/8	1	378	
17	16	251/4	251/4	0.25	5/8	5/8	Chord	4/4	1	1	1/16		1/16	1	379	
17	16	63	63	0.25	11/16	11/16	Chord	4/4	1	1	1/16		1/16	1	380	
17	16	253/4	253/4	0.5	3/4	3/4	Chord	4/4	1	1	1/8		1/8	1	381	
17	16	255/4	255/4	0.5	7/8	7/8	Chord	4/4	1	1	1/8		1/8	1	382	
17	16	241/4	241/4	0.25	0	0	Chord	4/4	1	2	1/16		1/16	1	383	
17	16	121/2	121/2	0.25	1/16	1/16	Chord	4/4	1	2	1/16		1/16	1	384	
17	16	243/4	243/4	0.25	1/8	1/8	Chord	4/4	1	2	1/16		1/16	1	385	
17	16	61	61	0.25	3/16	3/16	Chord	4/4	1	2	1/16		1/16	1	386	
17	16	245/4	245/4	0.5	1/4	1/4	Chord	4/4	1	2	1/8		1/8	1	387	
17	16	247/4	247/4	0.5	3/8	3/8	Chord	4/4	1	2	1/8		1/8	1	388	
17	16	249/4	249/4	0.25	1/2	1/2	Chord	4/4	1	2	1/16		1/16	1	389	
17	16	125/2	125/2	0.25	9/16	9/16	Chord	4/4	1	2	1/16		1/16	1	390	
17	16	251/4	251/4	0.25	5/8	5/8	Chord	4/4	1	2	1/16		1/16	1	391	
17	16	63	63	0.25	11/16	11/16	Chord	4/4	1	2	1/16		1/16	1	392	
17	16	253/4	253/4	0.25	3/4	3/4	Chord	4/4	1	2	1/16		1/16	1	393	
17	16	241/4	241/4	1.0	0	0	Chord	4/4	2	1	1/4		1/4	1	394	
17	16	245/4	245/4	0.25	1/4	1/4	Chord	4/4	2	1	1/16		1/16	1	395	
17	16	123/2	123/2	0.25	5/16	5/16	Chord	4/4	2	1	1/16		1/16	1	396	
17	16	247/4	247/4	0.25	3/8	3/8	Chord	4/4	2	1	1/16		1/16	1	397	
17	16	62	62	0.25	7/16	7/16	Chord	4/4	2	1	1/16		1/16	1	398	
17	16	249/4	249/4	0.5	1/2	1/2	Chord	4/4	2	1	1/8		1/8	1	399	
17	16	251/4	251/4	0.5	5/8	5/8	Chord	4/4	2	1	1/8		1/8	1	400	
17	16	253/4	253/4	0.25	3/4	3/4	Chord	4/4	2	1	1/16		1/16	1	401	
17	16	127/2	127/2	0.25	13/16	13/16	Chord	4/4	2	1	1/16		1/16	1	402	
17	16	255/4	255/4	0.25	7/8	7/8	Chord	4/4	2	1	1/16		1/16	1	403	
17	16	64	64	0.25	15/16	15/16	Chord	4/4	2	1	1/16		1/16	1	404	
18	17	257/4	257/4	0.25	0	0	Chord	4/4	1	1	1/16		1/16	1	405	
18	17	129/2	129/2	0.25	1/16	1/16	Chord	4/4	1	1	1/16		1/16	1	406	
18	17	259/4	259/4	0.25	1/8	1/8	Chord	4/4	1	1	1/16		1/16	1	407	
18	17	65	65	0.25	3/16	3/16	Chord	4/4	1	1	1/16		1/16	1	408	
18	17	261/4	261/4	0.25	1/4	1/4	Chord	4/4	1	1	1/16		1/16	1	409	
18	17	131/2	131/2	0.25	5/16	5/16	Chord	4/4	1	1	1/16		1/16	1	410	
18	17	263/4	263/4	0.25	3/8	3/8	Chord	4/4	1	1	1/16		1/16	1	411	
18	17	66	66	0.25	7/16	7/16	Chord	4/4	1	1	1/16		1/16	1	412	
18	17	265/4	265/4	0.25	1/2	1/2	Chord	4/4	1	1	1/16		1/16	1	413	
18	17	133/2	133/2	0.25	9/16	9/16	Chord	4/4	1	1	1/16		1/16	1	414	
18	17	267/4	267/4	0.25	5/8	5/8	Chord	4/4	1	1	1/16		1/16	1	415	
18	17	67	67	0.25	11/16	11/16	Chord	4/4	1	1	1/16		1/16	1	416	
18	17	269/4	269/4	0.25	3/4	3/4	Chord	4/4	1	1	1/16		1/16	1	417	
18	17	135/2	135/2	0.25	13/16	13/16	Chord	4/4	1	1	1/16		1/16	1	418	
18	17	271/4	271/4	0.25	7/8	7/8	Chord	4/4	1	1	1/16		1/16	1	419	
18	17	68	68	0.25	15/16	15/16	Chord	4/4	1	1	1/16		1/16	1	420	
18	17	257/4	257/4	1.0	0	0	Chord	4/4	2	1	1/4		1/4	1	421	
18	17	261/4	261/4	0.25	1/4	1/4	Chord	4/4	2	1	1/16		1/16	1	422	
18	17	131/2	131/2	0.25	5/16	5/16	Chord	4/4	2	1	1/16		1/16	1	423	
18	17	263/4	263/4	0.25	3/8	3/8	Chord	4/4	2	1	1/16		1/16	1	424	
18	17	66	66	0.25	7/16	7/16	Chord	4/4	2	1	1/16		1/16	1	425	
18	17	265/4	265/4	1.0	1/2	1/2	Chord	4/4	2	1	1/4		1/4	1	426	
18	17	269/4	269/4	0.25	3/4	3/4	Chord	4/4	2	1	1/16		1/16	1	427	
18	17	135/2	135/2	0.25	13/16	13/16	Chord	4/4	2	1	1/16		1/16	1	428	
18	17	271/4	271/4	0.25	7/8	7/8	Chord	4/4	2	1	1/16		1/16	1	429	
18	17	68	68	0.25	15/16	15/16	Chord	4/4	2	1	1/16		1/16	1	430	
19	18	273/4	273/4	1.0	0	0	Chord	4/4	1	1	1/4		1/4	1	431	
19	18	277/4	277/4	0.25	1/4	1/4	Chord	4/4	1	1	1/16		1/16	1	432	
19	18	139/2	139/2	0.25	5/16	5/16	Chord	4/4	1	1	1/16		1/16	1	433	
19	18	279/4	279/4	0.25	3/8	3/8	Chord	4/4	1	1	1/16		1/16	1	434	
19	18	70	70	0.25	7/16	7/16	Chord	4/4	1	1	1/16		1/16	1	435	
19	18	281/4	281/4	0.5	1/2	1/2	Chord	4/4	1	1	1/8		1/8	1	436	
19	18	283/4	283/4	0.75	5/8	5/8	Chord	4/4	1	1	3/16		1/8	3/2	437	
19	18	143/2	143/2	0.25	13/16	13/16	Chord	4/4	1	1	1/16		1/16	1	438	
19	18	287/4	287/4	0.25	7/8	7/8	Chord	4/4	1	1	1/16		1/16	1	439	
19	18	72	72	0.25	15/16	15/16	Chord	4/4	1	1	1/16		1/16	1	440	
19	18	273/4	273/4	0.25	0	0	Chord	4/4	2	1	1/16		1/16	1	441	
19	18	137/2	137/2	0.25	1/16	1/16	Chord	4/4	2	1	1/16		1/16	1	442	
19	18	275/4	275/4	0.25	1/8	1/8	Chord	4/4	2	1	1/16		1/16	1	443	
19	18	69	69	0.25	3/16	3/16	Chord	4/4	2	1	1/16		1/16	1	444	
19	18	277/4	277/4	0.25	1/4	1/4	Chord	4/4	2	1	1/16		1/16	1	445	
19	18	139/2	139/2	0.25	5/16	5/16	Chord	4/4	2	1	1/16		1/16	1	446	
19	18	279/4	279/4	0.25	3/8	3/8	Chord	4/4	2	1	1/16		1/16	1	447	
19	18	70	70	0.25	7/16	7/16	Chord	4/4	2	1	1/16		1/16	1	448	
19	18	281/4	281/4	0.25	1/2	1/2	Chord	4/4	2	1	1/16		1/16	1	449	
19	18	141/2	141/2	0.25	9/16	9/16	Chord	4/4	2	1	1/16		1/16	1	450	
19	18	283/4	283/4	0.25	5/8	5/8	Chord	4/4	2	1	1/16		1/16	1	451	
19	18	71	71	0.25	11/16	11/16	Chord	4/4	2	1	1/16		1/16	1	452	
19	18	285/4	285/4	0.25	3/4	3/4	Chord	4/4	2	1	1/16		1/16	1	453	
19	18	143/2	143/2	0.25	13/16	13/16	Chord	4/4	2	1	1/16		1/16	1	454	
19	18	287/4	287/4	0.25	7/8	7/8	Chord	4/4	2	1	1/16		1/16	1	455	
19	18	72	72	0.25	15/16	15/16	Chord	4/4	2	1	1/16		1/16	1	456	
20	19	289/4	289/4	0.25	0	0	Chord	4/4	1	1	1/16		1/16	1	457	
20	19	145/2	145/2	0.25	1/16	1/16	Chord	4/4	1	1	1/16		1/16	1	458	
20	19	291/4	291/4	0.75	1/8	1/8	Chord	4/4	1	1	3/16		1/8	3/2	459	
20	19	147/2	147/2	0.25	5/16	5/16	Chord	4/4	1	1	1/16		1/16	1	460	
20	19	295/4	295/4	0.5	3/8	3/8	Chord	4/4	1	1	1/8		1/8	1	461	
20	19	297/4	297/4	1.0	1/2	1/2	Chord	4/4	1	1	1/4		1/4	1	462	
20	19	301/4	301/4	0.5	3/4	3/4	Chord	4/4	1	1	1/8		1/8	1	463	
20	19	303/4	303/4	0.5	7/8	7/8	Chord	4/4	1	1	1/8		1/8	1	464	
20	19	289/4	289/4	0.75	0	0	Chord	4/4	1	2	3/16		1/8	3/2	465	
20	19	73	73	0.25	3/16	3/16	Chord	4/4	1	2	1/16		1/16	1	466	
20	19	293/4	293/4	0.75	1/4	1/4	Chord	4/4	1	2	3/16		1/8	3/2	467	
20	19	74	74	0.25	7/16	7/16	Chord	4/4	1	2	1/16		1/16	1	468	
20	19	297/4	297/4	0.25	1/2	1/2	Chord	4/4	1	2	1/16		1/16	1	469	
20	19	149/2	149/2	0.25	9/16	9/16	Chord	4/4	1	2	1/16		1/16	1	470	
20	19	299/4	299/4	0.25	5/8	5/8	Chord	4/4	1	2	1/16		1/16	1	471	
20	19	75	75	0.25	11/16	11/16	Chord	4/4	1	2	1/16		1/16	1	472	
20	19	301/4	301/4	0.25	3/4	3/4	Chord	4/4	1	2	1/16		1/16	1	473	
20	19	151/2	151/2	0.25	13/16	13/16	Chord	4/4	1	2	1/16		1/16	1	474	
20	19	303/4	303/4	0.25	7/8	7/8	Chord	4/4	1	2	1/16		1/16	1	475	
20	19	76	76	0.25	15/16	15/16	Chord	4/4	1	2	1/16		1/16	1	476	
20	19	289/4	289/4	0.5	0	0	Chord	4/4	2	1	1/8		1/8	1	477	
20	19	291/4	291/4	0.5	1/8	1/8	Chord	4/4	2	1	1/8		1/8	1	478	
20	19	293/4	293/4	0.5	1/4	1/4	Chord	4/4	2	1	1/8		1/8	1	479	
20	19	295/4	295/4	0.5	3/8	3/8	Chord	4/4	2	1	1/8		1/8	1	480	
20	19	297/4	297/4	2.0	1/2	1/2	Chord	4/4	2	1	1/2		1/2	1	481	
21	20	305/4	305/4	0.5	0	0	Chord	4/4	1	1	1/8		1/8	1	482	
21	20	307/4	307/4	1.0	1/8	1/8	Chord	4/4	1	1	1/4		1/4	1	483	
21	20	311/4	311/4	0.5	3/8	3/8	Chord	4/4	1	1	1/8		1/8	1	484	
21	20	313/4	313/4	0.75	1/2	1/2	Chord	4/4	1	1	3/16		1/8	3/2	485	
21	20	79	79	0.25	11/16	11/16	Chord	4/4	1	1	1/16		1/16	1	486	
21	20	317/4	317/4	0.75	3/4	3/4	Chord	4/4	1	1	3/16		1/8	3/2	487	
21	20	80	80	0.25	15/16	15/16	Chord	4/4	1	1	1/16		1/16	1	488	
21	20	305/4	305/4	0.25	0	0	Chord	4/4	2	1	1/16		1/16	1	489	
21	20	153/2	153/2	0.25	1/16	1/16	Chord	4/4	2	1	1/16		1/16	1	490	
21	20	307/4	307/4	0.25	1/8	1/8	Chord	4/4	2	1	1/16		1/16	1	491	
21	20	77	77	0.25	3/16	3/16	Chord	4/4	2	1	1/16		1/16	1	492	
21	20	309/4	309/4	0.25	1/4	1/4	Chord	4/4	2	1	1/16		1/16	1	493	
21	20	155/2	155/2	0.25	5/16	5/16	Chord	4/4	2	1	1/16		1/16	1	494	
21	20	311/4	311/4	0.25	3/8	3/8	Chord	4/4	2	1	1/16		1/16	1	495	
21	20	78	78	0.25	7/16	7/16	Chord	4/4	2	1	1/16		1/16	1	496	
21	20	313/4	313/4	0.25	1/2	1/2	Chord	4/4	2	1	1/16		1/16	1	497	
21	20	157/2	157/2	0.25	9/16	9/16	Chord	4/4	2	1	1/16		1/16	1	498	
21	20	315/4	315/4	0.5	5/8	5/8	Chord	4/4	2	1	1/8		1/8	1	499	
21	20	317/4	317/4	0.25	3/4	3/4	Chord	4/4	2	1	1/16		1/16	1	500	
21	20	159/2	159/2	0.25	13/16	13/16	Chord	4/4	2	1	1/16		1/16	1	501	
21	20	319/4	319/4	0.5	7/8	7/8	Chord	4/4	2	1	1/8		1/8	1	502	
21	20	305/4	305/4	2.0	0	0	Chord	4/4	2	2	1/2		1/2	1	503	
21	20	313/4	313/4	2.0	1/2	1/2	Chord	4/4	2	2	1/2		1/2	1	504	
22	21	321/4	321/4	0.25	0	0	Chord	4/4	1	1	1/16		1/16	1	505	
22	21	161/2	161/2	0.5	1/16	1/16	Chord	4/4	1	1	1/8		1/8	1	506	
22	21	81	81	0.25	3/16	3/16	Chord	4/4	1	1	1/16		1/16	1	507	
22	21	325/4	325/4	0.75	1/4	1/4	Chord	4/4	1	1	3/16		1/8	3/2	508	
22	21	82	82	0.25	7/16	7/16	Chord	4/4	1	1	1/16		1/16	1	509	
22	21	329/4	329/4	0.0	1/2	1/2	Chord	4/4	1	1	0	appoggiatura	1/32	1	510	
22	21	329/4	329/4	1.0	1/2	1/2	Chord	4/4	1	1	1/4		1/4	1	511	
22	21	321/4	321/4	0.5	0	0	Chord	4/4	1	2	1/8		1/8	1	512	
22	21	323/4	323/4	0.5	1/8	1/8	Chord	4/4	1	2	1/8		1/8	1	513	
22	21	325/4	325/4	0.25	1/4	1/4	Chord	4/4	1	2	1/16		1/16	1	514	
22	21	163/2	163/2	0.25	5/16	5/16	Chord	4/4	1	2	1/16		1/16	1	515	
22	21	327/4	327/4	0.25	3/8	3/8	Chord	4/4	1	2	1/16		1/16	1	516	
22	21	82	82	0.25	7/16	7/16	Chord	4/4	1	2	1/16		1/16	1	517	
22	21	329/4	329/4	1.0	1/2	1/2	Chord	4/4	1	2	1/4		1/4	1	518	
22	21	321/4	321/4	2.0	0	0	Chord	4/4	2	1	1/2		1/2	1	519	
22	21	329/4	329/4	1.0	1/2	1/2	Chord	4/4	2	1	1/4		1/4	1	520	
23	21	84	84	0.25	0	15/16	Chord	4/4	1	1	1/16		1/16	1	521	
24	22	337/4	337/4	0.25	0	0	Chord	4/4	1	1	1/16		1/16	1	522	
24	22	169/2	169/2	0.25	1/16	1/16	Chord	4/4	1	1	1/16		1/16	1	523	
24	22	339/4	339/4	0.25	1/8	1/8	Chord	4/4	1	1	1/16		1/16	1	524	
24	22	85	85	0.25	3/16	3/16	Chord	4/4	1	1	1/16		1/16	1	525	
24	22	341/4	341/4	0.25	1/4	1/4	Chord	4/4	1	1	1/16		1/16	1	526	
24	22	171/2	171/2	0.25	5/16	5/16	Chord	4/4	1	1	1/16		1/16	1	527	
24	22	343/4	343/4	0.25	3/8	3/8	Chord	4/4	1	1	1/16		1/16	1	528	
24	22	86	86	0.25	7/16	7/16	Chord	4/4	1	1	1/16		1/16	1	529	
24	22	345/4	345/4	1.5	1/2	1/2	Chord	4/4	1	1	3/8		1/4	3/2	530	
24	22	351/4	351/4	0.5	7/8	7/8	Chord	4/4	1	1	1/8		1/8	1	531	
24	22	86	86	0.25	7/16	7/16	Chord	4/4	2	1	1/16		1/16	1	532	
24	22	345/4	345/4	0.25	1/2	1/2	Chord	4/4	2	1	1/16		1/16	1	533	
24	22	173/2	173/2	0.25	9/16	9/16	Chord	4/4	2	1	1/16		1/16	1	534	
24	22	347/4	347/4	0.25	5/8	5/8	Chord	4/4	2	1	1/16		1/16	1	535	
24	22	87	87	0.25	11/16	11/16	Chord	4/4	2	1	1/16		1/16	1	536	
24	22	349/4	349/4	0.25	3/4	3/4	Chord	4/4	2	1	1/16		1/16	1	537	
24	22	175/2	175/2	0.25	13/16	13/16	Chord	4/4	2	1	1/16		1/16	1	538	
24	22	351/4	351/4	0.25	7/8	7/8	Chord	4/4	2	1	1/16		1/16	1	539	
24	22	88	88	0.25	15/16	15/16	Chord	4/4	2	1	1/16		1/16	1	540	
25	23	353/4	353/4	0.5	0	0	Chord	4/4	1	1	1/8		1/8	1	541	
25	23	355/4	355/4	0.5	1/8	1/8	Chord	4/4	1	1	1/8		1/8	1	542	
25	23	357/4	357/4	0.5	1/4	1/4	Chord	4/4	1	1	1/8		1/8	1	543	
25	23	359/4	359/4	0.5	3/8	3/8	Chord	4/4	1	1	1/8		1/8	1	544	
25	23	361/4	361/4	0.5	1/2	1/2	Chord	4/4	1	1	1/8		1/8	1	545	
25	23	363/4	363/4	0.5	5/8	5/8	Chord	4/4	1	1	1/8		1/8	1	546	
25	23	365/4	365/4	0.5	3/4	3/4	Chord	4/4	1	1	1/8		1/8	1	547	
25	23	367/4	367/4	0.5	7/8	7/8	Chord	4/4	1	1	1/8		1/8	1	548	
25	23	367/4	367/4	0.5	7/8	7/8	Chord	4/4	1	2	1/8		1/8	1	549	
25	23	353/4	353/4	0.25	0	0	Chord	4/4	2	1	1/16		1/16	1	550	
25	23	177/2	177/2	0.25	1/16	1/16	Chord	4/4	2	1	1/16		1/16	1	551	
25	23	355/4	355/4	0.25	1/8	1/8	Chord	4/4	2	1	1/16		1/16	1	552	
25	23	89	89	0.25	3/16	3/16	Chord	4/4	2	1	1/16		1/16	1	553	
25	23	357/4	357/4	0.25	1/4	1/4	Chord	4/4	2	1	1/16		1/16	1	554	
25	23	179/2	179/2	0.25	5/16	5/16	Chord	4/4	2	1	1/16		1/16	1	555	
25	23	359/4	359/4	0.25	3/8	3/8	Chord	4/4	2	1	1/16		1/16	1	556	
25	23	90	90	0.25	7/16	7/16	Chord	4/4	2	1	1/16		1/16	1	557	
25	23	361/4	361/4	0.25	1/2	1/2	Chord	4/4	2	1	1/16		1/16	1	558	
25	23	181/2	181/2	0.25	9/16	9/16	Chord	4/4	2	1	1/16		1/16	1	559	
25	23	363/4	363/4	0.25	5/8	5/8	Chord	4/4	2	1	1/16		1/16	1	560	
25	23	91	91	0.25	11/16	11/16	Chord	4/4	2	1	1/16		1/16	1	561	
25	23	365/4	365/4	0.25	3/4	3/4	Chord	4/4	2	1	1/16		1/16	1	562	
25	23	183/2	183/2	0.25	13/16	13/16	Chord	4/4	2	1	1/16		1/16	1	563	
25	23	367/4	367/4	0.25	7/8	7/8	Chord	4/4	2	1	1/16		1/16	1	564	
25	23	92	92	0.25	15/16	15/16	Chord	4/4	2	1	1/16		1/16	1	565	
26	24	369/4	369/4	0.5	0	0	Chord	4/4	1	1	1/8		1/8	1	566	
26	24	371/4	371/4	0.5	1/8	1/8	Chord	4/4	1	1	1/8		1/8	1	567	
26	24	373/4	373/4	0.5	1/4	1/4	Chord	4/4	1	1	1/8		1/8	1	568	
26	24	377/4	377/4	0.5	1/2	1/2	Chord	4/4	1	1	1/8		1/8	1	569	
26	24	379/4	379/4	0.5	5/8	5/8	Chord	4/4	1	1	1/8		1/8	1	570	
26	24	381/4	381/4	0.5	3/4	3/4	Chord	4/4	1	1	1/8		1/8	1	571	
26	24	383/4	383/4	0.5	7/8	7/8	Chord	4/4	1	1	1/8		1/8	1	572	
26	24	369/4	369/4	0.5	0	0	Chord	4/4	1	2	1/8		1/8	1	573	
26	24	371/4	371/4	0.5	1/8	1/8	Chord	4/4	1	2	1/8		1/8	1	574	
26	24	373/4	373/4	0.5	1/4	1/4	Chord	4/4	1	2	1/8		1/8	1	575	
26	24	375/4	375/4	0.5	3/8	3/8	Chord	4/4	1	2	1/8		1/8	1	576	
26	24	369/4	369/4	0.25	0	0	Chord	4/4	2	1	1/16		1/16	1	577	
26	24	185/2	185/2	0.25	1/16	1/16	Chord	4/4	2	1	1/16		1/16	1	578	
26	24	371/4	371/4	0.25	1/8	1/8	Chord	4/4	2	1	1/16		1/16	1	579	
26	24	93	93	0.25	3/16	3/16	Chord	4/4	2	1	1/16		1/16	1	580	
26	24	373/4	373/4	0.25	1/4	1/4	Chord	4/4	2	1	1/16		1/16	1	581	
26	24	187/2	187/2	0.25	5/16	5/16	Chord	4/4	2	1	1/16		1/16	1	582	
26	24	375/4	375/4	0.25	3/8	3/8	Chord	4/4	2	1	1/16		1/16	1	583	
26	24	94	94	0.25	7/16	7/16	Chord	4/4	2	1	1/16		1/16	1	584	
26	24	377/4	377/4	0.25	1/2	1/2	Chord	4/4	2	1	1/16		1/16	1	585	
26	24	189/2	189/2	0.25	9/16	9/16	Chord	4/4	2	1	1/16		1/16	1	586	
26	24	379/4	379/4	0.25	5/8	5/8	Chord	4/4	2	1	1/16		1/16	1	587	
26	24	95	95	0.25	11/16	11/16	Chord	4/4	2	1	1/16		1/16	1	588	
26	24	381/4	381/4	0.25	3/4	3/4	Chord	4/4	2	1	1/16		1/16	1	589	
26	24	191/2	191/2	0.25	13/16	13/16	Chord	4/4	2	1	1/16		1/16	1	590	
26	24	383/4	383/4	0.25	7/8	7/8	Chord	4/4	2	1	1/16		1/16	1	591	
26	24	96	96	0.25	15/16	15/16	Chord	4/4	2	1	1/16		1/16	1	592	
27	25	385/4	385/4	0.25	0	0	Chord	4/4	1	1	1/16		1/16	1	593	
27	25	193/2	193/2	0.25	1/16	1/16	Chord	4/4	1	1	1/16		1/16	1	594	
27	25	387/4	387/4	0.25	1/8	1/8	Chord	4/4	1	1	1/16		1/16	1	595	
27	25	97	97	0.25	3/16	3/16	Chord	4/4	1	1	1/16		1/16	1	596	
27	25	389/4	389/4	0.25	1/4	1/4	Chord	4/4	1	1	1/16		1/16	1	597	
27	25	195/2	195/2	0.25	5/16	5/16	Chord	4/4	1	1	1/16		1/16	1	598	
27	25	391/4	391/4	0.25	3/8	3/8	Chord	4/4	1	1	1/16		1/16	1	599	
27	25	98	98	0.25	7/16	7/16	Chord	4/4	1	1	1/16		1/16	1	600	
27	25	393/4	393/4	0.25	1/2	1/2	Chord	4/4	1	1	1/16		1/16	1	601	
27	25	197/2	197/2	0.25	9/16	9/16	Chord	4/4	1	1	1/16		1/16	1	602	
27	25	395/4	395/4	0.25	5/8	5/8	Chord	4/4	1	1	1/16		1/16	1	603	
27	25	99	99	0.25	11/16	11/16	Chord	4/4	1	1	1/16		1/16	1	604	
27	25	397/4	397/4	0.25	3/4	3/4	Chord	4/4	1	1	1/16		1/16	1	605	
27	25	199/2	199/2	0.25	13/16	13/16	Chord	4/4	1	1	1/16		1/16	1	606	
27	25	399/4	399/4	0.25	7/8	7/8	Chord	4/4	1	1	1/16		1/16	1	607	
27	25	100	100	0.25	15/16	15/16	Chord	4/4	1	1	1/16		1/16	1	608	
27	25	385/4	385/4	1.0	0	0	Chord	4/4	2	1	1/4		1/4	1	609	
27	25	389/4	389/4	0.25	1/4	1/4	Chord	4/4	2	1	1/16		1/16	1	610	
27	25	195/2	195/2	0.25	5/16	5/16	Chord	4/4	2	1	1/16		1/16	1	611	
27	25	391/4	391/4	0.25	3/8	3/8	Chord	4/4	2	1	1/16		1/16	1	612	
27	25	98	98	0.25	7/16	7/16	Chord	4/4	2	1	1/16		1/16	1	613	
27	25	393/4	393/4	1.0	1/2	1/2	Chord	4/4	2	1	1/4		1/4	1	614	
27	25	397/4	397/4	0.25	3/4	3/4	Chord	4/4	2	1	1/16		1/16	1	615	
27	25	199/2	199/2	0.25	13/16	13/16	Chord	4/4	2	1	1/16		1/16	1	616	
27	25	399/4	399/4	0.25	7/8	7/8	Chord	4/4	2	1	1/16		1/16	1	617	
27	25	100	100	0.25	15/16	15/16	Chord	4/4	2	1	1/16		1/16	1	618	
28	26	401/4	401/4	0.25	0	0	Chord	4/4	1	1	1/16		1/16	1	619	
28	26	201/2	201/2	0.25	1/16	1/16	Chord	4/4	1	1	1/16		1/16	1	620	
28	26	403/4	403/4	0.25	1/8	1/8	Chord	4/4	1	1	1/16		1/16	1	621	
28	26	101	101	0.25	3/16	3/16	Chord	4/4	1	1	1/16		1/16	1	622	
28	26	405/4	405/4	0.25	1/4	1/4	Chord	4/4	1	1	1/16		1/16	1	623	
28	26	203/2	203/2	0.25	5/16	5/16	Chord	4/4	1	1	1/16		1/16	1	624	
28	26	407/4	407/4	0.25	3/8	3/8	Chord	4/4	1	1	1/16		1/16	1	625	
28	26	102	102	0.25	7/16	7/16	Chord	4/4	1	1	1/16		1/16	1	626	
28	26	409/4	409/4	1.0	1/2	1/2	Chord	4/4	1	1	1/4		1/4	1	627	
28	26	413/4	413/4	0.25	3/4	3/4	Chord	4/4	1	1	1/16		1/16	1	628	
28	26	207/2	207/2	0.25	13/16	13/16	Chord	4/4	1	1	1/16		1/16	1	629	
28	26	415/4	415/4	0.25	7/8	7/8	Chord	4/4	1	1	1/16		1/16	1	630	
28	26	104	104	0.25	15/16	15/16	Chord	4/4	1	1	1/16		1/16	1	631	
28	26	401/4	401/4	1.0	0	0	Chord	4/4	2	1	1/4		1/4	1	632	
28	26	405/4	405/4	0.25	1/4	1/4	Chord	4/4	2	1	1/16		1/16	1	633	
28	26	203/2	203/2	0.25	5/16	5/16	Chord	4/4	2	1	1/16		1/16	1	634	
28	26	407/4	407/4	0.25	3/8	3/8	Chord	4/4	2	1	1/16		1/16	1	635	
28	26	102	102	0.25	7/16	7/16	Chord	4/4	2	1	1/16		1/16	1	636	
28	26	409/4	409/4	0.25	1/2	1/2	Chord	4/4	2	1	1/16		1/16	1	637	
28	26	205/2	205/2	0.25	9/16	9/16	Chord	4/4	2	1	1/16		1/16	1	638	
28	26	411/4	411/4	0.25	5/8	5/8	Chord	4/4	2	1	1/16		1/16	1	639	
28	26	103	103	0.25	11/16	11/16	Chord	4/4	2	1	1/16		1/16	1	640	
28	26	413/4	413/4	0.25	3/4	3/4	Chord	4/4	2	1	1/16		1/16	1	641	
28	26	207/2	207/2	0.25	13/16	13/16	Chord	4/4	2	1	1/16		1/16	1	642	
28	26	415/4	415/4	0.25	7/8	7/8	Chord	4/4	2	1	1/16		1/16	1	643	
28	26	104	104	0.25	15/16	15/16	Chord	4/4	2	1	1/16		1/16	1	644	
29	27	417/4	417/4	0.5	0	0	Chord	4/4	1	1	1/8		1/8	1	645	
29	27	419/4	419/4	0.75	1/8	1/8	Chord	4/4	1	1	3/16		1/8	3/2	646	
29	27	211/2	211/2	0.25	5/16	5/16	Chord	4/4	1	1	1/16		1/16	1	647	
29	27	423/4	423/4	0.25	3/8	3/8	Chord	4/4	1	1	1/16		1/16	1	648	
29	27	106	106	0.25	7/16	7/16	Chord	4/4	1	1	1/16		1/16	1	649	
29	27	425/4	425/4	0.5	1/2	1/2	Chord	4/4	1	1	1/8		1/8	1	650	
29	27	427/4	427/4	0.25	5/8	5/8	Chord	4/4	1	1	1/16		1/16	1	651	
29	27	107	107	0.25	11/16	11/16	Chord	4/4	1	1	1/16		1/16	1	652	
29	27	429/4	429/4	0.5	3/4	3/4	Chord	4/4	1	1	1/8		1/8	1	653	
29	27	431/4	431/4	0.5	7/8	7/8	Chord	4/4	1	1	1/8		1/8	1	654	
29	27	425/4	425/4	0.25	1/2	1/2	Chord	4/4	1	2	1/16		1/16	1	655	
29	27	213/2	213/2	0.25	9/16	9/16	Chord	4/4	1	2	1/16		1/16	1	656	
29	27	427/4	427/4	0.75	5/8	5/8	Chord	4/4	1	2	3/16		1/8	3/2	657	
29	27	215/2	215/2	0.5	13/16	13/16	Chord	4/4	1	2	1/8		1/8	1	658	
29	27	108	108	0.25	15/16	15/16	Chord	4/4	1	2	1/16		1/16	1	659	
29	27	417/4	417/4	0.25	0	0	Chord	4/4	2	1	1/16		1/16	1	660	
29	27	209/2	209/2	0.25	1/16	1/16	Chord	4/4	2	1	1/16		1/16	1	661	
29	27	419/4	419/4	0.25	1/8	1/8	Chord	4/4	2	1	1/16		1/16	1	662	
29	27	105	105	0.25	3/16	3/16	Chord	4/4	2	1	1/16		1/16	1	663	
29	27	421/4	421/4	0.25	1/4	1/4	Chord	4/4	2	1	1/16		1/16	1	664	
29	27	211/2	211/2	0.25	5/16	5/16	Chord	4/4	2	1	1/16		1/16	1	665	
29	27	423/4	423/4	0.25	3/8	3/8	Chord	4/4	2	1	1/16		1/16	1	666	
29	27	106	106	0.25	7/16	7/16	Chord	4/4	2	1	1/16		1/16	1	667	
29	27	425/4	425/4	0.5	1/2	1/2	Chord	4/4	2	1	1/8		1/8	1	668	
29	27	427/4	427/4	0.5	5/8	5/8	Chord	4/4	2	1	1/8		1/8	1	669	
29	27	429/4	429/4	0.5	3/4	3/4	Chord	4/4	2	1	1/8		1/8	1	670	
29	27	431/4	431/4	0.5	7/8	7/8	Chord	4/4	2	1	1/8		1/8	1	671	
30	28	433/4	433/4	0.25	0	0	Chord	4/4	1	1	1/16		1/16	1	672	
30	28	437/4	437/4	0.5	1/4	1/4	Chord	4/4	1	1	1/8		1/8	1	673	
30	28	439/4	439/4	0.5	3/8	3/8	Chord	4/4	1	1	1/8		1/8	1	674	
30	28	441/4	441/4	0.5	1/2	1/2	Chord	4/4	1	1	1/8		1/8	1	675	
30	28	443/4	443/4	0.5	5/8	5/8	Chord	4/4	1	1	1/8		1/8	1	676	
30	28	445/4	445/4	0.5	3/4	3/4	Chord	4/4	1	1	1/8		1/8	1	677	
30	28	447/4	447/4	0.5	7/8	7/8	Chord	4/4	1	1	1/8		1/8	1	678	
30	28	433/4	433/4	0.25	0	0	Chord	4/4	1	2	1/16		1/16	1	679	
30	28	217/2	217/2	0.25	1/16	1/16	Chord	4/4	1	2	1/16		1/16	1	680	
30	28	435/4	435/4	0.25	1/8	1/8	Chord	4/4	1	2	1/16		1/16	1	681	
30	28	109	109	0.25	3/16	3/16	Chord	4/4	1	2	1/16		1/16	1	682	
30	28	437/4	437/4	0.5	1/4	1/4	Chord	4/4	2	1	1/8		1/8	1	683	
30	28	439/4	439/4	0.5	3/8	3/8	Chord	4/4	2	1	1/8		1/8	1	684	
30	28	441/4	441/4	0.25	1/2	1/2	Chord	4/4	2	1	1/16		1/16	1	685	
30	28	221/2	221/2	0.25	9/16	9/16	Chord	4/4	2	1	1/16		1/16	1	686	
30	28	443/4	443/4	0.25	5/8	5/8	Chord	4/4	2	1	1/16		1/16	1	687	
30	28	111	111	0.25	11/16	11/16	Chord	4/4	2	1	1/16		1/16	1	688	
30	28	445/4	445/4	0.5	3/4	3/4	Chord	4/4	2	1	1/8		1/8	1	689	
30	28	447/4	447/4	0.5	7/8	7/8	Chord	4/4	2	1	1/8		1/8	1	690	
30	28	433/4	433/4	0.5	0	0	Chord	4/4	2	2	1/8		1/8	1	691	
30	28	435/4	435/4	0.75	1/8	1/8	Chord	4/4	2	2	3/16		1/8	3/2	692	
30	28	219/2	219/2	0.25	5/16	5/16	Chord	4/4	2	2	1/16		1/16	1	693	
30	28	439/4	439/4	0.25	3/8	3/8	Chord	4/4	2	2	1/16		1/16	1	694	
30	28	110	110	0.25	7/16	7/16	Chord	4/4	2	2	1/16		1/16	1	695	
30	28	441/4	441/4	0.5	1/2	1/2	Chord	4/4	2	2	1/8		1/8	1	696	
30	28	443/4	443/4	0.5	5/8	5/8	Chord	4/4	2	2	1/8		1/8	1	697	
30	28	445/4	445/4	0.25	3/4	3/4	Chord	4/4	2	2	1/16		1/16	1	698	
30	28	223/2	223/2	0.25	13/16	13/16	Chord	4/4	2	2	1/16		1/16	1	699	
30	28	447/4	447/4	0.25	7/8	7/8	Chord	4/4	2	2	1/16		1/16	1	700	
30	28	112	112	0.25	15/16	15/16	Chord	4/4	2	2	1/16		1/16	1	701	
31	29	449/4	449/4	0.5	0	0	Chord	4/4	1	1	1/8		1/8	1	702	
31	29	451/4	451/4	0.5	1/8	1/8	Chord	4/4	1	1	1/8		1/8	1	703	
31	29	453/4	453/4	0.25	1/4	1/4	Chord	4/4	1	1	1/16		1/16	1	704	
31	29	227/2	227/2	0.25	5/16	5/16	Chord	4/4	1	1	1/16		1/16	1	705	
31	29	455/4	455/4	0.25	3/8	3/8	Chord	4/4	1	1	1/16		1/16	1	706	
31	29	114	114	0.25	7/16	7/16	Chord	4/4	1	1	1/16		1/16	1	707	
31	29	457/4	457/4	0.5	1/2	1/2	Chord	4/4	1	1	1/8		1/8	1	708	
31	29	459/4	459/4	0.25	5/8	5/8	Chord	4/4	1	1	1/16		1/16	1	709	
31	29	115	115	0.25	11/16	11/16	Chord	4/4	1	1	1/16		1/16	1	710	
31	29	461/4	461/4	0.5	3/4	3/4	Chord	4/4	1	1	1/8		1/8	1	711	
31	29	463/4	463/4	0.5	7/8	7/8	Chord	4/4	1	1	1/8		1/8	1	712	
31	29	449/4	449/4	0.25	0	0	Chord	4/4	1	2	1/16		1/16	1	713	
31	29	225/2	225/2	0.25	1/16	1/16	Chord	4/4	1	2	1/16		1/16	1	714	
31	29	451/4	451/4	0.25	1/8	1/8	Chord	4/4	1	2	1/16		1/16	1	715	
31	29	113	113	0.25	3/16	3/16	Chord	4/4	1	2	1/16		1/16	1	716	
31	29	453/4	453/4	0.5	1/4	1/4	Chord	4/4	1	2	1/8		1/8	1	717	
31	29	455/4	455/4	0.5	3/8	3/8	Chord	4/4	1	2	1/8		1/8	1	718	
31	29	457/4	457/4	0.25	1/2	1/2	Chord	4/4	1	2	1/16		1/16	1	719	
31	29	229/2	229/2	0.25	9/16	9/16	Chord	4/4	1	2	1/16		1/16	1	720	
31	29	459/4	459/4	0.75	5/8	5/8	Chord	4/4	1	2	3/16		1/8	3/2	721	
31	29	231/2	231/2	0.5	13/16	13/16	Chord	4/4	1	2	1/8		1/8	1	722	
31	29	116	116	0.25	15/16	15/16	Chord	4/4	1	2	1/16		1/16	1	723	
31	29	449/4	449/4	0.25	0	0	Chord	4/4	1	3	1/16		1/16	1	724	
31	29	457/4	457/4	0.5	1/2	1/2	Chord	4/4	2	1	1/8		1/8	1	725	
31	29	459/4	459/4	0.5	5/8	5/8	Chord	4/4	2	1	1/8		1/8	1	726	
31	29	461/4	461/4	0.5	3/4	3/4	Chord	4/4	2	1	1/8		1/8	1	727	
31	29	463/4	463/4	0.5	7/8	7/8	Chord	4/4	2	1	1/8		1/8	1	728	
32	30	465/4	465/4	0.25	0	0	Chord	4/4	1	1	1/16		1/16	1	729	
32	30	233/2	233/2	0.25	1/16	1/16	Chord	4/4	1	1	1/16		1/16	1	730	
32	30	467/4	467/4	0.25	1/8	1/8	Chord	4/4	1	1	1/16		1/16	1	731	
32	30	117	117	0.25	3/16	3/16	Chord	4/4	1	1	1/16		1/16	1	732	
32	30	469/4	469/4	0.25	1/4	1/4	Chord	4/4	1	1	1/16		1/16	1	733	
32	30	235/2	235/2	0.25	5/16	5/16	Chord	4/4	1	1	1/16		1/16	1	734	
32	30	471/4	471/4	0.25	3/8	3/8	Chord	4/4	1	1	1/16		1/16	1	735	
32	30	118	118	0.25	7/16	7/16	Chord	4/4	1	1	1/16		1/16	1	736	
32	30	473/4	473/4	0.25	1/2	1/2	Chord	4/4	1	1	1/16		1/16	1	737	
32	30	237/2	237/2	0.25	9/16	9/16	Chord	4/4	1	1	1/16		1/16	1	738	
32	30	475/4	475/4	0.25	5/8	5/8	Chord	4/4	1	1	1/16		1/16	1	739	
32	30	119	119	0.25	11/16	11/16	Chord	4/4	1	1	1/16		1/16	1	740	
32	30	477/4	477/4	0.25	3/4	3/4	Chord	4/4	1	1	1/16		1/16	1	741	
32	30	239/2	239/2	0.25	13/16	13/16	Chord	4/4	1	1	1/16		1/16	1	742	
32	30	479/4	479/4	0.25	7/8	7/8	Chord	4/4	1	1	1/16		1/16	1	743	
32	30	120	120	0.25	15/16	15/16	Chord	4/4	1	1	1/16		1/16	1	744	
32	30	465/4	465/4	1.0	0	0	Chord	4/4	2	1	1/4		1/4	1	745	
32	30	469/4	469/4	0.25	1/4	1/4	Chord	4/4	2	1	1/16		1/16	1	746	
32	30	235/2	235/2	0.25	5/16	5/16	Chord	4/4	2	1	1/16		1/16	1	747	
32	30	471/4	471/4	0.25	3/8	3/8	Chord	4/4	2	1	1/16		1/16	1	748	
32	30	118	118	0.25	7/16	7/16	Chord	4/4	2	1	1/16		1/16	1	749	
32	30	473/4	473/4	1.0	1/2	1/2	Chord	4/4	2	1	1/4		1/4	1	750	
32	30	477/4	477/4	0.25	3/4	3/4	Chord	4/4	2	1	1/16		1/16	1	751	
32	30	239/2	239/2	0.25	13/16	13/16	Chord	4/4	2	1	1/16		1/16	1	752	
32	30	479/4	479/4	0.25	7/8	7/8	Chord	4/4	2	1	1/16		1/16	1	753	
32	30	120	120	0.25	15/16	15/16	Chord	4/4	2	1	1/16		1/16	1	754	
33	31	481/4	481/4	0.25	0	0	Chord	4/4	1	1	1/16		1/16	1	755	
33	31	241/2	241/2	0.25	1/16	1/16	Chord	4/4	1	1	1/16		1/16	1	756	
33	31	483/4	483/4	0.25	1/8	1/8	Chord	4/4	1	1	1/16		1/16	1	757	
33	31	121	121	0.25	3/16	3/16	Chord	4/4	1	1	1/16		1/16	1	758	
33	31	485/4	485/4	0.25	1/4	1/4	Chord	4/4	1	1	1/16		1/16	1	759	
33	31	243/2	243/2	0.25	5/16	5/16	Chord	4/4	1	1	1/16		1/16	1	760	
33	31	487/4	487/4	0.25	3/8	3/8	Chord	4/4	1	1	1/16		1/16	1	761	
33	31	122	122	0.25	7/16	7/16	Chord	4/4	1	1	1/16		1/16	1	762	
33	31	489/4	489/4	1.0	1/2	1/2	Chord	4/4	1	1	1/4		1/4	1	763	
33	31	493/4	493/4	0.25	3/4	3/4	Chord	4/4	1	1	1/16		1/16	1	764	
33	31	247/2	247/2	0.25	13/16	13/16	Chord	4/4	1	1	1/16		1/16	1	765	
33	31	495/4	495/4	0.25	7/8	7/8	Chord	4/4	1	1	1/16		1/16	1	766	
33	31	124	124	0.25	15/16	15/16	Chord	4/4	1	1	1/16		1/16	1	767	
33	31	489/4	489/4	0.25	1/2	1/2	Chord	4/4	1	2	1/16		1/16	1	768	
33	31	245/2	245/2	0.25	9/16	9/16	Chord	4/4	1	2	1/16		1/16	1	769	
33	31	491/4	491/4	0.25	5/8	5/8	Chord	4/4	1	2	1/16		1/16	1	770	
33	31	123	123	0.25	11/16	11/16	Chord	4/4	1	2	1/16		1/16	1	771	
33	31	493/4	493/4	0.25	3/4	3/4	Chord	4/4	1	2	1/16		1/16	1	772	
33	31	247/2	247/2	0.25	13/16	13/16	Chord	4/4	1	2	1/16		1/16	1	773	
33	31	495/4	495/4	0.25	7/8	7/8	Chord	4/4	1	2	1/16		1/16	1	774	
33	31	124	124	0.25	15/16	15/16	Chord	4/4	1	2	1/16		1/16	1	775	
33	31	481/4	481/4	1.0	0	0	Chord	4/4	2	1	1/4		1/4	1	776	
33	31	485/4	485/4	0.25	1/4	1/4	Chord	4/4	2	1	1/16		1/16	1	777	
33	31	243/2	243/2	0.25	5/16	5/16	Chord	4/4	2	1	1/16		1/16	1	778	
33	31	487/4	487/4	0.25	3/8	3/8	Chord	4/4	2	1	1/16		1/16	1	779	
33	31	122	122	0.25	7/16	7/16	Chord	4/4	2	1	1/16		1/16	1	780	
34	32	497/4	497/4	0.5	0	0	Chord	4/4	1	1	1/8		1/8	1	781	
34	32	499/4	499/4	0.75	1/8	1/8	Chord	4/4	1	1	3/16		1/8	3/2	782	
34	32	251/2	251/2	0.25	5/16	5/16	Chord	4/4	1	1	1/16		1/16	1	783	
34	32	503/4	503/4	0.25	3/8	3/8	Chord	4/4	1	1	1/16		1/16	1	784	
34	32	126	126	0.25	7/16	7/16	Chord	4/4	1	1	1/16		1/16	1	785	
34	32	505/4	505/4	0.5	1/2	1/2	Chord	4/4	1	1	1/8		1/8	1	786	
34	32	507/4	507/4	0.25	5/8	5/8	Chord	4/4	1	1	1/16		1/16	1	787	
34	32	127	127	0.25	11/16	11/16	Chord	4/4	1	1	1/16		1/16	1	788	
34	32	509/4	509/4	0.5	3/4	3/4	Chord	4/4	1	1	1/8		1/8	1	789	
34	32	511/4	511/4	0.5	7/8	7/8	Chord	4/4	1	1	1/8		1/8	1	790	
34	32	497/4	497/4	0.25	0	0	Chord	4/4	1	2	1/16		1/16	1	791	
34	32	249/2	249/2	0.25	1/16	1/16	Chord	4/4	1	2	1/16		1/16	1	792	
34	32	499/4	499/4	0.25	1/8	1/8	Chord	4/4	1	2	1/16		1/16	1	793	
34	32	125	125	0.25	3/16	3/16	Chord	4/4	1	2	1/16		1/16	1	794	
34	32	501/4	501/4	0.25	1/4	1/4	Chord	4/4	1	2	1/16		1/16	1	795	
34	32	251/2	251/2	0.25	5/16	5/16	Chord	4/4	1	2	1/16		1/16	1	796	
34	32	503/4	503/4	0.25	3/8	3/8	Chord	4/4	1	2	1/16		1/16	1	797	
34	32	126	126	0.25	7/16	7/16	Chord	4/4	1	2	1/16		1/16	1	798	
34	32	505/4	505/4	0.25	1/2	1/2	Chord	4/4	1	2	1/16		1/16	1	799	
34	32	253/2	253/2	0.25	9/16	9/16	Chord	4/4	1	2	1/16		1/16	1	800	
34	32	507/4	507/4	0.75	5/8	5/8	Chord	4/4	1	2	3/16		1/8	3/2	801	
34	32	255/2	255/2	0.5	13/16	13/16	Chord	4/4	1	2	1/8		1/8	1	802	
34	32	128	128	0.25	15/16	15/16	Chord	4/4	1	2	1/16		1/16	1	803	
34	32	505/4	505/4	0.5	1/2	1/2	Chord	4/4	2	1	1/8		1/8	1	804	
34	32	507/4	507/4	0.5	5/8	5/8	Chord	4/4	2	1	1/8		1/8	1	805	
34	32	509/4	509/4	0.5	3/4	3/4	Chord	4/4	2	1	1/8		1/8	1	806	
34	32	511/4	511/4	0.5	7/8	7/8	Chord	4/4	2	1	1/8		1/8	1	807	
35	33	513/4	513/4	0.25	0	0	Chord	4/4	1	1	1/16		1/16	1	808	
35	33	257/2	257/2	0.25	1/16	1/16	Chord	4/4	1	1	1/16		1/16	1	809	
35	33	515/4	515/4	0.25	1/8	1/8	Chord	4/4	1	1	1/16		1/16	1	810	
35	33	129	129	0.25	3/16	3/16	Chord	4/4	1	1	1/16		1/16	1	811	
35	33	517/4	517/4	0.5	1/4	1/4	Chord	4/4	1	1	1/8		1/8	1	812	
35	33	519/4	519/4	0.5	3/8	3/8	Chord	4/4	1	1	1/8		1/8	1	813	
35	33	521/4	521/4	0.5	1/2	1/2	Chord	4/4	1	1	1/8		1/8	1	814	
35	33	523/4	523/4	0.25	5/8	5/8	Chord	4/4	1	1	1/16		1/16	1	815	
35	33	131	131	0.25	11/16	11/16	Chord	4/4	1	1	1/16		1/16	1	816	
35	33	525/4	525/4	0.5	3/4	3/4	Chord	4/4	1	1	1/8		1/8	1	817	
35	33	527/4	527/4	0.5	7/8	7/8	Chord	4/4	1	1	1/8		1/8	1	818	
35	33	521/4	521/4	0.25	1/2	1/2	Chord	4/4	1	2	1/16		1/16	1	819	
35	33	261/2	261/2	0.5	9/16	9/16	Chord	4/4	1	2	1/8		1/8	1	820	
35	33	131	131	0.25	11/16	11/16	Chord	4/4	1	2	1/16		1/16	1	821	
35	33	525/4	525/4	0.25	3/4	3/4	Chord	4/4	1	2	1/16		1/16	1	822	
35	33	263/2	263/2	0.25	13/16	13/16	Chord	4/4	1	2	1/16		1/16	1	823	
35	33	527/4	527/4	0.25	7/8	7/8	Chord	4/4	1	2	1/16		1/16	1	824	
35	33	132	132	0.25	15/16	15/16	Chord	4/4	1	2	1/16		1/16	1	825	
35	33	513/4	513/4	0.5	0	0	Chord	4/4	2	1	1/8		1/8	1	826	
35	33	515/4	515/4	0.75	1/8	1/8	Chord	4/4	2	1	3/16		1/8	3/2	827	
35	33	259/2	259/2	0.25	5/16	5/16	Chord	4/4	2	1	1/16		1/16	1	828	
35	33	519/4	519/4	0.25	3/8	3/8	Chord	4/4	2	1	1/16		1/16	1	829	
35	33	130	130	0.25	7/16	7/16	Chord	4/4	2	1	1/16		1/16	1	830	
35	33	521/4	521/4	0.5	1/2	1/2	Chord	4/4	2	1	1/8		1/8	1	831	
35	33	523/4	523/4	0.5	5/8	5/8	Chord	4/4	2	1	1/8		1/8	1	832	
36	34	529/4	529/4	0.25	0	0	Chord	4/4	1	1	1/16		1/16	1	833	
36	34	265/2	265/2	0.25	1/16	1/16	Chord	4/4	1	1	1/16		1/16	1	834	
36	34	531/4	531/4	0.25	1/8	1/8	Chord	4/4	1	1	1/16		1/16	1	835	
36	34	133	133	0.25	3/16	3/16	Chord	4/4	1	1	1/16		1/16	1	836	
36	34	533/4	533/4	0.25	1/4	1/4	Chord	4/4	1	1	1/16		1/16	1	837	
36	34	267/2	267/2	0.25	5/16	5/16	Chord	4/4	1	1	1/16		1/16	1	838	
36	34	535/4	535/4	0.25	3/8	3/8	Chord	4/4	1	1	1/16		1/16	1	839	
36	34	134	134	0.25	7/16	7/16	Chord	4/4	1	1	1/16		1/16	1	840	
36	34	537/4	537/4	0.25	1/2	1/2	Chord	4/4	1	1	1/16		1/16	1	841	
36	34	269/2	269/2	0.25	9/16	9/16	Chord	4/4	1	1	1/16		1/16	1	842	
36	34	539/4	539/4	0.25	5/8	5/8	Chord	4/4	1	1	1/16		1/16	1	843	
36	34	135	135	0.25	11/16	11/16	Chord	4/4	1	1	1/16		1/16	1	844	
36	34	541/4	541/4	0.25	3/4	3/4	Chord	4/4	1	1	1/16		1/16	1	845	
36	34	271/2	271/2	0.25	13/16	13/16	Chord	4/4	1	1	1/16		1/16	1	846	
36	34	543/4	543/4	0.25	7/8	7/8	Chord	4/4	1	1	1/16		1/16	1	847	
36	34	136	136	0.25	15/16	15/16	Chord	4/4	1	1	1/16		1/16	1	848	
36	34	529/4	529/4	1.0	0	0	Chord	4/4	2	1	1/4		1/4	1	849	
36	34	533/4	533/4	0.25	1/4	1/4	Chord	4/4	2	1	1/16		1/16	1	850	
36	34	267/2	267/2	0.25	5/16	5/16	Chord	4/4	2	1	1/16		1/16	1	851	
36	34	535/4	535/4	0.25	3/8	3/8	Chord	4/4	2	1	1/16		1/16	1	852	
36	34	134	134	0.25	7/16	7/16	Chord	4/4	2	1	1/16		1/16	1	853	
36	34	537/4	537/4	1.0	1/2	1/2	Chord	4/4	2	1	1/4		1/4	1	854	
36	34	541/4	541/4	0.25	3/4	3/4	Chord	4/4	2	1	1/16		1/16	1	855	
36	34	271/2	271/2	0.25	13/16	13/16	Chord	4/4	2	1	1/16		1/16	1	856	
36	34	543/4	543/4	0.25	7/8	7/8	Chord	4/4	2	1	1/16		1/16	1	857	
36	34	136	136	0.25	15/16	15/16	Chord	4/4	2	1	1/16		1/16	1	858	
37	35	545/4	545/4	0.25	0	0	Chord	4/4	1	1	1/16		1/16	1	859	
37	35	273/2	273/2	0.25	1/16	1/16	Chord	4/4	1	1	1/16		1/16	1	860	
37	35	547/4	547/4	0.25	1/8	1/8	Chord	4/4	1	1	1/16		1/16	1	861	
37	35	137	137	0.25	3/16	3/16	Chord	4/4	1	1	1/16		1/16	1	862	
37	35	549/4	549/4	0.25	1/4	1/4	Chord	4/4	1	1	1/16		1/16	1	863	
37	35	275/2	275/2	0.25	5/16	5/16	Chord	4/4	1	1	1/16		1/16	1	864	
37	35	551/4	551/4	0.25	3/8	3/8	Chord	4/4	1	1	1/16		1/16	1	865	
37	35	138	138	0.25	7/16	7/16	Chord	4/4	1	1	1/16		1/16	1	866	
37	35	553/4	553/4	0.25	1/2	1/2	Chord	4/4	1	1	1/16		1/16	1	867	
37	35	277/2	277/2	0.25	9/16	9/16	Chord	4/4	1	1	1/16		1/16	1	868	
37	35	555/4	555/4	0.25	5/8	5/8	Chord	4/4	1	1	1/16		1/16	1	869	
37	35	139	139	0.25	11/16	11/16	Chord	4/4	1	1	1/16		1/16	1	870	
37	35	557/4	557/4	0.25	3/4	3/4	Chord	4/4	1	1	1/16		1/16	1	871	
37	35	279/2	279/2	0.25	13/16	13/16	Chord	4/4	1	1	1/16		1/16	1	872	
37	35	559/4	559/4	0.25	7/8	7/8	Chord	4/4	1	1	1/16		1/16	1	873	
37	35	140	140	0.25	15/16	15/16	Chord	4/4	1	1	1/16		1/16	1	874	
37	35	545/4	545/4	1.0	0	0	Chord	4/4	2	1	1/4		1/4	1	875	
37	35	549/4	549/4	0.25	1/4	1/4	Chord	4/4	2	1	1/16		1/16	1	876	
37	35	275/2	275/2	0.25	5/16	5/16	Chord	4/4	2	1	1/16		1/16	1	877	
37	35	551/4	551/4	0.25	3/8	3/8	Chord	4/4	2	1	1/16		1/16	1	878	
37	35	138	138	0.25	7/16	7/16	Chord	4/4	2	1	1/16		1/16	1	879	
37	35	553/4	553/4	1.0	1/2	1/2	Chord	4/4	2	1	1/4		1/4	1	880	
37	35	557/4	557/4	0.25	3/4	3/4	Chord	4/4	2	1	1/16		1/16	1	881	
37	35	279/2	279/2	0.25	13/16	13/16	Chord	4/4	2	1	1/16		1/16	1	882	
37	35	559/4	559/4	0.25	7/8	7/8	Chord	4/4	2	1	1/16		1/16	1	883	
37	35	140	140	0.25	15/16	15/16	Chord	4/4	2	1	1/16		1/16	1	884	
38	36	561/4	561/4	0.5	0	0	Chord	4/4	1	1	1/8		1/8	1	885	
38	36	565/4	565/4	0.25	1/4	1/4	Chord	4/4	1	1	1/16		1/16	1	886	
38	36	283/2	283/2	0.25	5/16	5/16	Chord	4/4	1	1	1/16		1/16	1	887	
38	36	567/4	567/4	0.25	3/8	3/8	Chord	4/4	1	1	1/16		1/16	1	888	
38	36	142	142	0.25	7/16	7/16	Chord	4/4	1	1	1/16		1/16	1	889	
38	36	569/4	569/4	0.5	1/2	1/2	Chord	4/4	1	1	1/8		1/8	1	890	
38	36	571/4	571/4	0.75	5/8	5/8	Chord	4/4	1	1	3/16		1/8	3/2	891	
38	36	287/2	287/2	0.25	13/16	13/16	Chord	4/4	1	1	1/16		1/16	1	892	
38	36	575/4	575/4	0.25	7/8	7/8	Chord	4/4	1	1	1/16		1/16	1	893	
38	36	144	144	0.25	15/16	15/16	Chord	4/4	1	1	1/16		1/16	1	894	
38	36	561/4	561/4	1.0	0	0	Chord	4/4	1	2	1/4		1/4	1	895	
38	36	561/4	561/4	0.25	0	0	Chord	4/4	2	1	1/16		1/16	1	896	
38	36	281/2	281/2	0.25	1/16	1/16	Chord	4/4	2	1	1/16		1/16	1	897	
38	36	563/4	563/4	0.25	1/8	1/8	Chord	4/4	2	1	1/16		1/16	1	898	
38	36	141	141	0.25	3/16	3/16	Chord	4/4	2	1	1/16		1/16	1	899	
38	36	565/4	565/4	0.25	1/4	1/4	Chord	4/4	2	1	1/16		1/16	1	900	
38	36	283/2	283/2	0.25	5/16	5/16	Chord	4/4	2	1	1/16		1/16	1	901	
38	36	567/4	567/4	0.25	3/8	3/8	Chord	4/4	2	1	1/16		1/16	1	902	
38	36	142	142	0.25	7/16	7/16	Chord	4/4	2	1	1/16		1/16	1	903	
38	36	569/4	569/4	0.25	1/2	1/2	Chord	4/4	2	1	1/16		1/16	1	904	
38	36	285/2	285/2	0.25	9/16	9/16	Chord	4/4	2	1	1/16		1/16	1	905	
38	36	571/4	571/4	0.25	5/8	5/8	Chord	4/4	2	1	1/16		1/16	1	906	
38	36	143	143	0.25	11/16	11/16	Chord	4/4	2	1	1/16		1/16	1	907	
38	36	573/4	573/4	0.25	3/4	3/4	Chord	4/4	2	1	1/16		1/16	1	908	
38	36	287/2	287/2	0.25	13/16	13/16	Chord	4/4	2	1	1/16		1/16	1	909	
38	36	575/4	575/4	0.25	7/8	7/8	Chord	4/4	2	1	1/16		1/16	1	910	
38	36	144	144	0.25	15/16	15/16	Chord	4/4	2	1	1/16		1/16	1	911	
39	37	577/4	577/4	0.25	0	0	Chord	4/4	1	1	1/16		1/16	1	912	
39	37	289/2	289/2	0.25	1/16	1/16	Chord	4/4	1	1	1/16		1/16	1	913	
39	37	579/4	579/4	0.75	1/8	1/8	Chord	4/4	1	1	3/16		1/8	3/2	914	
39	37	291/2	291/2	0.5	5/16	5/16	Chord	4/4	1	1	1/8		1/8	1	915	
39	37	146	146	0.25	7/16	7/16	Chord	4/4	1	1	1/16		1/16	1	916	
39	37	585/4	585/4	0.5	1/2	1/2	Chord	4/4	1	1	1/8		1/8	1	917	
39	37	589/4	589/4	0.5	3/4	3/4	Chord	4/4	1	1	1/8		1/8	1	918	
39	37	591/4	591/4	0.5	7/8	7/8	Chord	4/4	1	1	1/8		1/8	1	919	
39	37	579/4	579/4	0.25	1/8	1/8	Chord	4/4	1	2	1/16		1/16	1	920	
39	37	145	145	0.25	3/16	3/16	Chord	4/4	1	2	1/16		1/16	1	921	
39	37	581/4	581/4	0.5	1/4	1/4	Chord	4/4	1	2	1/8		1/8	1	922	
39	37	583/4	583/4	0.5	3/8	3/8	Chord	4/4	1	2	1/8		1/8	1	923	
39	37	585/4	585/4	0.25	1/2	1/2	Chord	4/4	1	2	1/16		1/16	1	924	
39	37	293/2	293/2	0.25	9/16	9/16	Chord	4/4	1	2	1/16		1/16	1	925	
39	37	587/4	587/4	0.25	5/8	5/8	Chord	4/4	1	2	1/16		1/16	1	926	
39	37	147	147	0.25	11/16	11/16	Chord	4/4	1	2	1/16		1/16	1	927	
39	37	589/4	589/4	0.25	3/4	3/4	Chord	4/4	1	2	1/16		1/16	1	928	
39	37	295/2	295/2	0.25	13/16	13/16	Chord	4/4	1	2	1/16		1/16	1	929	
39	37	591/4	591/4	0.25	7/8	7/8	Chord	4/4	1	2	1/16		1/16	1	930	
39	37	148	148	0.25	15/16	15/16	Chord	4/4	1	2	1/16		1/16	1	931	
39	37	577/4	577/4	0.5	0	0	Chord	4/4	2	1	1/8		1/8	1	932	
39	37	579/4	579/4	0.5	1/8	1/8	Chord	4/4	2	1	1/8		1/8	1	933	
39	37	581/4	581/4	0.5	1/4	1/4	Chord	4/4	2	1	1/8		1/8	1	934	
39	37	583/4	583/4	0.5	3/8	3/8	Chord	4/4	2	1	1/8		1/8	1	935	
39	37	585/4	585/4	2.0	1/2	1/2	Chord	4/4	2	1	1/2		1/2	1	936	
40	38	593/4	593/4	0.5	0	0	Chord	4/4	1	1	1/8		1/8	1	937	
40	38	595/4	595/4	1.0	1/8	1/8	Chord	4/4	1	1	1/4		1/4	1	938	
40	38	599/4	599/4	0.5	3/8	3/8	Chord	4/4	1	1	1/8		1/8	1	939	
40	38	601/4	601/4	0.75	1/2	1/2	Chord	4/4	1	1	3/16		1/8	3/2	940	
40	38	151	151	0.25	11/16	11/16	Chord	4/4	1	1	1/16		1/16	1	941	
40	38	605/4	605/4	0.5	3/4	3/4	Chord	4/4	1	1	1/8		1/8	1	942	
40	38	607/4	607/4	0.5	7/8	7/8	Chord	4/4	1	1	1/8		1/8	1	943	
40	38	593/4	593/4	0.25	0	0	Chord	4/4	1	2	1/16		1/16	1	944	
40	38	297/2	297/2	0.25	1/16	1/16	Chord	4/4	1	2	1/16		1/16	1	945	
40	38	595/4	595/4	0.25	1/8	1/8	Chord	4/4	1	2	1/16		1/16	1	946	
40	38	149	149	0.25	3/16	3/16	Chord	4/4	1	2	1/16		1/16	1	947	
40	38	597/4	597/4	0.25	1/4	1/4	Chord	4/4	1	2	1/16		1/16	1	948	
40	38	299/2	299/2	0.25	5/16	5/16	Chord	4/4	1	2	1/16		1/16	1	949	
40	38	599/4	599/4	0.25	3/8	3/8	Chord	4/4	1	2	1/16		1/16	1	950	
40	38	150	150	0.25	7/16	7/16	Chord	4/4	1	2	1/16		1/16	1	951	
40	38	601/4	601/4	0.25	1/2	1/2	Chord	4/4	1	2	1/16		1/16	1	952	
40	38	301/2	301/2	0.25	9/16	9/16	Chord	4/4	1	2	1/16		1/16	1	953	
40	38	603/4	603/4	0.5	5/8	5/8	Chord	4/4	1	2	1/8		1/8	1	954	
40	38	605/4	605/4	0.25	3/4	3/4	Chord	4/4	1	2	1/16		1/16	1	955	
40	38	303/2	303/2	0.5	13/16	13/16	Chord	4/4	1	2	1/8		1/8	1	956	
40	38	152	152	0.25	15/16	15/16	Chord	4/4	1	2	1/16		1/16	1	957	
40	38	593/4	593/4	2.0	0	0	Chord	4/4	2	1	1/2		1/2	1	958	
40	38	601/4	601/4	2.0	1/2	1/2	Chord	4/4	2	1	1/2		1/2	1	959	
41	39	609/4	609/4	0.75	0	0	Chord	4/4	1	1	3/16		1/8	3/2	960	
41	39	153	153	0.25	3/16	3/16	Chord	4/4	1	1	1/16		1/16	1	961	
41	39	613/4	613/4	0.5	1/4	1/4	Chord	4/4	1	1	1/8		1/8	1	962	
41	39	615/4	615/4	0.5	3/8	3/8	Chord	4/4	1	1	1/8		1/8	1	963	
41	39	617/4	617/4	0.0	1/2	1/2	Chord	4/4	1	1	0	appoggiatura	1/32	1	964	
41	39	617/4	617/4	1.0	1/2	1/2	Chord	4/4	1	1	1/4		1/4	1	965	
41	39	609/4	609/4	0.25	0	0	Chord	4/4	1	2	1/16		1/16	1	966	
41	39	305/2	305/2	0.25	1/16	1/16	Chord	4/4	1	2	1/16		1/16	1	967	
41	39	611/4	611/4	0.25	1/8	1/8	Chord	4/4	1	2	1/16		1/16	1	968	
41	39	153	153	0.25	3/16	3/16	Chord	4/4	1	2	1/16		1/16	1	969	
41	39	613/4	613/4	0.25	1/4	1/4	Chord	4/4	1	2	1/16		1/16	1	970	
41	39	307/2	307/2	0.25	5/16	5/16	Chord	4/4	1	2	1/16		1/16	1	971	
41	39	615/4	615/4	0.25	3/8	3/8	Chord	4/4	1	2	1/16		1/16	1	972	
41	39	154	154	0.25	7/16	7/16	Chord	4/4	1	2	1/16		1/16	1	973	
41	39	617/4	617/4	1.0	1/2	1/2	Chord	4/4	1	2	1/4		1/4	1	974	
41	39	609/4	609/4	2.0	0	0	Chord	4/4	2	1	1/2		1/2	1	975	
41	39	617/4	617/4	1.0	1/2	1/2	Chord	4/4	2	1	1/4		1/4	1	976	
