mc	mn	quarterbeats	quarterbeats_all_endings	duration_qb	mc_onset	mn_onset	timesig	staff	voice	duration	gracenote	nominal_duration	scalar	tied	tpc	midi	name	octave	chord_id
1	1	0	0	2.0	0	0	2/2	2	1	1/2		1/2	1		4	40	E2	2	4
1	1	1	1	0.5	1/4	1/4	2/2	1	1	1/8		1/8	1		4	76	E5	5	0
1	1	3/2	3/2	0.5	3/8	3/8	2/2	1	1	1/8		1/8	1		8	80	G#5	5	1
1	1	2	2	1.0	1/2	1/2	2/2	1	1	1/4		1/4	1		4	76	E5	5	2
1	1	3	3	1.0	3/4	3/4	2/2	1	1	1/4		1/4	1		5	71	B4	4	3
2	2	4	4	1.0	0	0	2/2	1	1	1/4		1/4	1		8	68	G#4	4	5
2	2	5	5	0.5	1/4	1/4	2/2	2	1	1/8		1/8	1		4	64	E4	4	8
2	2	5	5	2.0	1/4	1/4	2/2	1	1	1/2		1/2	1		4	76	E5	5	6
2	2	5	5	2.0	1/4	1/4	2/2	1	1	1/2		1/2	1		8	80	G#5	5	6
2	2	11/2	11/2	0.5	3/8	3/8	2/2	2	1	1/8		1/8	1		8	68	G#4	4	9
2	2	6	6	1.0	1/2	1/2	2/2	2	1	1/4		1/4	1		4	64	E4	4	10
2	2	7	7	1.0	3/4	3/4	2/2	2	1	1/4		1/4	1		5	59	B3	3	11
2	2	7	7	1.0	3/4	3/4	2/2	1	1	1/4		1/4	1		9	75	D#5	5	7
2	2	7	7	1.0	3/4	3/4	2/2	1	1	1/4		1/4	1		6	78	F#5	5	7
3	3	8	8	1.0	0	0	2/2	2	1	1/4		1/4	1		8	56	G#3	3	15
3	3	8	8	1.0	0	0	2/2	1	1	1/4		1/4	1		4	76	E5	5	12
3	3	9	9	0.5	1/4	1/4	2/2	2	1	1/8		1/8	1		4	52	E3	3	16
3	3	9	9	2.0	1/4	1/4	2/2	1	1	1/2		1/2	1		8	80	G#5	5	13
3	3	9	9	2.0	1/4	1/4	2/2	1	1	1/2		1/2	1		5	83	B5	5	13
3	3	19/2	19/2	0.5	3/8	3/8	2/2	2	1	1/8		1/8	1		8	56	G#3	3	17
3	3	10	10	1.0	1/2	1/2	2/2	2	1	1/4		1/4	1		4	52	E3	3	18
3	3	11	11	1.0	3/4	3/4	2/2	2	1	1/4		1/4	1		5	47	B2	2	19
3	3	11	11	1.0	3/4	3/4	2/2	1	1	1/4		1/4	1		6	78	F#5	5	14
3	3	11	11	1.0	3/4	3/4	2/2	1	1	1/4		1/4	1	1	3	81	A5	5	14
4	4	12	12	1.0	0	0	2/2	2	1	1/4		1/4	1		4	40	E2	2	28
4	4	12	12	0.5	0	0	2/2	1	1	1/8		1/8	1	-1	3	81	A5	5	20
4	4	25/2	25/2	0.5	1/8	1/8	2/2	1	1	1/8		1/8	1		8	80	G#5	5	21
4	4	13	13	1.0	1/4	1/4	2/2	2	1	1/4		1/4	1		4	52	E3	3	29
4	4	13	13	0.5	1/4	1/4	2/2	1	1	1/8		1/8	1		6	78	F#5	5	22
4	4	27/2	27/2	0.5	3/8	3/8	2/2	1	1	1/8		1/8	1		8	80	G#5	5	23
4	4	14	14	1.0	1/2	1/2	2/2	2	1	1/4		1/4	1		6	54	F#3	3	30
4	4	14	14	0.5	1/2	1/2	2/2	1	1	1/8		1/8	1		5	83	B5	5	24
4	4	29/2	29/2	0.5	5/8	5/8	2/2	1	1	1/8		1/8	1		3	81	A5	5	25
4	4	15	15	1.0	3/4	3/4	2/2	2	1	1/4		1/4	1		5	47	B2	2	31
4	4	15	15	0.5	3/4	3/4	2/2	1	1	1/8		1/8	1		8	80	G#5	5	26
4	4	31/2	31/2	0.5	7/8	7/8	2/2	1	1	1/8		1/8	1		6	78	F#5	5	27
5	5	16	16	1.0	0	0	2/2	2	1	1/4		1/4	1		4	40	E2	2	40
5	5	16	16	0.5	0	0	2/2	1	1	1/8		1/8	1		3	81	A5	5	32
5	5	33/2	33/2	0.5	1/8	1/8	2/2	1	1	1/8		1/8	1		8	80	G#5	5	33
5	5	17	17	1.0	1/4	1/4	2/2	2	1	1/4		1/4	1		4	52	E3	3	41
5	5	17	17	0.5	1/4	1/4	2/2	1	1	1/8		1/8	1		6	78	F#5	5	34
5	5	35/2	35/2	0.5	3/8	3/8	2/2	1	1	1/8		1/8	1		8	80	G#5	5	35
5	5	18	18	1.0	1/2	1/2	2/2	2	1	1/4		1/4	1		6	54	F#3	3	42
5	5	18	18	0.5	1/2	1/2	2/2	1	1	1/8		1/8	1		5	83	B5	5	36
5	5	37/2	37/2	0.5	5/8	5/8	2/2	1	1	1/8		1/8	1		3	81	A5	5	37
5	5	19	19	1.0	3/4	3/4	2/2	2	1	1/4		1/4	1		5	47	B2	2	43
5	5	19	19	0.5	3/4	3/4	2/2	1	1	1/8		1/8	1		8	80	G#5	5	38
5	5	39/2	39/2	0.5	7/8	7/8	2/2	1	1	1/8		1/8	1		6	78	F#5	5	39
6	6	20	20	1.0	0	0	2/2	2	1	1/4		1/4	1		4	40	E2	2	52
6	6	20	20	0.5	0	0	2/2	1	1	1/8		1/8	1		3	81	A5	5	44
6	6	41/2	41/2	0.5	1/8	1/8	2/2	1	1	1/8		1/8	1		8	80	G#5	5	45
6	6	21	21	1.0	1/4	1/4	2/2	2	1	1/4		1/4	1		4	52	E3	3	53
6	6	21	21	0.5	1/4	1/4	2/2	1	1	1/8		1/8	1		6	78	F#5	5	46
6	6	43/2	43/2	0.5	3/8	3/8	2/2	1	1	1/8		1/8	1		8	80	G#5	5	47
6	6	22	22	1.0	1/2	1/2	2/2	2	1	1/4		1/4	1		6	54	F#3	3	54
6	6	22	22	0.5	1/2	1/2	2/2	1	1	1/8		1/8	1		5	83	B5	5	48
6	6	45/2	45/2	0.5	5/8	5/8	2/2	1	1	1/8		1/8	1		3	81	A5	5	49
6	6	23	23	1.0	3/4	3/4	2/2	2	1	1/4		1/4	1		5	47	B2	2	55
6	6	23	23	0.5	3/4	3/4	2/2	1	1	1/8		1/8	1		8	80	G#5	5	50
6	6	47/2	47/2	0.5	7/8	7/8	2/2	1	1	1/8		1/8	1		6	78	F#5	5	51
7	7	24	24	2.0	0	0	2/2	2	1	1/2		1/2	1		4	40	E2	2	64
7	7	24	24	0.5	0	0	2/2	1	1	1/8		1/8	1		8	80	G#5	5	56
7	7	49/2	49/2	0.5	1/8	1/8	2/2	1	1	1/8		1/8	1		4	76	E5	5	57
7	7	25	25	0.5	1/4	1/4	2/2	1	1	1/8		1/8	1		5	71	B4	4	58
7	7	51/2	51/2	0.5	3/8	3/8	2/2	1	1	1/8		1/8	1		8	68	G#4	4	59
7	7	26	26	0.5	1/2	1/2	2/2	1	1	1/8		1/8	1		4	64	E4	4	60
7	7	53/2	53/2	0.5	5/8	5/8	2/2	1	1	1/8		1/8	1		5	59	B3	3	61
7	7	27	27	0.5	3/4	3/4	2/2	1	1	1/8		1/8	1		8	56	G#3	3	62
7	7	55/2	55/2	0.5	7/8	7/8	2/2	1	1	1/8		1/8	1		4	52	E3	3	63
8	8	28	28	2.0	0	0	2/2	2	1	1/2		1/2	1		4	40	E2	2	67
8	8	31	31	1.0	3/4	3/4	2/2	2	1	1/4		1/4	1		4	64	E4	4	68
8	8	31	31	1.0	3/4	3/4	2/2	2	1	1/4		1/4	1		8	68	G#4	4	68
8	8	31	31	0.5	3/4	3/4	2/2	1	1	1/8		1/8	1		8	80	G#5	5	65
8	8	63/2	63/2	0.5	7/8	7/8	2/2	1	1	1/8		1/8	1		4	76	E5	5	66
9	9	32	32	1.0	0	0	2/2	2	1	1/4		1/4	1		9	63	D#4	4	74
9	9	32	32	1.0	0	0	2/2	2	1	1/4		1/4	1		6	66	F#4	4	74
9	9	32	32	1.0	0	0	2/2	1	1	1/4		1/4	1		10	82	A#5	5	69
9	9	33	33	1.0	1/4	1/4	2/2	2	1	1/4		1/4	1		9	63	D#4	4	75
9	9	33	33	1.0	1/4	1/4	2/2	2	1	1/4		1/4	1		6	66	F#4	4	75
9	9	33	33	2.0	1/4	1/4	2/2	1	1	1/2		1/2	1		5	83	B5	5	70
9	9	34	34	1.0	1/2	1/2	2/2	2	1	1/4		1/4	1		4	64	E4	4	76
9	9	34	34	1.0	1/2	1/2	2/2	2	1	1/4		1/4	1		8	68	G#4	4	76
9	9	34	34	2.0	1/2	1/2	2/2	1	2	1/2		1/2	1	1	5	71	B4	4	73
9	9	35	35	1.0	3/4	3/4	2/2	2	1	1/4		1/4	1		4	64	E4	4	77
9	9	35	35	1.0	3/4	3/4	2/2	2	1	1/4		1/4	1		8	68	G#4	4	77
9	9	35	35	0.5	3/4	3/4	2/2	1	1	1/8		1/8	1		8	80	G#5	5	71
9	9	71/2	71/2	0.5	7/8	7/8	2/2	1	1	1/8		1/8	1		4	76	E5	5	72
10	10	36	36	1.0	0	0	2/2	2	1	1/4		1/4	1		9	63	D#4	4	84
10	10	36	36	1.0	0	0	2/2	2	1	1/4		1/4	1		6	66	F#4	4	84
10	10	36	36	2.0	0	0	2/2	1	2	1/2		1/2	1	-1	5	71	B4	4	82
10	10	36	36	1.0	0	0	2/2	1	1	1/4		1/4	1		11	77	E#5	5	78
10	10	37	37	1.0	1/4	1/4	2/2	2	1	1/4		1/4	1		9	63	D#4	4	85
10	10	37	37	1.0	1/4	1/4	2/2	2	1	1/4		1/4	1		6	66	F#4	4	85
10	10	37	37	2.0	1/4	1/4	2/2	1	1	1/2		1/2	1		6	78	F#5	5	79
10	10	38	38	1.0	1/2	1/2	2/2	2	1	1/4		1/4	1		4	64	E4	4	86
10	10	38	38	1.0	1/2	1/2	2/2	2	1	1/4		1/4	1		8	68	G#4	4	86
10	10	38	38	2.0	1/2	1/2	2/2	1	2	1/2		1/2	1	1	5	71	B4	4	83
10	10	39	39	1.0	3/4	3/4	2/2	2	1	1/4		1/4	1		4	64	E4	4	87
10	10	39	39	1.0	3/4	3/4	2/2	2	1	1/4		1/4	1		8	68	G#4	4	87
10	10	39	39	0.5	3/4	3/4	2/2	1	1	1/8		1/8	1		8	80	G#5	5	80
10	10	79/2	79/2	0.5	7/8	7/8	2/2	1	1	1/8		1/8	1		4	76	E5	5	81
11	11	40	40	1.0	0	0	2/2	2	1	1/4		1/4	1		9	63	D#4	4	94
11	11	40	40	1.0	0	0	2/2	2	1	1/4		1/4	1		6	66	F#4	4	94
11	11	40	40	2.0	0	0	2/2	1	2	1/2		1/2	1	-1	5	71	B4	4	92
11	11	40	40	1.0	0	0	2/2	1	1	1/4		1/4	1		10	82	A#5	5	88
11	11	41	41	1.0	1/4	1/4	2/2	2	1	1/4		1/4	1		9	63	D#4	4	95
11	11	41	41	1.0	1/4	1/4	2/2	2	1	1/4		1/4	1		6	66	F#4	4	95
11	11	41	41	2.0	1/4	1/4	2/2	1	1	1/2		1/2	1		5	83	B5	5	89
11	11	42	42	1.0	1/2	1/2	2/2	2	1	1/4		1/4	1		4	64	E4	4	96
11	11	42	42	1.0	1/2	1/2	2/2	2	1	1/4		1/4	1		8	68	G#4	4	96
11	11	42	42	2.0	1/2	1/2	2/2	1	2	1/2		1/2	1	1	5	71	B4	4	93
11	11	43	43	1.0	3/4	3/4	2/2	2	1	1/4		1/4	1		4	64	E4	4	97
11	11	43	43	1.0	3/4	3/4	2/2	2	1	1/4		1/4	1		8	68	G#4	4	97
11	11	43	43	0.5	3/4	3/4	2/2	1	1	1/8		1/8	1		8	80	G#5	5	90
11	11	87/2	87/2	0.5	7/8	7/8	2/2	1	1	1/8		1/8	1		4	76	E5	5	91
12	12	44	44	1.0	0	0	2/2	2	1	1/4		1/4	1		9	63	D#4	4	103
12	12	44	44	1.0	0	0	2/2	2	1	1/4		1/4	1		6	66	F#4	4	103
12	12	44	44	2.0	0	0	2/2	1	2	1/2		1/2	1	-1	5	71	B4	4	102
12	12	44	44	1.0	0	0	2/2	1	1	1/4		1/4	1		11	77	E#5	5	98
12	12	45	45	1.0	1/4	1/4	2/2	2	1	1/4		1/4	1		9	63	D#4	4	104
12	12	45	45	1.0	1/4	1/4	2/2	2	1	1/4		1/4	1		6	66	F#4	4	104
12	12	45	45	2.0	1/4	1/4	2/2	1	1	1/2		1/2	1		6	78	F#5	5	99
12	12	46	46	1.0	1/2	1/2	2/2	2	1	1/4		1/4	1		4	64	E4	4	105
12	12	46	46	1.0	1/2	1/2	2/2	2	1	1/4		1/4	1		8	68	G#4	4	105
12	12	47	47	1.0	3/4	3/4	2/2	2	1	1/4		1/4	1		4	64	E4	4	106
12	12	47	47	1.0	3/4	3/4	2/2	2	1	1/4		1/4	1		8	68	G#4	4	106
12	12	47	47	0.5	3/4	3/4	2/2	1	1	1/8		1/8	1		8	80	G#5	5	100
12	12	95/2	95/2	0.5	7/8	7/8	2/2	1	1	1/8		1/8	1		4	76	E5	5	101
13	13	48	48	1.0	0	0	2/2	2	1	1/4		1/4	1		9	63	D#4	4	115
13	13	48	48	1.0	0	0	2/2	2	1	1/4		1/4	1		6	66	F#4	4	115
13	13	48	48	0.5	0	0	2/2	1	1	1/8		1/8	1		5	83	B5	5	107
13	13	97/2	97/2	0.5	1/8	1/8	2/2	1	1	1/8		1/8	1		6	78	F#5	5	108
13	13	49	49	1.0	1/4	1/4	2/2	2	1	1/4		1/4	1		5	59	B3	3	116
13	13	49	49	0.5	1/4	1/4	2/2	1	1	1/8		1/8	1		4	76	E5	5	109
13	13	99/2	99/2	0.5	3/8	3/8	2/2	1	1	1/8		1/8	1		9	75	D#5	5	110
13	13	50	50	1.0	1/2	1/2	2/2	2	1	1/4		1/4	1		7	61	C#4	4	117
13	13	50	50	0.5	1/2	1/2	2/2	1	1	1/8		1/8	1		6	78	F#5	5	111
13	13	101/2	101/2	0.5	5/8	5/8	2/2	1	1	1/8		1/8	1		4	76	E5	5	112
13	13	51	51	1.0	3/4	3/4	2/2	2	1	1/4		1/4	1		6	54	F#3	3	118
13	13	51	51	0.5	3/4	3/4	2/2	1	1	1/8		1/8	1		9	75	D#5	5	113
13	13	103/2	103/2	0.5	7/8	7/8	2/2	1	1	1/8		1/8	1		7	73	C#5	5	114
14	14	52	52	1.0	0	0	2/2	2	1	1/4		1/4	1		5	59	B3	3	127
14	14	52	52	0.5	0	0	2/2	1	1	1/8		1/8	1		4	76	E5	5	119
14	14	105/2	105/2	0.5	1/8	1/8	2/2	1	1	1/8		1/8	1		9	75	D#5	5	120
14	14	53	53	1.0	1/4	1/4	2/2	2	1	1/4		1/4	1		9	63	D#4	4	128
14	14	53	53	0.5	1/4	1/4	2/2	1	1	1/8		1/8	1		7	73	C#5	5	121
14	14	107/2	107/2	0.5	3/8	3/8	2/2	1	1	1/8		1/8	1		9	75	D#5	5	122
14	14	54	54	1.0	1/2	1/2	2/2	2	1	1/4		1/4	1		7	61	C#4	4	129
14	14	54	54	0.5	1/2	1/2	2/2	1	1	1/8		1/8	1		6	78	F#5	5	123
14	14	109/2	109/2	0.5	5/8	5/8	2/2	1	1	1/8		1/8	1		4	76	E5	5	124
14	14	55	55	1.0	3/4	3/4	2/2	2	1	1/4		1/4	1		6	54	F#3	3	130
14	14	55	55	0.5	3/4	3/4	2/2	1	1	1/8		1/8	1		9	75	D#5	5	125
14	14	111/2	111/2	0.5	7/8	7/8	2/2	1	1	1/8		1/8	1		7	73	C#5	5	126
15	15	56	56	1.0	0	0	2/2	2	1	1/4		1/4	1		5	59	B3	3	139
15	15	56	56	0.5	0	0	2/2	1	1	1/8		1/8	1		4	76	E5	5	131
15	15	113/2	113/2	0.5	1/8	1/8	2/2	1	1	1/8		1/8	1		9	75	D#5	5	132
15	15	57	57	1.0	1/4	1/4	2/2	2	1	1/4		1/4	1		9	63	D#4	4	140
15	15	57	57	0.5	1/4	1/4	2/2	1	1	1/8		1/8	1		7	73	C#5	5	133
15	15	115/2	115/2	0.5	3/8	3/8	2/2	1	1	1/8		1/8	1		9	75	D#5	5	134
15	15	58	58	1.0	1/2	1/2	2/2	2	1	1/4		1/4	1		7	61	C#4	4	141
15	15	58	58	0.5	1/2	1/2	2/2	1	1	1/8		1/8	1		6	78	F#5	5	135
15	15	117/2	117/2	0.5	5/8	5/8	2/2	1	1	1/8		1/8	1		4	76	E5	5	136
15	15	59	59	1.0	3/4	3/4	2/2	2	1	1/4		1/4	1		6	54	F#3	3	142
15	15	59	59	0.5	3/4	3/4	2/2	1	1	1/8		1/8	1		9	75	D#5	5	137
15	15	119/2	119/2	0.5	7/8	7/8	2/2	1	1	1/8		1/8	1		7	73	C#5	5	138
16	16	60	60	2.0	0	0	2/2	2	1	1/2		1/2	1		5	47	B2	2	151
16	16	60	60	0.5	0	0	2/2	1	1	1/8		1/8	1		5	83	B5	5	143
16	16	121/2	121/2	0.5	1/8	1/8	2/2	1	1	1/8		1/8	1		6	78	F#5	5	144
16	16	61	61	0.5	1/4	1/4	2/2	1	1	1/8		1/8	1		9	75	D#5	5	145
16	16	123/2	123/2	0.5	3/8	3/8	2/2	1	1	1/8		1/8	1		5	71	B4	4	146
16	16	62	62	0.5	1/2	1/2	2/2	1	1	1/8		1/8	1		5	71	B4	4	147
16	16	125/2	125/2	0.5	5/8	5/8	2/2	1	1	1/8		1/8	1		6	66	F#4	4	148
16	16	63	63	0.5	3/4	3/4	2/2	1	1	1/8		1/8	1		9	63	D#4	4	149
16	16	127/2	127/2	0.5	7/8	7/8	2/2	1	1	1/8		1/8	1		5	59	B3	3	150
17	17	64	64	0.5	0	0	2/2	2	1	1/8		1/8	1		5	59	B3	3	152
17	17	129/2	129/2	0.5	1/8	1/8	2/2	2	1	1/8		1/8	1		6	54	F#3	3	153
17	17	65	65	0.5	1/4	1/4	2/2	2	1	1/8		1/8	1		9	51	D#3	3	154
17	17	131/2	131/2	0.5	3/8	3/8	2/2	2	1	1/8		1/8	1		5	47	B2	2	155
17	17	66	66	0.5	1/2	1/2	2/2	2	1	1/8		1/8	1		5	47	B2	2	156
17	17	133/2	133/2	0.5	5/8	5/8	2/2	2	1	1/8		1/8	1		6	42	F#2	2	157
17	17	67	67	0.5	3/4	3/4	2/2	2	1	1/8		1/8	1		9	39	D#2	2	158
17	17	135/2	135/2	0.5	7/8	7/8	2/2	2	1	1/8		1/8	1		5	35	B1	1	159
18	18	68	68	2.0	0	0	2/2	2	1	1/2		1/2	1		5	35	B1	1	160
19	19	72	72	2.0	0	0	2/2	2	1	1/2		1/2	1		7	37	C#2	2	166
19	19	72	72	2.0	0	0	2/2	2	1	1/2		1/2	1		7	49	C#3	3	166
19	19	73	73	0.5	1/4	1/4	2/2	1	1	1/8		1/8	1		5	83	B5	5	161
19	19	147/2	147/2	0.5	3/8	3/8	2/2	1	1	1/8		1/8	1		2	74	D5	5	162
19	19	147/2	147/2	0.5	3/8	3/8	2/2	1	1	1/8		1/8	1		6	78	F#5	5	162
19	19	74	74	1.0	1/2	1/2	2/2	1	1	1/4		1/4	1		7	73	C#5	5	163
19	19	74	74	1.0	1/2	1/2	2/2	1	1	1/4		1/4	1		11	77	E#5	5	163
19	19	75	75	0.5	3/4	3/4	2/2	1	1	1/8		1/8	1		5	83	B5	5	164
19	19	151/2	151/2	0.5	7/8	7/8	2/2	1	1	1/8		1/8	1		2	74	D5	5	165
19	19	151/2	151/2	0.5	7/8	7/8	2/2	1	1	1/8		1/8	1		6	78	F#5	5	165
20	20	76	76	2.0	0	0	2/2	2	1	1/2		1/2	1		7	37	C#2	2	173
20	20	76	76	2.0	0	0	2/2	2	1	1/2		1/2	1		7	49	C#3	3	173
20	20	76	76	1.0	0	0	2/2	1	1	1/4		1/4	1		7	73	C#5	5	167
20	20	76	76	1.0	0	0	2/2	1	1	1/4		1/4	1		11	77	E#5	5	167
20	20	77	77	0.5	1/4	1/4	2/2	1	1	1/8		1/8	1		5	83	B5	5	168
20	20	155/2	155/2	0.5	3/8	3/8	2/2	1	1	1/8		1/8	1		2	74	D5	5	169
20	20	155/2	155/2	0.5	3/8	3/8	2/2	1	1	1/8		1/8	1		6	78	F#5	5	169
20	20	78	78	1.0	1/2	1/2	2/2	1	1	1/4		1/4	1		7	73	C#5	5	170
20	20	78	78	1.0	1/2	1/2	2/2	1	1	1/4		1/4	1		11	77	E#5	5	170
20	20	79	79	0.5	3/4	3/4	2/2	1	1	1/8		1/8	1		5	83	B5	5	171
20	20	159/2	159/2	0.5	7/8	7/8	2/2	1	1	1/8		1/8	1		2	74	D5	5	172
20	20	159/2	159/2	0.5	7/8	7/8	2/2	1	1	1/8		1/8	1		6	78	F#5	5	172
21	21	80	80	2.0	0	0	2/2	2	1	1/2		1/2	1		7	37	C#2	2	182
21	21	80	80	2.0	0	0	2/2	2	1	1/2		1/2	1		7	49	C#3	3	182
21	21	80	80	1.0	0	0	2/2	1	1	1/4		1/4	1		7	73	C#5	5	174
21	21	80	80	1.0	0	0	2/2	1	1	1/4		1/4	1		11	77	E#5	5	174
21	21	81	81	0.5	1/4	1/4	2/2	1	1	1/8		1/8	1		5	83	B5	5	175
21	21	163/2	163/2	0.5	3/8	3/8	2/2	1	1	1/8		1/8	1		2	74	D5	5	176
21	21	82	82	0.5	1/2	1/2	2/2	1	1	1/8		1/8	1		7	73	C#5	5	177
21	21	165/2	165/2	0.5	5/8	5/8	2/2	1	1	1/8		1/8	1		3	81	A5	5	178
21	21	83	83	0.5	3/4	3/4	2/2	1	1	1/8		1/8	1		5	71	B4	4	179
21	21	83	83	1.0	3/4	3/4	2/2	1	2	1/4		1/4	1	1	5	71	B4	4	181
21	21	167/2	167/2	0.5	7/8	7/8	2/2	1	1	1/8		1/8	1	1	8	80	G#5	5	180
22	22	84	84	2.0	0	0	2/2	2	1	1/2		1/2	1		7	37	C#2	2	192
22	22	84	84	2.0	0	0	2/2	2	1	1/2		1/2	1		7	49	C#3	3	192
22	22	84	84	1.0	0	0	2/2	1	2	1/4		1/4	1	-1	5	71	B4	4	190
22	22	84	84	1.0	0	0	2/2	1	1	1/4		1/4	1	-1	8	80	G#5	5	183
22	22	85	85	0.5	1/4	1/4	2/2	1	1	1/8		1/8	1		3	81	A5	5	184
22	22	171/2	171/2	0.5	3/8	3/8	2/2	1	1	1/8		1/8	1		7	73	C#5	5	185
22	22	86	86	0.5	1/2	1/2	2/2	1	1	1/8		1/8	1		5	71	B4	4	186
22	22	173/2	173/2	0.5	5/8	5/8	2/2	1	1	1/8		1/8	1		8	80	G#5	5	187
22	22	87	87	0.5	3/4	3/4	2/2	1	1	1/8		1/8	1		3	69	A4	4	188
22	22	87	87	1.0	3/4	3/4	2/2	1	2	1/4		1/4	1	1	3	69	A4	4	191
22	22	175/2	175/2	0.5	7/8	7/8	2/2	1	1	1/8		1/8	1	1	6	78	F#5	5	189
23	23	88	88	2.0	0	0	2/2	2	1	1/2		1/2	1		7	37	C#2	2	201
23	23	88	88	2.0	0	0	2/2	2	1	1/2		1/2	1		7	49	C#3	3	201
23	23	88	88	1.0	0	0	2/2	1	2	1/4		1/4	1	-1	3	69	A4	4	200
23	23	88	88	1.0	0	0	2/2	1	1	1/4		1/4	1	-1	6	78	F#5	5	193
23	23	89	89	0.5	1/4	1/4	2/2	1	1	1/8		1/8	1		8	80	G#5	5	194
23	23	179/2	179/2	0.5	3/8	3/8	2/2	1	1	1/8		1/8	1		5	71	B4	4	195
23	23	90	90	0.5	1/2	1/2	2/2	1	1	1/8		1/8	1		3	69	A4	4	196
23	23	181/2	181/2	0.5	5/8	5/8	2/2	1	1	1/8		1/8	1		6	78	F#5	5	197
23	23	91	91	0.5	3/4	3/4	2/2	1	1	1/8		1/8	1		8	68	G#4	4	198
23	23	183/2	183/2	0.5	7/8	7/8	2/2	1	1	1/8		1/8	1		11	77	E#5	5	199
24	24	92	92	2.0	0	0	2/2	2	1	1/2		1/2	1		6	42	F#2	2	210
24	24	92	92	0.5	0	0	2/2	1	1	1/8		1/8	1		6	78	F#5	5	202
24	24	185/2	185/2	0.5	1/8	1/8	2/2	1	1	1/8		1/8	1		7	73	C#5	5	203
24	24	93	93	0.5	1/4	1/4	2/2	1	1	1/8		1/8	1		3	69	A4	4	204
24	24	187/2	187/2	0.5	3/8	3/8	2/2	1	1	1/8		1/8	1		6	66	F#4	4	205
24	24	94	94	0.5	1/2	1/2	2/2	1	1	1/8		1/8	1		7	61	C#4	4	206
24	24	189/2	189/2	0.5	5/8	5/8	2/2	1	1	1/8		1/8	1		3	57	A3	3	207
24	24	95	95	0.5	3/4	3/4	2/2	1	1	1/8		1/8	1		6	54	F#3	3	208
24	24	191/2	191/2	0.5	7/8	7/8	2/2	1	1	1/8		1/8	1		7	49	C#3	3	209
25	25	96	96	2.0	0	0	2/2	2	1	1/2		1/2	1		6	42	F#2	2	211
26	26	100	100	2.0	0	0	2/2	2	1	1/2		1/2	1		5	35	B1	1	217
26	26	100	100	2.0	0	0	2/2	2	1	1/2		1/2	1		5	47	B2	2	217
26	26	101	101	0.5	1/4	1/4	2/2	1	1	1/8		1/8	1		3	81	A5	5	212
26	26	203/2	203/2	0.5	3/8	3/8	2/2	1	1	1/8		1/8	1		0	72	C5	5	213
26	26	203/2	203/2	0.5	3/8	3/8	2/2	1	1	1/8		1/8	1		4	76	E5	5	213
26	26	102	102	1.0	1/2	1/2	2/2	1	1	1/4		1/4	1		5	71	B4	4	214
26	26	102	102	1.0	1/2	1/2	2/2	1	1	1/4		1/4	1		9	75	D#5	5	214
26	26	103	103	0.5	3/4	3/4	2/2	1	1	1/8		1/8	1		3	81	A5	5	215
26	26	207/2	207/2	0.5	7/8	7/8	2/2	1	1	1/8		1/8	1		0	72	C5	5	216
26	26	207/2	207/2	0.5	7/8	7/8	2/2	1	1	1/8		1/8	1		4	76	E5	5	216
27	27	104	104	2.0	0	0	2/2	2	1	1/2		1/2	1		5	35	B1	1	224
27	27	104	104	2.0	0	0	2/2	2	1	1/2		1/2	1		5	47	B2	2	224
27	27	104	104	1.0	0	0	2/2	1	1	1/4		1/4	1		5	71	B4	4	218
27	27	104	104	1.0	0	0	2/2	1	1	1/4		1/4	1		9	75	D#5	5	218
27	27	105	105	0.5	1/4	1/4	2/2	1	1	1/8		1/8	1		3	81	A5	5	219
27	27	211/2	211/2	0.5	3/8	3/8	2/2	1	1	1/8		1/8	1		0	72	C5	5	220
27	27	211/2	211/2	0.5	3/8	3/8	2/2	1	1	1/8		1/8	1		4	76	E5	5	220
27	27	106	106	1.0	1/2	1/2	2/2	1	1	1/4		1/4	1		5	71	B4	4	221
27	27	106	106	1.0	1/2	1/2	2/2	1	1	1/4		1/4	1		9	75	D#5	5	221
27	27	107	107	0.5	3/4	3/4	2/2	1	1	1/8		1/8	1		3	81	A5	5	222
27	27	215/2	215/2	0.5	7/8	7/8	2/2	1	1	1/8		1/8	1		0	72	C5	5	223
27	27	215/2	215/2	0.5	7/8	7/8	2/2	1	1	1/8		1/8	1		4	76	E5	5	223
28	28	108	108	2.0	0	0	2/2	2	1	1/2		1/2	1		5	35	B1	1	233
28	28	108	108	2.0	0	0	2/2	2	1	1/2		1/2	1		5	47	B2	2	233
28	28	108	108	1.0	0	0	2/2	1	1	1/4		1/4	1		5	71	B4	4	225
28	28	108	108	1.0	0	0	2/2	1	1	1/4		1/4	1		9	75	D#5	5	225
28	28	109	109	0.5	1/4	1/4	2/2	1	1	1/8		1/8	1		3	81	A5	5	226
28	28	219/2	219/2	0.5	3/8	3/8	2/2	1	1	1/8		1/8	1		0	72	C5	5	227
28	28	110	110	0.5	1/2	1/2	2/2	1	1	1/8		1/8	1		5	71	B4	4	228
28	28	221/2	221/2	0.5	5/8	5/8	2/2	1	1	1/8		1/8	1		1	79	G5	5	229
28	28	111	111	0.5	3/4	3/4	2/2	1	1	1/8		1/8	1		3	69	A4	4	230
28	28	111	111	1.0	3/4	3/4	2/2	1	2	1/4		1/4	1	1	3	69	A4	4	232
28	28	223/2	223/2	0.5	7/8	7/8	2/2	1	1	1/8		1/8	1	1	6	78	F#5	5	231
29	29	112	112	2.0	0	0	2/2	2	1	1/2		1/2	1		5	35	B1	1	243
29	29	112	112	2.0	0	0	2/2	2	1	1/2		1/2	1		5	47	B2	2	243
29	29	112	112	1.0	0	0	2/2	1	2	1/4		1/4	1	-1	3	69	A4	4	241
29	29	112	112	1.0	0	0	2/2	1	1	1/4		1/4	1	-1	6	78	F#5	5	234
29	29	113	113	0.5	1/4	1/4	2/2	1	1	1/8		1/8	1		1	79	G5	5	235
29	29	227/2	227/2	0.5	3/8	3/8	2/2	1	1	1/8		1/8	1		5	71	B4	4	236
29	29	114	114	0.5	1/2	1/2	2/2	1	1	1/8		1/8	1		3	69	A4	4	237
29	29	229/2	229/2	0.5	5/8	5/8	2/2	1	1	1/8		1/8	1		6	78	F#5	5	238
29	29	115	115	0.5	3/4	3/4	2/2	1	1	1/8		1/8	1		1	67	G4	4	239
29	29	115	115	1.0	3/4	3/4	2/2	1	2	1/4		1/4	1	1	1	67	G4	4	242
29	29	231/2	231/2	0.5	7/8	7/8	2/2	1	1	1/8		1/8	1	1	4	76	E5	5	240
30	30	116	116	2.0	0	0	2/2	2	1	1/2		1/2	1		5	35	B1	1	252
30	30	116	116	2.0	0	0	2/2	2	1	1/2		1/2	1		5	47	B2	2	252
30	30	116	116	1.0	0	0	2/2	1	2	1/4		1/4	1	-1	1	67	G4	4	251
30	30	116	116	1.0	0	0	2/2	1	1	1/4		1/4	1	-1	4	76	E5	5	244
30	30	117	117	0.5	1/4	1/4	2/2	1	1	1/8		1/8	1		6	78	F#5	5	245
30	30	235/2	235/2	0.5	3/8	3/8	2/2	1	1	1/8		1/8	1		3	69	A4	4	246
30	30	118	118	0.5	1/2	1/2	2/2	1	1	1/8		1/8	1		1	67	G4	4	247
30	30	237/2	237/2	0.5	5/8	5/8	2/2	1	1	1/8		1/8	1		4	76	E5	5	248
30	30	119	119	0.5	3/4	3/4	2/2	1	1	1/8		1/8	1		6	66	F#4	4	249
30	30	239/2	239/2	0.5	7/8	7/8	2/2	1	1	1/8		1/8	1		9	75	D#5	5	250
31	31	120	120	2.0	0	0	2/2	2	1	1/2		1/2	1		4	40	E2	2	257
31	31	120	120	0.5	0	0	2/2	1	1	1/8		1/8	1		4	76	E5	5	253
31	31	241/2	241/2	0.5	1/8	1/8	2/2	1	1	1/8		1/8	1		5	71	B4	4	254
31	31	121	121	0.5	1/4	1/4	2/2	1	1	1/8		1/8	1		1	67	G4	4	255
31	31	243/2	243/2	0.5	3/8	3/8	2/2	1	1	1/8		1/8	1		4	64	E4	4	256
31	31	122	122	0.5	1/2	1/2	2/2	2	1	1/8		1/8	1		5	59	B3	3	258
31	31	245/2	245/2	0.5	5/8	5/8	2/2	2	1	1/8		1/8	1		1	55	G3	3	259
31	31	123	123	0.5	3/4	3/4	2/2	2	1	1/8		1/8	1		4	52	E3	3	260
31	31	247/2	247/2	0.5	7/8	7/8	2/2	2	1	1/8		1/8	1		5	47	B2	2	261
32	32	124	124	2.0	0	0	2/2	2	1	1/2		1/2	1		4	40	E2	2	264
32	32	127	127	1.0	3/4	3/4	2/2	2	1	1/4		1/4	1		4	64	E4	4	265
32	32	127	127	1.0	3/4	3/4	2/2	2	1	1/4		1/4	1		1	67	G4	4	265
32	32	127	127	0.5	3/4	3/4	2/2	1	1	1/8		1/8	1		1	79	G5	5	262
32	32	255/2	255/2	0.5	7/8	7/8	2/2	1	1	1/8		1/8	1		4	76	E5	5	263
33	33	128	128	1.0	0	0	2/2	2	1	1/4		1/4	1		2	62	D4	4	270
33	33	128	128	1.0	0	0	2/2	2	1	1/4		1/4	1		6	66	F#4	4	270
33	33	128	128	1.0	0	0	2/2	1	1	1/4		1/4	1		10	82	A#5	5	266
33	33	129	129	1.0	1/4	1/4	2/2	2	1	1/4		1/4	1		2	62	D4	4	271
33	33	129	129	1.0	1/4	1/4	2/2	2	1	1/4		1/4	1		6	66	F#4	4	271
33	33	129	129	2.0	1/4	1/4	2/2	1	1	1/2		1/2	1		5	83	B5	5	267
33	33	130	130	1.0	1/2	1/2	2/2	2	1	1/4		1/4	1		4	64	E4	4	272
33	33	130	130	1.0	1/2	1/2	2/2	2	1	1/4		1/4	1		1	67	G4	4	272
33	33	131	131	1.0	3/4	3/4	2/2	2	1	1/4		1/4	1		4	64	E4	4	273
33	33	131	131	1.0	3/4	3/4	2/2	2	1	1/4		1/4	1		1	67	G4	4	273
33	33	131	131	0.5	3/4	3/4	2/2	1	1	1/8		1/8	1		1	79	G5	5	268
33	33	263/2	263/2	0.5	7/8	7/8	2/2	1	1	1/8		1/8	1		4	76	E5	5	269
34	34	132	132	1.0	0	0	2/2	2	1	1/4		1/4	1		2	62	D4	4	278
34	34	132	132	1.0	0	0	2/2	2	1	1/4		1/4	1		6	66	F#4	4	278
34	34	132	132	1.0	0	0	2/2	1	1	1/4		1/4	1		11	77	E#5	5	274
34	34	133	133	1.0	1/4	1/4	2/2	2	1	1/4		1/4	1		2	62	D4	4	279
34	34	133	133	1.0	1/4	1/4	2/2	2	1	1/4		1/4	1		6	66	F#4	4	279
34	34	133	133	2.0	1/4	1/4	2/2	1	1	1/2		1/2	1		6	78	F#5	5	275
34	34	134	134	1.0	1/2	1/2	2/2	2	1	1/4		1/4	1		4	64	E4	4	280
34	34	134	134	1.0	1/2	1/2	2/2	2	1	1/4		1/4	1		1	67	G4	4	280
34	34	135	135	1.0	3/4	3/4	2/2	2	1	1/4		1/4	1		4	64	E4	4	281
34	34	135	135	1.0	3/4	3/4	2/2	2	1	1/4		1/4	1		1	67	G4	4	281
34	34	135	135	0.5	3/4	3/4	2/2	1	1	1/8		1/8	1		1	79	G5	5	276
34	34	271/2	271/2	0.5	7/8	7/8	2/2	1	1	1/8		1/8	1		11	77	E#5	5	277
35	35	136	136	1.0	0	0	2/2	2	1	1/4		1/4	1		2	62	D4	4	286
35	35	136	136	1.0	0	0	2/2	2	1	1/4		1/4	1		6	66	F#4	4	286
35	35	136	136	1.0	0	0	2/2	1	1	1/4		1/4	1		10	82	A#5	5	282
35	35	137	137	1.0	1/4	1/4	2/2	2	1	1/4		1/4	1		2	62	D4	4	287
35	35	137	137	1.0	1/4	1/4	2/2	2	1	1/4		1/4	1		6	66	F#4	4	287
35	35	137	137	2.0	1/4	1/4	2/2	1	1	1/2		1/2	1		5	83	B5	5	283
35	35	138	138	1.0	1/2	1/2	2/2	2	1	1/4		1/4	1		4	64	E4	4	288
35	35	138	138	1.0	1/2	1/2	2/2	2	1	1/4		1/4	1		1	67	G4	4	288
35	35	139	139	1.0	3/4	3/4	2/2	2	1	1/4		1/4	1		4	64	E4	4	289
35	35	139	139	1.0	3/4	3/4	2/2	2	1	1/4		1/4	1		1	67	G4	4	289
35	35	139	139	0.5	3/4	3/4	2/2	1	1	1/8		1/8	1		1	79	G5	5	284
35	35	279/2	279/2	0.5	7/8	7/8	2/2	1	1	1/8		1/8	1		4	76	E5	5	285
36	36	140	140	1.0	0	0	2/2	2	1	1/4		1/4	1		2	62	D4	4	294
36	36	140	140	1.0	0	0	2/2	2	1	1/4		1/4	1		6	66	F#4	4	294
36	36	140	140	1.0	0	0	2/2	1	1	1/4		1/4	1		11	77	E#5	5	290
36	36	141	141	1.0	1/4	1/4	2/2	2	1	1/4		1/4	1		2	62	D4	4	295
36	36	141	141	1.0	1/4	1/4	2/2	2	1	1/4		1/4	1		6	66	F#4	4	295
36	36	141	141	2.0	1/4	1/4	2/2	1	1	1/2		1/2	1		6	78	F#5	5	291
36	36	142	142	1.0	1/2	1/2	2/2	2	1	1/4		1/4	1		5	59	B3	3	296
36	36	142	142	1.0	1/2	1/2	2/2	2	1	1/4		1/4	1		2	62	D4	4	296
36	36	143	143	1.0	3/4	3/4	2/2	2	1	1/4		1/4	1		5	59	B3	3	297
36	36	143	143	1.0	3/4	3/4	2/2	2	1	1/4		1/4	1		2	62	D4	4	297
36	36	143	143	0.5	3/4	3/4	2/2	1	1	1/8		1/8	1		5	83	B5	5	292
36	36	287/2	287/2	0.5	7/8	7/8	2/2	1	1	1/8		1/8	1		2	74	D5	5	293
37	37	144	144	1.0	0	0	2/2	2	1	1/4		1/4	1		7	61	C#4	4	302
37	37	144	144	1.0	0	0	2/2	2	1	1/4		1/4	1		4	64	E4	4	302
37	37	144	144	1.0	0	0	2/2	1	1	1/4		1/4	1		9	75	D#5	5	298
37	37	145	145	1.0	1/4	1/4	2/2	2	1	1/4		1/4	1		7	61	C#4	4	303
37	37	145	145	1.0	1/4	1/4	2/2	2	1	1/4		1/4	1		4	64	E4	4	303
37	37	145	145	2.0	1/4	1/4	2/2	1	1	1/2		1/2	1		4	76	E5	5	299
37	37	146	146	1.0	1/2	1/2	2/2	2	1	1/4		1/4	1		6	54	F#3	3	304
37	37	146	146	1.0	1/2	1/2	2/2	2	1	1/4		1/4	1		7	61	C#4	4	304
37	37	146	146	1.0	1/2	1/2	2/2	2	1	1/4		1/4	1		4	64	E4	4	304
37	37	147	147	1.0	3/4	3/4	2/2	2	1	1/4		1/4	1		6	54	F#3	3	305
37	37	147	147	1.0	3/4	3/4	2/2	2	1	1/4		1/4	1		7	61	C#4	4	305
37	37	147	147	1.0	3/4	3/4	2/2	2	1	1/4		1/4	1		4	64	E4	4	305
37	37	147	147	0.5	3/4	3/4	2/2	1	1	1/8		1/8	1		5	83	B5	5	300
37	37	295/2	295/2	0.5	7/8	7/8	2/2	1	1	1/8		1/8	1		7	73	C#5	5	301
38	38	148	148	1.0	0	0	2/2	2	1	1/4		1/4	1		5	47	B2	2	310
38	38	148	148	1.0	0	0	2/2	1	1	1/4		1/4	1		7	73	C#5	5	306
38	38	149	149	1.0	1/4	1/4	2/2	2	1	1/4		1/4	1		5	59	B3	3	311
38	38	149	149	2.0	1/4	1/4	2/2	1	1	1/2		1/2	1		9	75	D#5	5	307
38	38	150	150	1.0	1/2	1/2	2/2	2	1	1/4		1/4	1		5	59	B3	3	312
38	38	150	150	2.0	1/2	1/2	2/2	1	2	1/2		1/2	1	1	5	71	B4	4	309
38	38	151	151	1.0	3/4	3/4	2/2	2	1	1/4		1/4	1		5	47	B2	2	313
38	38	151	151	1.0	3/4	3/4	2/2	1	1	1/4		1/4	1	1	6	78	F#5	5	308
39	39	152	152	3.0	0	0	2/2	2	1	3/4		1/2	3/2		4	52	E3	3	323
39	39	152	152	2.0	0	0	2/2	1	2	1/2		1/2	1	-1	5	71	B4	4	322
39	39	152	152	0.5	0	0	2/2	1	1	1/8		1/8	1	-1	6	78	F#5	5	314
39	39	305/2	305/2	0.5	1/8	1/8	2/2	1	1	1/8		1/8	1		4	76	E5	5	315
39	39	153	153	0.5	1/4	1/4	2/2	1	1	1/8		1/8	1		8	80	G#5	5	316
39	39	307/2	307/2	0.5	3/8	3/8	2/2	1	1	1/8		1/8	1		6	78	F#5	5	317
39	39	154	154	0.5	1/2	1/2	2/2	1	1	1/8		1/8	1		4	76	E5	5	318
39	39	309/2	309/2	0.5	5/8	5/8	2/2	1	1	1/8		1/8	1		9	75	D#5	5	319
39	39	155	155	1.0	3/4	3/4	2/2	2	1	1/4		1/4	1		4	52	E3	3	324
39	39	155	155	0.5	3/4	3/4	2/2	1	1	1/8		1/8	1		7	73	C#5	5	320
39	39	311/2	311/2	0.5	7/8	7/8	2/2	1	1	1/8		1/8	1		5	71	B4	4	321
40	40	156	156	1.0	0	0	2/2	2	1	1/4		1/4	1		6	54	F#3	3	331
40	40	156	156	1.0	0	0	2/2	1	1	1/4		1/4	1		10	70	A#4	4	325
40	40	157	157	1.0	1/4	1/4	2/2	2	1	1/4		1/4	1		10	58	A#3	3	332
40	40	157	157	1.0	1/4	1/4	2/2	1	1	1/4		1/4	1		6	78	F#5	5	326
40	40	158	158	0.0	1/2	1/2	2/2	1	1	0	grace32	1/32	1		4	76	E5	5	327
40	40	158	158	1.0	1/2	1/2	2/2	2	1	1/4		1/4	1		5	59	B3	3	333
40	40	158	158	1.0	1/2	1/2	2/2	1	1	1/4		1/4	1		9	75	D#5	5	328
40	40	159	159	1.0	3/4	3/4	2/2	2	1	1/4		1/4	1		9	51	D#3	3	334
40	40	159	159	0.5	3/4	3/4	2/2	1	1	1/8		1/8	1		7	73	C#5	5	329
40	40	319/2	319/2	0.5	7/8	7/8	2/2	1	1	1/8		1/8	1		5	71	B4	4	330
41	41	160	160	3.0	0	0	2/2	2	1	3/4		1/2	3/2		4	52	E3	3	339
41	41	160	160	1.0	0	0	2/2	1	1	1/4		1/4	1		5	83	B5	5	335
41	41	161	161	1.0	1/4	1/4	2/2	1	1	1/4		1/4	1		8	80	G#5	5	336
41	41	162	162	1.0	1/2	1/2	2/2	1	1	1/4		1/4	1		4	76	E5	5	337
41	41	163	163	1.0	3/4	3/4	2/2	2	1	1/4		1/4	1		4	52	E3	3	340
41	41	163	163	1.0	3/4	3/4	2/2	1	1	1/4		1/4	1		7	73	C#5	5	338
42	42	164	164	1.0	0	0	2/2	2	1	1/4		1/4	1		6	54	F#3	3	347
42	42	164	164	1.0	0	0	2/2	1	1	1/4		1/4	1		10	70	A#4	4	341
42	42	165	165	1.0	1/4	1/4	2/2	2	1	1/4		1/4	1		10	58	A#3	3	348
42	42	165	165	1.0	1/4	1/4	2/2	1	1	1/4		1/4	1		6	78	F#5	5	342
42	42	166	166	0.0	1/2	1/2	2/2	1	1	0	grace32	1/32	1		4	76	E5	5	343
42	42	166	166	1.0	1/2	1/2	2/2	2	1	1/4		1/4	1		5	59	B3	3	349
42	42	166	166	1.0	1/2	1/2	2/2	1	1	1/4		1/4	1		9	75	D#5	5	344
42	42	167	167	1.0	3/4	3/4	2/2	2	1	1/4		1/4	1		9	51	D#3	3	350
42	42	167	167	0.5	3/4	3/4	2/2	1	1	1/8		1/8	1		7	73	C#5	5	345
42	42	335/2	335/2	0.5	7/8	7/8	2/2	1	1	1/8		1/8	1		5	71	B4	4	346
43	43	168	168	3.0	0	0	2/2	2	1	3/4		1/2	3/2		4	52	E3	3	355
43	43	168	168	1.0	0	0	2/2	1	1	1/4		1/4	1		5	83	B5	5	351
43	43	169	169	1.0	1/4	1/4	2/2	1	1	1/4		1/4	1		8	80	G#5	5	352
43	43	170	170	1.0	1/2	1/2	2/2	1	1	1/4		1/4	1		4	76	E5	5	353
43	43	171	171	1.0	3/4	3/4	2/2	2	1	1/4		1/4	1		4	52	E3	3	356
43	43	171	171	1.0	3/4	3/4	2/2	1	1	1/4		1/4	1		7	73	C#5	5	354
44	44	172	172	1.0	0	0	2/2	2	1	1/4		1/4	1		6	54	F#3	3	360
44	44	172	172	4.0	0	0	2/2	2	2	1		1	1		6	54	F#3	3	364
44	44	172	172	1.0	0	0	2/2	1	1	1/4		1/4	1		10	70	A#4	4	357
44	44	173	173	1.0	1/4	1/4	2/2	2	1	1/4		1/4	1		7	61	C#4	4	361
44	44	173	173	3.0	1/4	1/4	2/2	1	2	3/4		1/2	3/2		6	66	F#4	4	359
44	44	173	173	3.0	1/4	1/4	2/2	1	1	3/4		1/2	3/2		6	78	F#5	5	358
44	44	174	174	1.0	1/2	1/2	2/2	2	1	1/4		1/4	1		2	62	D4	4	362
44	44	175	175	1.0	3/4	3/4	2/2	2	1	1/4		1/4	1		5	59	B3	3	363
45	45	176	176	1.0	0	0	2/2	2	1	1/4		1/4	1		4	52	E3	3	369
45	45	176	176	4.0	0	0	2/2	2	2	1		1	1		4	52	E3	3	373
45	45	176	176	1.0	0	0	2/2	1	1	1/4		1/4	1		1	67	G4	4	365
45	45	176	176	1.0	0	0	2/2	1	1	1/4		1/4	1		1	79	G5	5	365
45	45	177	177	1.0	1/4	1/4	2/2	2	1	1/4		1/4	1		7	61	C#4	4	370
45	45	177	177	1.0	1/4	1/4	2/2	1	1	1/4		1/4	1		10	70	A#4	4	366
45	45	177	177	1.0	1/4	1/4	2/2	1	1	1/4		1/4	1		10	82	A#5	5	366
45	45	178	178	1.0	1/2	1/2	2/2	2	1	1/4		1/4	1		2	62	D4	4	371
45	45	178	178	1.0	1/2	1/2	2/2	1	1	1/4		1/4	1		5	71	B4	4	367
45	45	178	178	1.0	1/2	1/2	2/2	1	1	1/4		1/4	1		5	83	B5	5	367
45	45	179	179	1.0	3/4	3/4	2/2	2	1	1/4		1/4	1		5	59	B3	3	372
45	45	179	179	1.0	3/4	3/4	2/2	1	1	1/4		1/4	1		1	67	G4	4	368
45	45	179	179	1.0	3/4	3/4	2/2	1	1	1/4		1/4	1		1	79	G5	5	368
46	46	180	180	1.0	0	0	2/2	2	1	1/4		1/4	1		6	54	F#3	3	376
46	46	180	180	4.0	0	0	2/2	2	2	1		1	1		6	54	F#3	3	380
46	46	180	180	1.0	0	0	2/2	1	1	1/4		1/4	1		11	65	E#4	4	374
46	46	180	180	1.0	0	0	2/2	1	1	1/4		1/4	1		11	77	E#5	5	374
46	46	181	181	1.0	1/4	1/4	2/2	2	1	1/4		1/4	1		7	61	C#4	4	377
46	46	181	181	3.0	1/4	1/4	2/2	1	1	3/4		1/2	3/2		6	66	F#4	4	375
46	46	181	181	3.0	1/4	1/4	2/2	1	1	3/4		1/2	3/2		6	78	F#5	5	375
46	46	182	182	1.0	1/2	1/2	2/2	2	1	1/4		1/4	1		2	62	D4	4	378
46	46	183	183	1.0	3/4	3/4	2/2	2	1	1/4		1/4	1		5	59	B3	3	379
47	47	184	184	1.0	0	0	2/2	2	1	1/4		1/4	1		4	52	E3	3	385
47	47	184	184	4.0	0	0	2/2	2	2	1		1	1		4	52	E3	3	389
47	47	184	184	1.0	0	0	2/2	1	1	1/4		1/4	1		1	67	G4	4	381
47	47	184	184	1.0	0	0	2/2	1	1	1/4		1/4	1		1	79	G5	5	381
47	47	185	185	1.0	1/4	1/4	2/2	2	1	1/4		1/4	1		7	61	C#4	4	386
47	47	185	185	1.0	1/4	1/4	2/2	1	1	1/4		1/4	1		10	70	A#4	4	382
47	47	185	185	1.0	1/4	1/4	2/2	1	1	1/4		1/4	1		10	82	A#5	5	382
47	47	186	186	1.0	1/2	1/2	2/2	2	1	1/4		1/4	1		2	62	D4	4	387
47	47	186	186	1.0	1/2	1/2	2/2	1	1	1/4		1/4	1		5	71	B4	4	383
47	47	186	186	1.0	1/2	1/2	2/2	1	1	1/4		1/4	1		5	83	B5	5	383
47	47	187	187	1.0	3/4	3/4	2/2	2	1	1/4		1/4	1		5	59	B3	3	388
47	47	187	187	1.0	3/4	3/4	2/2	1	1	1/4		1/4	1		1	67	G4	4	384
47	47	187	187	1.0	3/4	3/4	2/2	1	1	1/4		1/4	1		1	79	G5	5	384
48	48	188	188	1.0	0	0	2/2	2	1	1/4		1/4	1		6	54	F#3	3	392
48	48	188	188	4.0	0	0	2/2	2	2	1		1	1		6	54	F#3	3	396
48	48	188	188	1.0	0	0	2/2	1	1	1/4		1/4	1		11	65	E#4	4	390
48	48	188	188	1.0	0	0	2/2	1	1	1/4		1/4	1		11	77	E#5	5	390
48	48	189	189	1.0	1/4	1/4	2/2	2	1	1/4		1/4	1		7	61	C#4	4	393
48	48	189	189	3.0	1/4	1/4	2/2	1	1	3/4		1/2	3/2		6	66	F#4	4	391
48	48	189	189	3.0	1/4	1/4	2/2	1	1	3/4		1/2	3/2		6	78	F#5	5	391
48	48	190	190	1.0	1/2	1/2	2/2	2	1	1/4		1/4	1		2	62	D4	4	394
48	48	191	191	1.0	3/4	3/4	2/2	2	1	1/4		1/4	1		5	59	B3	3	395
49	49	192	192	2.0	0	0	2/2	2	2	1/2		1/2	1		6	54	F#3	3	406
49	49	192	192	2.0	0	0	2/2	2	1	1/2		1/2	1		7	61	C#4	4	404
49	49	192	192	2.0	0	0	2/2	2	1	1/2		1/2	1		4	64	E4	4	404
49	49	192	192	2.0	0	0	2/2	1	2	1/2		1/2	1		10	70	A#4	4	402
49	49	192	192	2.0	0	0	2/2	1	2	1/2		1/2	1		7	73	C#5	5	402
49	49	192	192	2.0	0	0	2/2	1	1	1/2		1/2	1		4	76	E5	5	397
49	49	194	194	0.0	1/2	1/2	2/2	1	1	0	appoggiatura	1/32	1		4	76	E5	5	398
49	49	194	194	2.0	1/2	1/2	2/2	2	2	1/2		1/2	1		6	54	F#3	3	407
49	49	194	194	2.0	1/2	1/2	2/2	2	1	1/2		1/2	1		5	59	B3	3	405
49	49	194	194	2.0	1/2	1/2	2/2	2	1	1/2		1/2	1		2	62	D4	4	405
49	49	194	194	2.0	1/2	1/2	2/2	1	2	1/2		1/2	1		5	71	B4	4	403
49	49	194	194	0.5	1/2	1/2	2/2	1	1	1/8		1/8	1		2	74	D5	5	399
49	49	389/2	389/2	0.5	5/8	5/8	2/2	1	1	1/8		1/8	1		7	73	C#5	5	400
49	49	195	195	1.0	3/4	3/4	2/2	1	1	1/4		1/4	1		2	74	D5	5	401
50	50	196	196	1.0	0	0	2/2	2	1	1/4		1/4	1		6	54	F#3	3	414
50	50	196	196	4.0	0	0	2/2	2	2	1		1	1		6	54	F#3	3	418
50	50	196	196	3.0	0	0	2/2	1	2	3/4		1/2	3/2		10	70	A#4	4	412
50	50	196	196	0.5	0	0	2/2	1	1	1/8		1/8	1		7	73	C#5	5	408
50	50	393/2	393/2	0.5	1/8	1/8	2/2	1	1	1/8		1/8	1		2	74	D5	5	409
50	50	197	197	1.0	1/4	1/4	2/2	2	1	1/4		1/4	1		7	61	C#4	4	415
50	50	197	197	2.0	1/4	1/4	2/2	1	1	1/2		1/2	1		7	73	C#5	5	410
50	50	198	198	1.0	1/2	1/2	2/2	2	1	1/4		1/4	1		4	64	E4	4	416
50	50	199	199	1.0	3/4	3/4	2/2	2	1	1/4		1/4	1		2	62	D4	4	417
50	50	199	199	1.0	3/4	3/4	2/2	1	2	1/4		1/4	1		5	71	B4	4	413
50	50	199	199	1.0	3/4	3/4	2/2	1	1	1/4		1/4	1		6	78	F#5	5	411
51	51	200	200	1.0	0	0	2/2	2	1	1/4		1/4	1		6	54	F#3	3	425
51	51	200	200	4.0	0	0	2/2	2	2	1		1	1		6	54	F#3	3	429
51	51	200	200	2.0	0	0	2/2	1	2	1/2		1/2	1		10	70	A#4	4	423
51	51	200	200	2.0	0	0	2/2	1	2	1/2		1/2	1		7	73	C#5	5	423
51	51	200	200	2.0	0	0	2/2	1	1	1/2		1/2	1		4	76	E5	5	419
51	51	201	201	1.0	1/4	1/4	2/2	2	1	1/4		1/4	1		7	61	C#4	4	426
51	51	202	202	1.0	1/2	1/2	2/2	2	1	1/4		1/4	1		2	62	D4	4	427
51	51	202	202	2.0	1/2	1/2	2/2	1	2	1/2		1/2	1		5	71	B4	4	424
51	51	202	202	0.5	1/2	1/2	2/2	1	1	1/8		1/8	1		2	74	D5	5	420
51	51	405/2	405/2	0.5	5/8	5/8	2/2	1	1	1/8		1/8	1		7	73	C#5	5	421
51	51	203	203	1.0	3/4	3/4	2/2	2	1	1/4		1/4	1		5	59	B3	3	428
51	51	203	203	1.0	3/4	3/4	2/2	1	1	1/4		1/4	1		2	74	D5	5	422
52	52	204	204	1.0	0	0	2/2	2	1	1/4		1/4	1		6	54	F#3	3	434
52	52	204	204	4.0	0	0	2/2	2	2	1		1	1		6	54	F#3	3	438
52	52	204	204	3.0	0	0	2/2	1	2	3/4		1/2	3/2		10	70	A#4	4	432
52	52	204	204	3.0	0	0	2/2	1	1	3/4		1/2	3/2		7	73	C#5	5	430
52	52	205	205	1.0	1/4	1/4	2/2	2	1	1/4		1/4	1		7	61	C#4	4	435
52	52	206	206	1.0	1/2	1/2	2/2	2	1	1/4		1/4	1		2	62	D4	4	436
52	52	207	207	1.0	3/4	3/4	2/2	2	1	1/4		1/4	1		5	59	B3	3	437
52	52	207	207	1.0	3/4	3/4	2/2	1	2	1/4		1/4	1		5	71	B4	4	433
52	52	207	207	1.0	3/4	3/4	2/2	1	1	1/4		1/4	1		2	74	D5	5	431
53	53	208	208	1.0	0	0	2/2	2	1	1/4		1/4	1		7	61	C#4	4	445
53	53	208	208	2.0	0	0	2/2	1	2	1/2		1/2	1		10	70	A#4	4	443
53	53	208	208	2.0	0	0	2/2	1	2	1/2		1/2	1		7	73	C#5	5	443
53	53	208	208	2.0	0	0	2/2	1	1	1/2		1/2	1		4	76	E5	5	439
53	53	209	209	1.0	1/4	1/4	2/2	2	1	1/4		1/4	1		10	58	A#3	3	446
53	53	210	210	1.0	1/2	1/2	2/2	2	1	1/4		1/4	1		5	59	B3	3	447
53	53	210	210	2.0	1/2	1/2	2/2	1	2	1/2		1/2	1		5	71	B4	4	444
53	53	210	210	0.5	1/2	1/2	2/2	1	1	1/8		1/8	1		2	74	D5	5	440
53	53	421/2	421/2	0.5	5/8	5/8	2/2	1	1	1/8		1/8	1		7	73	C#5	5	441
53	53	211	211	1.0	3/4	3/4	2/2	2	1	1/4		1/4	1		5	47	B2	2	448
53	53	211	211	1.0	3/4	3/4	2/2	1	1	1/4		1/4	1		2	74	D5	5	442
54	54	212	212	2.0	0	0	2/2	2	1	1/2		1/2	1		6	42	F#2	2	457
54	54	212	212	0.5	0	0	2/2	1	1	1/8		1/8	1		7	73	C#5	5	449
54	54	425/2	425/2	0.5	1/8	1/8	2/2	1	1	1/8		1/8	1		5	71	B4	4	450
54	54	213	213	0.5	1/4	1/4	2/2	1	1	1/8		1/8	1		5	83	B5	5	451
54	54	427/2	427/2	0.5	3/8	3/8	2/2	1	1	1/8		1/8	1		5	71	B4	4	452
54	54	214	214	1.0	1/2	1/2	2/2	2	1	1/4		1/4	1		9	63	D#4	4	458
54	54	214	214	0.5	1/2	1/2	2/2	1	1	1/8		1/8	1		9	75	D#5	5	453
54	54	429/2	429/2	0.5	5/8	5/8	2/2	1	1	1/8		1/8	1		5	71	B4	4	454
54	54	215	215	0.5	3/4	3/4	2/2	2	1	1/8		1/8	1		7	61	C#4	4	459
54	54	215	215	0.5	3/4	3/4	2/2	1	1	1/8		1/8	1		5	83	B5	5	455
54	54	431/2	431/2	0.5	7/8	7/8	2/2	2	1	1/8		1/8	1		5	59	B3	3	460
54	54	431/2	431/2	0.5	7/8	7/8	2/2	1	1	1/8		1/8	1		5	71	B4	4	456
55	55	216	216	2.0	0	0	2/2	2	1	1/2		1/2	1		6	42	F#2	2	469
55	55	216	216	0.5	0	0	2/2	1	1	1/8		1/8	1		9	75	D#5	5	461
55	55	433/2	433/2	0.5	1/8	1/8	2/2	1	1	1/8		1/8	1		5	71	B4	4	462
55	55	217	217	0.5	1/4	1/4	2/2	1	1	1/8		1/8	1		5	83	B5	5	463
55	55	435/2	435/2	0.5	3/8	3/8	2/2	1	1	1/8		1/8	1		5	71	B4	4	464
55	55	218	218	1.0	1/2	1/2	2/2	2	1	1/4		1/4	1		9	63	D#4	4	470
55	55	218	218	0.5	1/2	1/2	2/2	1	1	1/8		1/8	1		9	75	D#5	5	465
55	55	437/2	437/2	0.5	5/8	5/8	2/2	1	1	1/8		1/8	1		5	71	B4	4	466
55	55	219	219	0.5	3/4	3/4	2/2	2	1	1/8		1/8	1		7	61	C#4	4	471
55	55	219	219	0.5	3/4	3/4	2/2	1	1	1/8		1/8	1		6	78	F#5	5	467
55	55	439/2	439/2	0.5	7/8	7/8	2/2	2	1	1/8		1/8	1		5	59	B3	3	472
55	55	439/2	439/2	0.5	7/8	7/8	2/2	1	1	1/8		1/8	1		5	71	B4	4	468
56	56	220	220	2.0	0	0	2/2	2	1	1/2		1/2	1		4	40	E2	2	481
56	56	220	220	0.5	0	0	2/2	1	1	1/8		1/8	1		8	80	G#5	5	473
56	56	441/2	441/2	0.5	1/8	1/8	2/2	1	1	1/8		1/8	1		5	71	B4	4	474
56	56	221	221	0.5	1/4	1/4	2/2	1	1	1/8		1/8	1		5	83	B5	5	475
56	56	443/2	443/2	0.5	3/8	3/8	2/2	1	1	1/8		1/8	1		5	71	B4	4	476
56	56	222	222	1.0	1/2	1/2	2/2	2	1	1/4		1/4	1		9	63	D#4	4	482
56	56	222	222	0.5	1/2	1/2	2/2	1	1	1/8		1/8	1		8	80	G#5	5	477
56	56	445/2	445/2	0.5	5/8	5/8	2/2	1	1	1/8		1/8	1		5	71	B4	4	478
56	56	223	223	0.5	3/4	3/4	2/2	2	1	1/8		1/8	1		7	61	C#4	4	483
56	56	223	223	0.5	3/4	3/4	2/2	1	1	1/8		1/8	1		4	76	E5	5	479
56	56	447/2	447/2	0.5	7/8	7/8	2/2	2	1	1/8		1/8	1		5	59	B3	3	484
56	56	447/2	447/2	0.5	7/8	7/8	2/2	1	1	1/8		1/8	1		5	71	B4	4	480
57	57	224	224	2.0	0	0	2/2	2	1	1/2		1/2	1		9	39	D#2	2	493
57	57	224	224	0.5	0	0	2/2	1	1	1/8		1/8	1		6	78	F#5	5	485
57	57	449/2	449/2	0.5	1/8	1/8	2/2	1	1	1/8		1/8	1		5	71	B4	4	486
57	57	225	225	0.5	1/4	1/4	2/2	1	1	1/8		1/8	1		5	83	B5	5	487
57	57	451/2	451/2	0.5	3/8	3/8	2/2	1	1	1/8		1/8	1		5	71	B4	4	488
57	57	226	226	1.0	1/2	1/2	2/2	2	1	1/4		1/4	1		9	63	D#4	4	494
57	57	226	226	0.5	1/2	1/2	2/2	1	1	1/8		1/8	1		6	78	F#5	5	489
57	57	453/2	453/2	0.5	5/8	5/8	2/2	1	1	1/8		1/8	1		5	71	B4	4	490
57	57	227	227	0.5	3/4	3/4	2/2	2	1	1/8		1/8	1		7	61	C#4	4	495
57	57	227	227	0.5	3/4	3/4	2/2	1	1	1/8		1/8	1		9	75	D#5	5	491
57	57	455/2	455/2	0.5	7/8	7/8	2/2	2	1	1/8		1/8	1		5	59	B3	3	496
57	57	455/2	455/2	0.5	7/8	7/8	2/2	1	1	1/8		1/8	1		5	71	B4	4	492
58	58	228	228	2.0	0	0	2/2	2	1	1/2		1/2	1		7	37	C#2	2	505
58	58	228	228	0.5	0	0	2/2	1	1	1/8		1/8	1		4	76	E5	5	497
58	58	457/2	457/2	0.5	1/8	1/8	2/2	1	1	1/8		1/8	1		5	71	B4	4	498
58	58	229	229	0.5	1/4	1/4	2/2	1	1	1/8		1/8	1		5	83	B5	5	499
58	58	459/2	459/2	0.5	3/8	3/8	2/2	1	1	1/8		1/8	1		5	71	B4	4	500
58	58	230	230	1.0	1/2	1/2	2/2	2	1	1/4		1/4	1		9	63	D#4	4	506
58	58	230	230	0.5	1/2	1/2	2/2	1	1	1/8		1/8	1		4	76	E5	5	501
58	58	461/2	461/2	0.5	5/8	5/8	2/2	1	1	1/8		1/8	1		5	71	B4	4	502
58	58	231	231	0.5	3/4	3/4	2/2	2	1	1/8		1/8	1		7	61	C#4	4	507
58	58	231	231	0.5	3/4	3/4	2/2	1	1	1/8		1/8	1		7	73	C#5	5	503
58	58	463/2	463/2	0.5	7/8	7/8	2/2	2	1	1/8		1/8	1		5	59	B3	3	508
58	58	463/2	463/2	0.5	7/8	7/8	2/2	1	1	1/8		1/8	1		5	71	B4	4	504
59	59	232	232	3.0	0	0	2/2	2	1	3/4		1/2	3/2		5	35	B1	1	517
59	59	232	232	0.5	0	0	2/2	1	1	1/8		1/8	1		9	75	D#5	5	509
59	59	465/2	465/2	0.5	1/8	1/8	2/2	1	1	1/8		1/8	1		5	71	B4	4	510
59	59	233	233	0.5	1/4	1/4	2/2	1	1	1/8		1/8	1		9	75	D#5	5	511
59	59	467/2	467/2	0.5	3/8	3/8	2/2	1	1	1/8		1/8	1		6	78	F#5	5	512
59	59	234	234	0.5	1/2	1/2	2/2	1	1	1/8		1/8	1		5	83	B5	5	513
59	59	469/2	469/2	0.5	5/8	5/8	2/2	1	1	1/8		1/8	1		3	81	A5	5	514
59	59	235	235	1.0	3/4	3/4	2/2	2	1	1/4		1/4	1		9	39	D#2	2	518
59	59	235	235	0.5	3/4	3/4	2/2	1	1	1/8		1/8	1		8	80	G#5	5	515
59	59	471/2	471/2	0.5	7/8	7/8	2/2	1	1	1/8		1/8	1		6	78	F#5	5	516
60	60	236	236	1.0	0	0	2/2	2	1	1/4		1/4	1		4	40	E2	2	527
60	60	236	236	0.5	0	0	2/2	1	1	1/8		1/8	1		4	76	E5	5	519
60	60	473/2	473/2	0.5	1/8	1/8	2/2	1	1	1/8		1/8	1		9	75	D#5	5	520
60	60	237	237	1.0	1/4	1/4	2/2	2	1	1/4		1/4	1		4	52	E3	3	528
60	60	237	237	0.5	1/4	1/4	2/2	1	1	1/8		1/8	1		7	73	C#5	5	521
60	60	475/2	475/2	0.5	3/8	3/8	2/2	1	1	1/8		1/8	1		5	71	B4	4	522
60	60	238	238	1.0	1/2	1/2	2/2	2	1	1/4		1/4	1		6	54	F#3	3	529
60	60	238	238	0.5	1/2	1/2	2/2	1	1	1/8		1/8	1		6	78	F#5	5	523
60	60	477/2	477/2	0.5	5/8	5/8	2/2	1	1	1/8		1/8	1		4	76	E5	5	524
60	60	239	239	1.0	3/4	3/4	2/2	2	1	1/4		1/4	1		6	42	F#2	2	530
60	60	239	239	0.5	3/4	3/4	2/2	1	1	1/8		1/8	1		9	75	D#5	5	525
60	60	479/2	479/2	0.5	7/8	7/8	2/2	1	1	1/8		1/8	1		7	73	C#5	5	526
61	61	240	240	2.0	0	0	2/2	2	1	1/2		1/2	1		5	47	B2	2	539
61	61	240	240	0.5	0	0	2/2	1	1	1/8		1/8	1		5	83	B5	5	531
61	61	481/2	481/2	0.5	1/8	1/8	2/2	1	1	1/8		1/8	1		5	71	B4	4	532
61	61	241	241	0.5	1/4	1/4	2/2	1	1	1/8		1/8	1		9	75	D#5	5	533
61	61	483/2	483/2	0.5	3/8	3/8	2/2	1	1	1/8		1/8	1		5	71	B4	4	534
61	61	242	242	1.0	1/2	1/2	2/2	2	1	1/4		1/4	1		9	63	D#4	4	540
61	61	242	242	0.5	1/2	1/2	2/2	1	1	1/8		1/8	1		6	78	F#5	5	535
61	61	485/2	485/2	0.5	5/8	5/8	2/2	1	1	1/8		1/8	1		5	71	B4	4	536
61	61	243	243	0.5	3/4	3/4	2/2	2	1	1/8		1/8	1		7	61	C#4	4	541
61	61	243	243	0.5	3/4	3/4	2/2	1	1	1/8		1/8	1		4	76	E5	5	537
61	61	487/2	487/2	0.5	7/8	7/8	2/2	2	1	1/8		1/8	1		5	59	B3	3	542
61	61	487/2	487/2	0.5	7/8	7/8	2/2	1	1	1/8		1/8	1		5	71	B4	4	538
62	62	244	244	2.0	0	0	2/2	2	1	1/2		1/2	1		6	42	F#2	2	551
62	62	244	244	0.5	0	0	2/2	1	1	1/8		1/8	1		9	75	D#5	5	543
62	62	489/2	489/2	0.5	1/8	1/8	2/2	1	1	1/8		1/8	1		5	71	B4	4	544
62	62	245	245	0.5	1/4	1/4	2/2	1	1	1/8		1/8	1		5	83	B5	5	545
62	62	491/2	491/2	0.5	3/8	3/8	2/2	1	1	1/8		1/8	1		5	71	B4	4	546
62	62	246	246	1.0	1/2	1/2	2/2	2	1	1/4		1/4	1		9	63	D#4	4	552
62	62	246	246	0.5	1/2	1/2	2/2	1	1	1/8		1/8	1		9	75	D#5	5	547
62	62	493/2	493/2	0.5	5/8	5/8	2/2	1	1	1/8		1/8	1		5	71	B4	4	548
62	62	247	247	0.5	3/4	3/4	2/2	2	1	1/8		1/8	1		7	61	C#4	4	553
62	62	247	247	0.5	3/4	3/4	2/2	1	1	1/8		1/8	1		6	78	F#5	5	549
62	62	495/2	495/2	0.5	7/8	7/8	2/2	2	1	1/8		1/8	1		5	59	B3	3	554
62	62	495/2	495/2	0.5	7/8	7/8	2/2	1	1	1/8		1/8	1		5	71	B4	4	550
63	63	248	248	2.0	0	0	2/2	2	1	1/2		1/2	1		4	40	E2	2	563
63	63	248	248	0.5	0	0	2/2	1	1	1/8		1/8	1		8	80	G#5	5	555
63	63	497/2	497/2	0.5	1/8	1/8	2/2	1	1	1/8		1/8	1		5	71	B4	4	556
63	63	249	249	0.5	1/4	1/4	2/2	1	1	1/8		1/8	1		5	83	B5	5	557
63	63	499/2	499/2	0.5	3/8	3/8	2/2	1	1	1/8		1/8	1		5	71	B4	4	558
63	63	250	250	1.0	1/2	1/2	2/2	2	1	1/4		1/4	1		9	63	D#4	4	564
63	63	250	250	0.5	1/2	1/2	2/2	1	1	1/8		1/8	1		8	80	G#5	5	559
63	63	501/2	501/2	0.5	5/8	5/8	2/2	1	1	1/8		1/8	1		5	71	B4	4	560
63	63	251	251	0.5	3/4	3/4	2/2	2	1	1/8		1/8	1		7	61	C#4	4	565
63	63	251	251	0.5	3/4	3/4	2/2	1	1	1/8		1/8	1		4	76	E5	5	561
63	63	503/2	503/2	0.5	7/8	7/8	2/2	2	1	1/8		1/8	1		5	59	B3	3	566
63	63	503/2	503/2	0.5	7/8	7/8	2/2	1	1	1/8		1/8	1		5	71	B4	4	562
64	64	252	252	2.0	0	0	2/2	2	1	1/2		1/2	1		9	39	D#2	2	575
64	64	252	252	0.5	0	0	2/2	1	1	1/8		1/8	1		6	78	F#5	5	567
64	64	505/2	505/2	0.5	1/8	1/8	2/2	1	1	1/8		1/8	1		5	71	B4	4	568
64	64	253	253	0.5	1/4	1/4	2/2	1	1	1/8		1/8	1		5	83	B5	5	569
64	64	507/2	507/2	0.5	3/8	3/8	2/2	1	1	1/8		1/8	1		5	71	B4	4	570
64	64	254	254	1.0	1/2	1/2	2/2	2	1	1/4		1/4	1		9	63	D#4	4	576
64	64	254	254	0.5	1/2	1/2	2/2	1	1	1/8		1/8	1		6	78	F#5	5	571
64	64	509/2	509/2	0.5	5/8	5/8	2/2	1	1	1/8		1/8	1		5	71	B4	4	572
64	64	255	255	0.5	3/4	3/4	2/2	2	1	1/8		1/8	1		7	61	C#4	4	577
64	64	255	255	0.5	3/4	3/4	2/2	1	1	1/8		1/8	1		9	75	D#5	5	573
64	64	511/2	511/2	0.5	7/8	7/8	2/2	2	1	1/8		1/8	1		5	59	B3	3	578
64	64	511/2	511/2	0.5	7/8	7/8	2/2	1	1	1/8		1/8	1		5	71	B4	4	574
65	65	256	256	2.0	0	0	2/2	2	1	1/2		1/2	1		7	37	C#2	2	587
65	65	256	256	0.5	0	0	2/2	1	1	1/8		1/8	1		4	76	E5	5	579
65	65	513/2	513/2	0.5	1/8	1/8	2/2	1	1	1/8		1/8	1		5	71	B4	4	580
65	65	257	257	0.5	1/4	1/4	2/2	1	1	1/8		1/8	1		5	83	B5	5	581
65	65	515/2	515/2	0.5	3/8	3/8	2/2	1	1	1/8		1/8	1		5	71	B4	4	582
65	65	258	258	1.0	1/2	1/2	2/2	2	1	1/4		1/4	1		9	63	D#4	4	588
65	65	258	258	0.5	1/2	1/2	2/2	1	1	1/8		1/8	1		4	76	E5	5	583
65	65	517/2	517/2	0.5	5/8	5/8	2/2	1	1	1/8		1/8	1		5	71	B4	4	584
65	65	259	259	0.5	3/4	3/4	2/2	2	1	1/8		1/8	1		7	61	C#4	4	589
65	65	259	259	0.5	3/4	3/4	2/2	1	1	1/8		1/8	1		7	73	C#5	5	585
65	65	519/2	519/2	0.5	7/8	7/8	2/2	2	1	1/8		1/8	1		5	59	B3	3	590
65	65	519/2	519/2	0.5	7/8	7/8	2/2	1	1	1/8		1/8	1		5	71	B4	4	586
66	66	260	260	3.0	0	0	2/2	2	1	3/4		1/2	3/2		5	35	B1	1	599
66	66	260	260	0.5	0	0	2/2	1	1	1/8		1/8	1		9	75	D#5	5	591
66	66	521/2	521/2	0.5	1/8	1/8	2/2	1	1	1/8		1/8	1		5	71	B4	4	592
66	66	261	261	0.5	1/4	1/4	2/2	1	1	1/8		1/8	1		9	75	D#5	5	593
66	66	523/2	523/2	0.5	3/8	3/8	2/2	1	1	1/8		1/8	1		6	78	F#5	5	594
66	66	262	262	0.5	1/2	1/2	2/2	1	1	1/8		1/8	1		5	83	B5	5	595
66	66	525/2	525/2	0.5	5/8	5/8	2/2	1	1	1/8		1/8	1		3	81	A5	5	596
66	66	263	263	1.0	3/4	3/4	2/2	2	1	1/4		1/4	1		9	39	D#2	2	600
66	66	263	263	0.5	3/4	3/4	2/2	1	1	1/8		1/8	1		8	80	G#5	5	597
66	66	527/2	527/2	0.5	7/8	7/8	2/2	1	1	1/8		1/8	1		6	78	F#5	5	598
67	67	264	264	1.0	0	0	2/2	2	1	1/4		1/4	1		4	40	E2	2	609
67	67	264	264	0.5	0	0	2/2	1	1	1/8		1/8	1		4	76	E5	5	601
67	67	529/2	529/2	0.5	1/8	1/8	2/2	1	1	1/8		1/8	1		9	75	D#5	5	602
67	67	265	265	1.0	1/4	1/4	2/2	2	1	1/4		1/4	1		4	52	E3	3	610
67	67	265	265	0.5	1/4	1/4	2/2	1	1	1/8		1/8	1		7	73	C#5	5	603
67	67	531/2	531/2	0.5	3/8	3/8	2/2	1	1	1/8		1/8	1		5	71	B4	4	604
67	67	266	266	1.0	1/2	1/2	2/2	2	1	1/4		1/4	1		6	54	F#3	3	611
67	67	266	266	0.5	1/2	1/2	2/2	1	1	1/8		1/8	1		6	78	F#5	5	605
67	67	533/2	533/2	0.5	5/8	5/8	2/2	1	1	1/8		1/8	1		4	76	E5	5	606
67	67	267	267	1.0	3/4	3/4	2/2	2	1	1/4		1/4	1		6	42	F#2	2	612
67	67	267	267	0.5	3/4	3/4	2/2	1	1	1/8		1/8	1		9	75	D#5	5	607
67	67	535/2	535/2	0.5	7/8	7/8	2/2	1	1	1/8		1/8	1		7	73	C#5	5	608
68	68	268	268	2.0	0	0	2/2	1	2	1/2		1/2	1		5	71	B4	4	615
68	68	268	268	2.0	0	0	2/2	1	1	1/2		1/2	1		5	83	B5	5	613
68	68	537/2	537/2	0.5	1/8	1/8	2/2	2	1	1/8		1/8	1		5	59	B3	3	616
68	68	269	269	0.5	1/4	1/4	2/2	2	1	1/8		1/8	1		7	61	C#4	4	617
68	68	539/2	539/2	0.5	3/8	3/8	2/2	2	1	1/8		1/8	1		9	63	D#4	4	618
68	68	270	270	0.5	1/2	1/2	2/2	2	1	1/8		1/8	1		4	64	E4	4	619
68	68	270	270	2.0	1/2	1/2	2/2	1	1	1/2		1/2	1	1	8	80	G#5	5	614
68	68	541/2	541/2	0.5	5/8	5/8	2/2	2	1	1/8		1/8	1		6	66	F#4	4	620
68	68	271	271	0.5	3/4	3/4	2/2	2	1	1/8		1/8	1		8	68	G#4	4	621
68	68	543/2	543/2	0.5	7/8	7/8	2/2	2	1	1/8		1/8	1		10	70	A#4	4	622
69	69	272	272	2.0	0	0	2/2	2	1	1/2		1/2	1		6	42	F#2	2	631
69	69	272	272	0.5	0	0	2/2	1	1	1/8		1/8	1	-1	8	80	G#5	5	623
69	69	545/2	545/2	0.5	1/8	1/8	2/2	1	1	1/8		1/8	1		8	80	G#5	5	624
69	69	273	273	0.5	1/4	1/4	2/2	1	1	1/8		1/8	1		6	78	F#5	5	625
69	69	547/2	547/2	0.5	3/8	3/8	2/2	1	1	1/8		1/8	1		4	76	E5	5	626
69	69	274	274	2.0	1/2	1/2	2/2	2	1	1/2		1/2	1		5	47	B2	2	632
69	69	274	274	2.0	1/2	1/2	2/2	2	1	1/2		1/2	1		5	59	B3	3	632
69	69	274	274	0.5	1/2	1/2	2/2	1	1	1/8		1/8	1		4	76	E5	5	627
69	69	549/2	549/2	0.5	5/8	5/8	2/2	1	1	1/8		1/8	1		9	75	D#5	5	628
69	69	275	275	0.5	3/4	3/4	2/2	1	1	1/8		1/8	1		7	73	C#5	5	629
69	69	551/2	551/2	0.5	7/8	7/8	2/2	1	1	1/8		1/8	1		5	71	B4	4	630
70	70	276	276	2.0	0	0	2/2	2	1	1/2		1/2	1		4	40	E2	2	641
70	70	276	276	2.0	0	0	2/2	2	1	1/2		1/2	1		4	52	E3	3	641
70	70	276	276	0.5	0	0	2/2	1	1	1/8		1/8	1		7	73	C#5	5	633
70	70	553/2	553/2	0.5	1/8	1/8	2/2	1	1	1/8		1/8	1		4	76	E5	5	634
70	70	277	277	0.5	1/4	1/4	2/2	1	1	1/8		1/8	1		9	75	D#5	5	635
70	70	555/2	555/2	0.5	3/8	3/8	2/2	1	1	1/8		1/8	1		7	73	C#5	5	636
70	70	278	278	2.0	1/2	1/2	2/2	2	1	1/2		1/2	1		6	42	F#2	2	642
70	70	278	278	2.0	1/2	1/2	2/2	2	1	1/2		1/2	1		6	54	F#3	3	642
70	70	278	278	0.5	1/2	1/2	2/2	1	1	1/8		1/8	1		6	78	F#5	5	637
70	70	557/2	557/2	0.5	5/8	5/8	2/2	1	1	1/8		1/8	1		4	76	E5	5	638
70	70	279	279	0.5	3/4	3/4	2/2	1	1	1/8		1/8	1		9	75	D#5	5	639
70	70	559/2	559/2	0.5	7/8	7/8	2/2	1	1	1/8		1/8	1		7	73	C#5	5	640
71	71	280	280	2.0	0	0	2/2	1	2	1/2		1/2	1		5	71	B4	4	645
71	71	280	280	2.0	0	0	2/2	1	1	1/2		1/2	1		5	83	B5	5	643
71	71	561/2	561/2	0.5	1/8	1/8	2/2	2	1	1/8		1/8	1		5	59	B3	3	646
71	71	281	281	0.5	1/4	1/4	2/2	2	1	1/8		1/8	1		7	61	C#4	4	647
71	71	563/2	563/2	0.5	3/8	3/8	2/2	2	1	1/8		1/8	1		9	63	D#4	4	648
71	71	282	282	0.5	1/2	1/2	2/2	2	1	1/8		1/8	1		4	64	E4	4	649
71	71	282	282	2.0	1/2	1/2	2/2	1	1	1/2		1/2	1	1	8	80	G#5	5	644
71	71	565/2	565/2	0.5	5/8	5/8	2/2	2	1	1/8		1/8	1		6	66	F#4	4	650
71	71	283	283	0.5	3/4	3/4	2/2	2	1	1/8		1/8	1		8	68	G#4	4	651
71	71	567/2	567/2	0.5	7/8	7/8	2/2	2	1	1/8		1/8	1		10	70	A#4	4	652
72	72	284	284	2.0	0	0	2/2	2	1	1/2		1/2	1		6	42	F#2	2	661
72	72	284	284	0.5	0	0	2/2	1	1	1/8		1/8	1	-1	8	80	G#5	5	653
72	72	569/2	569/2	0.5	1/8	1/8	2/2	1	1	1/8		1/8	1		8	80	G#5	5	654
72	72	285	285	0.5	1/4	1/4	2/2	1	1	1/8		1/8	1		6	78	F#5	5	655
72	72	571/2	571/2	0.5	3/8	3/8	2/2	1	1	1/8		1/8	1		4	76	E5	5	656
72	72	286	286	2.0	1/2	1/2	2/2	2	1	1/2		1/2	1		5	47	B2	2	662
72	72	286	286	2.0	1/2	1/2	2/2	2	1	1/2		1/2	1		5	59	B3	3	662
72	72	286	286	0.5	1/2	1/2	2/2	1	1	1/8		1/8	1		4	76	E5	5	657
72	72	573/2	573/2	0.5	5/8	5/8	2/2	1	1	1/8		1/8	1		9	75	D#5	5	658
72	72	287	287	0.5	3/4	3/4	2/2	1	1	1/8		1/8	1		7	73	C#5	5	659
72	72	575/2	575/2	0.5	7/8	7/8	2/2	1	1	1/8		1/8	1		5	71	B4	4	660
73	73	288	288	2.0	0	0	2/2	2	1	1/2		1/2	1		4	40	E2	2	671
73	73	288	288	2.0	0	0	2/2	2	1	1/2		1/2	1		4	52	E3	3	671
73	73	288	288	0.5	0	0	2/2	1	1	1/8		1/8	1		7	73	C#5	5	663
73	73	577/2	577/2	0.5	1/8	1/8	2/2	1	1	1/8		1/8	1		4	76	E5	5	664
73	73	289	289	0.5	1/4	1/4	2/2	1	1	1/8		1/8	1		9	75	D#5	5	665
73	73	579/2	579/2	0.5	3/8	3/8	2/2	1	1	1/8		1/8	1		7	73	C#5	5	666
73	73	290	290	2.0	1/2	1/2	2/2	2	1	1/2		1/2	1		6	42	F#2	2	672
73	73	290	290	2.0	1/2	1/2	2/2	2	1	1/2		1/2	1		6	54	F#3	3	672
73	73	290	290	0.5	1/2	1/2	2/2	1	1	1/8		1/8	1		6	78	F#5	5	667
73	73	581/2	581/2	0.5	5/8	5/8	2/2	1	1	1/8		1/8	1		4	76	E5	5	668
73	73	291	291	0.5	3/4	3/4	2/2	1	1	1/8		1/8	1		9	75	D#5	5	669
73	73	583/2	583/2	0.5	7/8	7/8	2/2	1	1	1/8		1/8	1		7	73	C#5	5	670
74	74	292	292	2.0	0	0	2/2	2	1	1/2		1/2	1		5	35	B1	1	681
74	74	292	292	2.0	0	0	2/2	2	1	1/2		1/2	1		5	47	B2	2	681
74	74	292	292	0.5	0	0	2/2	1	1	1/8		1/8	1		5	83	B5	5	673
74	74	585/2	585/2	0.5	1/8	1/8	2/2	1	1	1/8		1/8	1		6	78	F#5	5	674
74	74	293	293	0.5	1/4	1/4	2/2	1	1	1/8		1/8	1		9	75	D#5	5	675
74	74	587/2	587/2	0.5	3/8	3/8	2/2	1	1	1/8		1/8	1		5	71	B4	4	676
74	74	294	294	0.5	1/2	1/2	2/2	1	1	1/8		1/8	1		5	71	B4	4	677
74	74	589/2	589/2	0.5	5/8	5/8	2/2	1	1	1/8		1/8	1		6	66	F#4	4	678
74	74	295	295	0.5	3/4	3/4	2/2	1	1	1/8		1/8	1		9	63	D#4	4	679
74	74	591/2	591/2	0.5	7/8	7/8	2/2	1	1	1/8		1/8	1		5	59	B3	3	680
75	75	296	296	0.5	0	0	2/2	2	1	1/8		1/8	1		5	59	B3	3	682
75	75	593/2	593/2	0.5	1/8	1/8	2/2	2	1	1/8		1/8	1		6	54	F#3	3	683
75	75	297	297	0.5	1/4	1/4	2/2	2	1	1/8		1/8	1		9	51	D#3	3	684
75	75	595/2	595/2	0.5	3/8	3/8	2/2	2	1	1/8		1/8	1		5	47	B2	2	685
75	75	298	298	0.5	1/2	1/2	2/2	2	1	1/8		1/8	1		5	47	B2	2	686
75	75	597/2	597/2	0.5	5/8	5/8	2/2	2	1	1/8		1/8	1		6	42	F#2	2	687
75	75	299	299	0.5	3/4	3/4	2/2	2	1	1/8		1/8	1		9	39	D#2	2	688
75	75	599/2	599/2	0.5	7/8	7/8	2/2	2	1	1/8		1/8	1		5	35	B1	1	689
76	76	300	300	2.0	0	0	2/2	2	1	1/2		1/2	1		5	35	B1	1	690
77	77	304	304	2.0	0	0	2/2	2	1	1/2		1/2	1		8	44	G#2	2	696
77	77	304	304	2.0	0	0	2/2	2	1	1/2		1/2	1		8	56	G#3	3	696
77	77	305	305	0.5	1/4	1/4	2/2	1	1	1/8		1/8	1		6	78	F#5	5	691
77	77	611/2	611/2	0.5	3/8	3/8	2/2	1	1	1/8		1/8	1		3	69	A4	4	692
77	77	611/2	611/2	0.5	3/8	3/8	2/2	1	1	1/8		1/8	1		7	73	C#5	5	692
77	77	306	306	1.0	1/2	1/2	2/2	1	1	1/4		1/4	1		8	68	G#4	4	693
77	77	306	306	1.0	1/2	1/2	2/2	1	1	1/4		1/4	1		12	72	B#4	4	693
77	77	307	307	0.5	3/4	3/4	2/2	1	1	1/8		1/8	1		6	78	F#5	5	694
77	77	615/2	615/2	0.5	7/8	7/8	2/2	1	1	1/8		1/8	1		3	69	A4	4	695
77	77	615/2	615/2	0.5	7/8	7/8	2/2	1	1	1/8		1/8	1		7	73	C#5	5	695
78	78	308	308	2.0	0	0	2/2	2	1	1/2		1/2	1		8	44	G#2	2	703
78	78	308	308	2.0	0	0	2/2	2	1	1/2		1/2	1		8	56	G#3	3	703
78	78	308	308	1.0	0	0	2/2	1	1	1/4		1/4	1		8	68	G#4	4	697
78	78	308	308	1.0	0	0	2/2	1	1	1/4		1/4	1		12	72	B#4	4	697
78	78	309	309	0.5	1/4	1/4	2/2	1	1	1/8		1/8	1		6	78	F#5	5	698
78	78	619/2	619/2	0.5	3/8	3/8	2/2	1	1	1/8		1/8	1		3	69	A4	4	699
78	78	619/2	619/2	0.5	3/8	3/8	2/2	1	1	1/8		1/8	1		7	73	C#5	5	699
78	78	310	310	1.0	1/2	1/2	2/2	1	1	1/4		1/4	1		8	68	G#4	4	700
78	78	310	310	1.0	1/2	1/2	2/2	1	1	1/4		1/4	1		12	72	B#4	4	700
78	78	311	311	0.5	3/4	3/4	2/2	1	1	1/8		1/8	1		6	78	F#5	5	701
78	78	623/2	623/2	0.5	7/8	7/8	2/2	1	1	1/8		1/8	1		3	69	A4	4	702
78	78	623/2	623/2	0.5	7/8	7/8	2/2	1	1	1/8		1/8	1		7	73	C#5	5	702
79	79	312	312	2.0	0	0	2/2	2	1	1/2		1/2	1		8	44	G#2	2	712
79	79	312	312	2.0	0	0	2/2	2	1	1/2		1/2	1		8	56	G#3	3	712
79	79	312	312	1.0	0	0	2/2	1	1	1/4		1/4	1		8	68	G#4	4	704
79	79	312	312	1.0	0	0	2/2	1	1	1/4		1/4	1		12	72	B#4	4	704
79	79	313	313	0.5	1/4	1/4	2/2	1	1	1/8		1/8	1		6	78	F#5	5	705
79	79	627/2	627/2	0.5	3/8	3/8	2/2	1	1	1/8		1/8	1		3	69	A4	4	706
79	79	314	314	0.5	1/2	1/2	2/2	1	1	1/8		1/8	1		8	68	G#4	4	707
79	79	629/2	629/2	0.5	5/8	5/8	2/2	1	1	1/8		1/8	1		4	76	E5	5	708
79	79	315	315	0.5	3/4	3/4	2/2	1	1	1/8		1/8	1		6	66	F#4	4	709
79	79	315	315	1.0	3/4	3/4	2/2	1	2	1/4		1/4	1	1	6	66	F#4	4	711
79	79	631/2	631/2	0.5	7/8	7/8	2/2	1	1	1/8		1/8	1	1	9	75	D#5	5	710
80	80	316	316	2.0	0	0	2/2	2	1	1/2		1/2	1		8	44	G#2	2	722
80	80	316	316	2.0	0	0	2/2	2	1	1/2		1/2	1		8	56	G#3	3	722
80	80	316	316	1.0	0	0	2/2	1	2	1/4		1/4	1	-1	6	66	F#4	4	720
80	80	316	316	1.0	0	0	2/2	1	1	1/4		1/4	1	-1	9	75	D#5	5	713
80	80	317	317	0.5	1/4	1/4	2/2	1	1	1/8		1/8	1		4	76	E5	5	714
80	80	635/2	635/2	0.5	3/8	3/8	2/2	1	1	1/8		1/8	1		8	68	G#4	4	715
80	80	318	318	0.5	1/2	1/2	2/2	1	1	1/8		1/8	1		6	66	F#4	4	716
80	80	637/2	637/2	0.5	5/8	5/8	2/2	1	1	1/8		1/8	1		9	75	D#5	5	717
80	80	319	319	0.5	3/4	3/4	2/2	1	1	1/8		1/8	1		4	64	E4	4	718
80	80	319	319	1.0	3/4	3/4	2/2	1	2	1/4		1/4	1	1	4	64	E4	4	721
80	80	639/2	639/2	0.5	7/8	7/8	2/2	1	1	1/8		1/8	1	1	7	73	C#5	5	719
81	81	320	320	2.0	0	0	2/2	2	1	1/2		1/2	1		8	44	G#2	2	731
81	81	320	320	2.0	0	0	2/2	2	1	1/2		1/2	1		8	56	G#3	3	731
81	81	320	320	1.0	0	0	2/2	1	2	1/4		1/4	1	-1	4	64	E4	4	730
81	81	320	320	1.0	0	0	2/2	1	1	1/4		1/4	1	-1	7	73	C#5	5	723
81	81	321	321	0.5	1/4	1/4	2/2	1	1	1/8		1/8	1		9	75	D#5	5	724
81	81	643/2	643/2	0.5	3/8	3/8	2/2	1	1	1/8		1/8	1		6	66	F#4	4	725
81	81	322	322	0.5	1/2	1/2	2/2	1	1	1/8		1/8	1		4	64	E4	4	726
81	81	645/2	645/2	0.5	5/8	5/8	2/2	1	1	1/8		1/8	1		7	73	C#5	5	727
81	81	323	323	0.5	3/4	3/4	2/2	1	1	1/8		1/8	1		9	63	D#4	4	728
81	81	647/2	647/2	0.5	7/8	7/8	2/2	1	1	1/8		1/8	1		12	72	B#4	4	729
82	82	324	324	2.0	0	0	2/2	2	1	1/2		1/2	1		7	37	C#2	2	736
82	82	324	324	0.5	0	0	2/2	1	1	1/8		1/8	1		7	73	C#5	5	732
82	82	649/2	649/2	0.5	1/8	1/8	2/2	1	1	1/8		1/8	1		8	68	G#4	4	733
82	82	325	325	0.5	1/4	1/4	2/2	1	1	1/8		1/8	1		4	64	E4	4	734
82	82	651/2	651/2	0.5	3/8	3/8	2/2	1	1	1/8		1/8	1		7	61	C#4	4	735
82	82	326	326	0.5	1/2	1/2	2/2	2	1	1/8		1/8	1		8	56	G#3	3	737
82	82	653/2	653/2	0.5	5/8	5/8	2/2	2	1	1/8		1/8	1		4	52	E3	3	738
82	82	327	327	0.5	3/4	3/4	2/2	2	1	1/8		1/8	1		7	49	C#3	3	739
82	82	655/2	655/2	0.5	7/8	7/8	2/2	2	1	1/8		1/8	1		8	44	G#2	2	740
83	83	328	328	2.0	0	0	2/2	2	1	1/2		1/2	1		7	37	C#2	2	741
84	84	332	332	2.0	0	0	2/2	2	1	1/2		1/2	1		6	42	F#2	2	747
84	84	332	332	2.0	0	0	2/2	2	1	1/2		1/2	1		6	54	F#3	3	747
84	84	333	333	0.5	1/4	1/4	2/2	1	1	1/8		1/8	1		4	76	E5	5	742
84	84	667/2	667/2	0.5	3/8	3/8	2/2	1	1	1/8		1/8	1		1	67	G4	4	743
84	84	667/2	667/2	0.5	3/8	3/8	2/2	1	1	1/8		1/8	1		5	71	B4	4	743
84	84	334	334	1.0	1/2	1/2	2/2	1	1	1/4		1/4	1		6	66	F#4	4	744
84	84	334	334	1.0	1/2	1/2	2/2	1	1	1/4		1/4	1		10	70	A#4	4	744
84	84	335	335	0.5	3/4	3/4	2/2	1	1	1/8		1/8	1		4	76	E5	5	745
84	84	671/2	671/2	0.5	7/8	7/8	2/2	1	1	1/8		1/8	1		1	67	G4	4	746
84	84	671/2	671/2	0.5	7/8	7/8	2/2	1	1	1/8		1/8	1		5	71	B4	4	746
85	85	336	336	2.0	0	0	2/2	2	1	1/2		1/2	1		6	42	F#2	2	754
85	85	336	336	2.0	0	0	2/2	2	1	1/2		1/2	1		6	54	F#3	3	754
85	85	336	336	1.0	0	0	2/2	1	1	1/4		1/4	1		6	66	F#4	4	748
85	85	336	336	1.0	0	0	2/2	1	1	1/4		1/4	1		10	70	A#4	4	748
85	85	337	337	0.5	1/4	1/4	2/2	1	1	1/8		1/8	1		4	76	E5	5	749
85	85	675/2	675/2	0.5	3/8	3/8	2/2	1	1	1/8		1/8	1		1	67	G4	4	750
85	85	675/2	675/2	0.5	3/8	3/8	2/2	1	1	1/8		1/8	1		5	71	B4	4	750
85	85	338	338	1.0	1/2	1/2	2/2	1	1	1/4		1/4	1		6	66	F#4	4	751
85	85	338	338	1.0	1/2	1/2	2/2	1	1	1/4		1/4	1		10	70	A#4	4	751
85	85	339	339	0.5	3/4	3/4	2/2	1	1	1/8		1/8	1		4	76	E5	5	752
85	85	679/2	679/2	0.5	7/8	7/8	2/2	1	1	1/8		1/8	1		1	67	G4	4	753
85	85	679/2	679/2	0.5	7/8	7/8	2/2	1	1	1/8		1/8	1		5	71	B4	4	753
86	86	340	340	2.0	0	0	2/2	2	1	1/2		1/2	1		6	42	F#2	2	763
86	86	340	340	2.0	0	0	2/2	2	1	1/2		1/2	1		6	54	F#3	3	763
86	86	340	340	1.0	0	0	2/2	1	1	1/4		1/4	1		6	66	F#4	4	755
86	86	340	340	1.0	0	0	2/2	1	1	1/4		1/4	1		10	70	A#4	4	755
86	86	341	341	0.5	1/4	1/4	2/2	1	1	1/8		1/8	1		4	76	E5	5	756
86	86	683/2	683/2	0.5	3/8	3/8	2/2	1	1	1/8		1/8	1		1	67	G4	4	757
86	86	342	342	0.5	1/2	1/2	2/2	1	1	1/8		1/8	1		6	66	F#4	4	758
86	86	685/2	685/2	0.5	5/8	5/8	2/2	1	1	1/8		1/8	1		2	74	D5	5	759
86	86	343	343	0.5	3/4	3/4	2/2	1	1	1/8		1/8	1		4	64	E4	4	760
86	86	343	343	1.0	3/4	3/4	2/2	1	2	1/4		1/4	1	1	4	64	E4	4	762
86	86	687/2	687/2	0.5	7/8	7/8	2/2	1	1	1/8		1/8	1	1	7	73	C#5	5	761
87	87	344	344	2.0	0	0	2/2	2	1	1/2		1/2	1		6	42	F#2	2	772
87	87	344	344	2.0	0	0	2/2	2	1	1/2		1/2	1		6	54	F#3	3	772
87	87	344	344	1.0	0	0	2/2	1	2	1/4		1/4	1	-1	4	64	E4	4	771
87	87	344	344	1.0	0	0	2/2	1	1	1/4		1/4	1	-1	7	73	C#5	5	764
87	87	345	345	0.5	1/4	1/4	2/2	1	1	1/8		1/8	1		2	74	D5	5	765
87	87	691/2	691/2	0.5	3/8	3/8	2/2	1	1	1/8		1/8	1		6	66	F#4	4	766
87	87	346	346	0.5	1/2	1/2	2/2	1	1	1/8		1/8	1		4	64	E4	4	767
87	87	693/2	693/2	0.5	5/8	5/8	2/2	1	1	1/8		1/8	1		7	73	C#5	5	768
87	87	347	347	0.5	3/4	3/4	2/2	1	1	1/8		1/8	1	1	2	62	D4	4	769
87	87	695/2	695/2	0.5	7/8	7/8	2/2	1	1	1/8		1/8	1	1	5	71	B4	4	770
88	88	348	348	2.0	0	0	2/2	2	1	1/2		1/2	1		6	42	F#2	2	781
88	88	348	348	2.0	0	0	2/2	2	1	1/2		1/2	1		6	54	F#3	3	781
88	88	348	348	1.0	0	0	2/2	1	2	1/4		1/4	1	-1	2	62	D4	4	780
88	88	348	348	1.0	0	0	2/2	1	1	1/4		1/4	1	-1	5	71	B4	4	773
88	88	349	349	0.5	1/4	1/4	2/2	1	1	1/8		1/8	1		7	73	C#5	5	774
88	88	699/2	699/2	0.5	3/8	3/8	2/2	1	1	1/8		1/8	1		4	64	E4	4	775
88	88	350	350	0.5	1/2	1/2	2/2	1	1	1/8		1/8	1		2	62	D4	4	776
88	88	701/2	701/2	0.5	5/8	5/8	2/2	1	1	1/8		1/8	1		5	71	B4	4	777
88	88	351	351	0.5	3/4	3/4	2/2	1	1	1/8		1/8	1		7	61	C#4	4	778
88	88	703/2	703/2	0.5	7/8	7/8	2/2	1	1	1/8		1/8	1		10	70	A#4	4	779
89	89	352	352	2.0	0	0	2/2	2	1	1/2		1/2	1		5	35	B1	1	786
89	89	352	352	0.5	0	0	2/2	1	1	1/8		1/8	1		5	71	B4	4	782
89	89	705/2	705/2	0.5	1/8	1/8	2/2	1	1	1/8		1/8	1		6	66	F#4	4	783
89	89	353	353	0.5	1/4	1/4	2/2	1	1	1/8		1/8	1		2	62	D4	4	784
89	89	707/2	707/2	0.5	3/8	3/8	2/2	1	1	1/8		1/8	1		5	59	B3	3	785
89	89	354	354	0.5	1/2	1/2	2/2	2	1	1/8		1/8	1		6	54	F#3	3	787
89	89	709/2	709/2	0.5	5/8	5/8	2/2	2	1	1/8		1/8	1		2	50	D3	3	788
89	89	355	355	0.5	3/4	3/4	2/2	2	1	1/8		1/8	1		5	47	B2	2	789
89	89	711/2	711/2	0.5	7/8	7/8	2/2	2	1	1/8		1/8	1		6	42	F#2	2	790
90	90	356	356	3.0	0	0	2/2	2	1	3/4		1/2	3/2		5	35	B1	1	793
90	90	359	359	1.0	3/4	3/4	2/2	2	1	1/4		1/4	1		5	59	B3	3	794
90	90	359	359	1.0	3/4	3/4	2/2	2	1	1/4		1/4	1		2	62	D4	4	794
90	90	359	359	0.5	3/4	3/4	2/2	1	1	1/8		1/8	1		2	74	D5	5	791
90	90	719/2	719/2	0.5	7/8	7/8	2/2	1	1	1/8		1/8	1		5	71	B4	4	792
91	91	360	360	1.0	0	0	2/2	2	1	1/4		1/4	1		5	59	B3	3	799
91	91	360	360	1.0	0	0	2/2	2	1	1/4		1/4	1		2	62	D4	4	799
91	91	360	360	1.0	0	0	2/2	1	1	1/4		1/4	1		11	77	E#5	5	795
91	91	361	361	1.0	1/4	1/4	2/2	2	1	1/4		1/4	1		3	57	A3	3	800
91	91	361	361	1.0	1/4	1/4	2/2	2	1	1/4		1/4	1		7	61	C#4	4	800
91	91	361	361	2.0	1/4	1/4	2/2	1	1	1/2		1/2	1		6	78	F#5	5	796
91	91	362	362	1.0	1/2	1/2	2/2	2	1	1/4		1/4	1		5	59	B3	3	801
91	91	362	362	1.0	1/2	1/2	2/2	2	1	1/4		1/4	1		2	62	D4	4	801
91	91	363	363	1.0	3/4	3/4	2/2	2	1	1/4		1/4	1		5	59	B3	3	802
91	91	363	363	1.0	3/4	3/4	2/2	2	1	1/4		1/4	1		2	62	D4	4	802
91	91	363	363	0.5	3/4	3/4	2/2	1	1	1/8		1/8	1		2	74	D5	5	797
91	91	727/2	727/2	0.5	7/8	7/8	2/2	1	1	1/8		1/8	1		5	71	B4	4	798
92	92	364	364	1.0	0	0	2/2	2	1	1/4		1/4	1		5	59	B3	3	807
92	92	364	364	1.0	0	0	2/2	2	1	1/4		1/4	1		7	61	C#4	4	807
92	92	364	364	1.0	0	0	2/2	1	1	1/4		1/4	1		12	72	B#4	4	803
92	92	365	365	1.0	1/4	1/4	2/2	2	1	1/4		1/4	1		3	57	A3	3	808
92	92	365	365	1.0	1/4	1/4	2/2	2	1	1/4		1/4	1		7	61	C#4	4	808
92	92	365	365	2.0	1/4	1/4	2/2	1	1	1/2		1/2	1		7	73	C#5	5	804
92	92	366	366	1.0	1/2	1/2	2/2	2	1	1/4		1/4	1		5	59	B3	3	809
92	92	366	366	1.0	1/2	1/2	2/2	2	1	1/4		1/4	1		2	62	D4	4	809
92	92	367	367	1.0	3/4	3/4	2/2	2	1	1/4		1/4	1		5	59	B3	3	810
92	92	367	367	1.0	3/4	3/4	2/2	2	1	1/4		1/4	1		2	62	D4	4	810
92	92	367	367	0.5	3/4	3/4	2/2	1	1	1/8		1/8	1		2	74	D5	5	805
92	92	735/2	735/2	0.5	7/8	7/8	2/2	1	1	1/8		1/8	1		5	71	B4	4	806
93	93	368	368	1.0	0	0	2/2	2	1	1/4		1/4	1		5	59	B3	3	816
93	93	368	368	1.0	0	0	2/2	2	1	1/4		1/4	1		2	62	D4	4	816
93	93	368	368	1.0	0	0	2/2	1	1	1/4		1/4	1		11	77	E#5	5	811
93	93	369	369	1.0	1/4	1/4	2/2	2	1	1/4		1/4	1		3	57	A3	3	817
93	93	369	369	1.0	1/4	1/4	2/2	2	1	1/4		1/4	1		7	61	C#4	4	817
93	93	369	369	2.0	1/4	1/4	2/2	1	1	1/2		1/2	1		6	78	F#5	5	812
93	93	370	370	1.0	1/2	1/2	2/2	2	1	1/4		1/4	1		3	57	A3	3	818
93	93	370	370	1.0	1/2	1/2	2/2	2	1	1/4		1/4	1		7	61	C#4	4	818
93	93	371	371	1.0	3/4	3/4	2/2	2	1	1/4		1/4	1		3	57	A3	3	819
93	93	371	371	1.0	3/4	3/4	2/2	2	1	1/4		1/4	1		4	64	E4	4	819
93	93	371	371	0.5	3/4	3/4	2/2	1	2	1/8		1/8	1		0	72	C5	5	814
93	93	371	371	1.0	3/4	3/4	2/2	1	1	1/4		1/4	1		3	81	A5	5	813
93	93	743/2	743/2	0.5	7/8	7/8	2/2	1	2	1/8		1/8	1		3	69	A4	4	815
94	94	372	372	1.0	0	0	2/2	2	1	1/4		1/4	1		3	57	A3	3	825
94	94	372	372	1.0	0	0	2/2	2	1	1/4		1/4	1		5	59	B3	3	825
94	94	372	372	1.0	0	0	2/2	2	1	1/4		1/4	1		9	63	D#4	4	825
94	94	372	372	1.0	0	0	2/2	1	2	1/4		1/4	1		9	75	D#5	5	824
94	94	372	372	1.0	0	0	2/2	1	1	1/4		1/4	1		5	83	B5	5	820
94	94	373	373	1.0	1/4	1/4	2/2	2	1	1/4		1/4	1		1	55	G3	3	826
94	94	373	373	1.0	1/4	1/4	2/2	2	1	1/4		1/4	1		5	59	B3	3	826
94	94	373	373	1.0	1/4	1/4	2/2	2	1	1/4		1/4	1		4	64	E4	4	826
94	94	373	373	2.0	1/4	1/4	2/2	1	1	1/2		1/2	1		4	76	E5	5	821
94	94	374	374	1.0	1/2	1/2	2/2	2	1	1/4		1/4	1		3	57	A3	3	827
94	94	374	374	1.0	1/2	1/2	2/2	2	1	1/4		1/4	1		0	60	C4	4	827
94	94	374	374	1.0	1/2	1/2	2/2	2	1	1/4		1/4	1		4	64	E4	4	827
94	94	375	375	1.0	3/4	3/4	2/2	2	1	1/4		1/4	1		3	57	A3	3	828
94	94	375	375	1.0	3/4	3/4	2/2	2	1	1/4		1/4	1		0	60	C4	4	828
94	94	375	375	1.0	3/4	3/4	2/2	2	1	1/4		1/4	1		4	64	E4	4	828
94	94	375	375	0.5	3/4	3/4	2/2	1	1	1/8		1/8	1		0	72	C5	5	822
94	94	751/2	751/2	0.5	7/8	7/8	2/2	1	1	1/8		1/8	1		3	69	A4	4	823
95	95	376	376	1.0	0	0	2/2	2	1	1/4		1/4	1		3	57	A3	3	834
95	95	376	376	1.0	0	0	2/2	2	1	1/4		1/4	1		5	59	B3	3	834
95	95	376	376	1.0	0	0	2/2	2	1	1/4		1/4	1		9	63	D#4	4	834
95	95	376	376	1.0	0	0	2/2	1	1	1/4		1/4	1		10	70	A#4	4	829
95	95	377	377	1.0	1/4	1/4	2/2	2	1	1/4		1/4	1		1	55	G3	3	835
95	95	377	377	1.0	1/4	1/4	2/2	2	1	1/4		1/4	1		5	59	B3	3	835
95	95	377	377	1.0	1/4	1/4	2/2	2	1	1/4		1/4	1		4	64	E4	4	835
95	95	377	377	2.0	1/4	1/4	2/2	1	1	1/2		1/2	1		5	71	B4	4	830
95	95	378	378	1.0	1/2	1/2	2/2	2	1	1/4		1/4	1		3	57	A3	3	836
95	95	378	378	1.0	1/2	1/2	2/2	2	1	1/4		1/4	1		0	60	C4	4	836
95	95	378	378	1.0	1/2	1/2	2/2	2	1	1/4		1/4	1		4	64	E4	4	836
95	95	379	379	1.0	3/4	3/4	2/2	2	1	1/4		1/4	1		3	57	A3	3	837
95	95	379	379	1.0	3/4	3/4	2/2	2	1	1/4		1/4	1		0	60	C4	4	837
95	95	379	379	1.0	3/4	3/4	2/2	2	1	1/4		1/4	1		4	64	E4	4	837
95	95	379	379	0.5	3/4	3/4	2/2	1	2	1/8		1/8	1		0	72	C5	5	832
95	95	379	379	1.0	3/4	3/4	2/2	1	1	1/4		1/4	1		3	81	A5	5	831
95	95	759/2	759/2	0.5	7/8	7/8	2/2	1	2	1/8		1/8	1		3	69	A4	4	833
96	96	380	380	1.0	0	0	2/2	2	1	1/4		1/4	1		3	57	A3	3	843
96	96	380	380	1.0	0	0	2/2	2	1	1/4		1/4	1		5	59	B3	3	843
96	96	380	380	1.0	0	0	2/2	2	1	1/4		1/4	1		9	63	D#4	4	843
96	96	380	380	1.0	0	0	2/2	1	2	1/4		1/4	1		9	75	D#5	5	840
96	96	380	380	3.0	0	0	2/2	1	1	3/4		1/2	3/2		5	83	B5	5	838
96	96	381	381	1.0	1/4	1/4	2/2	2	1	1/4		1/4	1		1	55	G3	3	844
96	96	381	381	1.0	1/4	1/4	2/2	2	1	1/4		1/4	1		5	59	B3	3	844
96	96	381	381	1.0	1/4	1/4	2/2	2	1	1/4		1/4	1		4	64	E4	4	844
96	96	381	381	2.0	1/4	1/4	2/2	1	2	1/2		1/2	1		4	76	E5	5	841
96	96	382	382	1.0	1/2	1/2	2/2	2	1	1/4		1/4	1		1	55	G3	3	845
96	96	382	382	1.0	1/2	1/2	2/2	2	1	1/4		1/4	1		5	59	B3	3	845
96	96	382	382	1.0	1/2	1/2	2/2	2	1	1/4		1/4	1		4	64	E4	4	845
96	96	383	383	1.0	3/4	3/4	2/2	2	1	1/4		1/4	1		1	55	G3	3	846
96	96	383	383	1.0	3/4	3/4	2/2	2	1	1/4		1/4	1		5	59	B3	3	846
96	96	383	383	1.0	3/4	3/4	2/2	2	1	1/4		1/4	1		4	64	E4	4	846
96	96	383	383	1.0	3/4	3/4	2/2	1	2	1/4		1/4	1	1	5	71	B4	4	842
96	96	383	383	1.0	3/4	3/4	2/2	1	1	1/4		1/4	1	1	5	83	B5	5	839
97	97	384	384	3.0	0	0	2/2	2	1	3/4		1/2	3/2		-1	53	F3	3	855
97	97	384	384	3.0	0	0	2/2	2	1	3/4		1/2	3/2		3	57	A3	3	855
97	97	384	384	3.0	0	0	2/2	2	1	3/4		1/2	3/2		4	64	E4	4	855
97	97	384	384	1.0	0	0	2/2	1	2	1/4		1/4	1	-1	5	71	B4	4	851
97	97	384	384	1.0	0	0	2/2	1	1	1/4		1/4	1	-1	5	83	B5	5	847
97	97	385	385	1.0	1/4	1/4	2/2	1	2	1/4		1/4	1		0	72	C5	5	852
97	97	385	385	1.0	1/4	1/4	2/2	1	1	1/4		1/4	1		0	84	C6	6	848
97	97	386	386	1.0	1/2	1/2	2/2	1	2	1/4		1/4	1		8	68	G#4	4	853
97	97	386	386	1.0	1/2	1/2	2/2	1	1	1/4		1/4	1		8	80	G#5	5	849
97	97	387	387	1.0	3/4	3/4	2/2	2	1	1/4		1/4	1		-1	53	F3	3	856
97	97	387	387	1.0	3/4	3/4	2/2	2	1	1/4		1/4	1		3	57	A3	3	856
97	97	387	387	1.0	3/4	3/4	2/2	2	1	1/4		1/4	1		2	62	D4	4	856
97	97	387	387	1.0	3/4	3/4	2/2	1	2	1/4		1/4	1		3	69	A4	4	854
97	97	387	387	1.0	3/4	3/4	2/2	1	1	1/4		1/4	1		3	81	A5	5	850
98	98	388	388	3.0	0	0	2/2	2	1	3/4		1/2	3/2		4	52	E3	3	866
98	98	388	388	3.0	0	0	2/2	2	1	3/4		1/2	3/2		5	59	B3	3	866
98	98	388	388	3.0	0	0	2/2	2	1	3/4		1/2	3/2		4	64	E4	4	866
98	98	388	388	1.0	0	0	2/2	1	2	1/4		1/4	1		5	71	B4	4	865
98	98	388	388	0.5	0	0	2/2	1	1	1/8		1/8	1		5	83	B5	5	857
98	98	777/2	777/2	0.5	1/8	1/8	2/2	1	1	1/8		1/8	1		3	81	A5	5	858
98	98	389	389	0.5	1/4	1/4	2/2	1	1	1/8		1/8	1		8	80	G#5	5	859
98	98	779/2	779/2	0.5	3/8	3/8	2/2	1	1	1/8		1/8	1		-1	77	F5	5	860
98	98	390	390	0.5	1/2	1/2	2/2	1	1	1/8		1/8	1		4	76	E5	5	861
98	98	781/2	781/2	0.5	5/8	5/8	2/2	1	1	1/8		1/8	1		2	74	D5	5	862
98	98	391	391	1.0	3/4	3/4	2/2	2	1	1/4		1/4	1		4	52	E3	3	867
98	98	391	391	1.0	3/4	3/4	2/2	2	1	1/4		1/4	1		5	59	B3	3	867
98	98	391	391	1.0	3/4	3/4	2/2	2	1	1/4		1/4	1		4	64	E4	4	867
98	98	391	391	0.5	3/4	3/4	2/2	1	1	1/8		1/8	1		0	72	C5	5	863
98	98	783/2	783/2	0.5	7/8	7/8	2/2	1	1	1/8		1/8	1		5	71	B4	4	864
99	99	392	392	3.0	0	0	2/2	2	2	3/4		1/2	3/2		-1	53	F3	3	879
99	99	392	392	3.0	0	0	2/2	2	2	3/4		1/2	3/2		3	57	A3	3	879
99	99	392	392	1.0	0	0	2/2	2	1	1/4		1/4	1		4	64	E4	4	876
99	99	392	392	1.0	0	0	2/2	1	2	1/4		1/4	1		5	71	B4	4	872
99	99	392	392	1.0	0	0	2/2	1	1	1/4		1/4	1		5	83	B5	5	868
99	99	393	393	2.0	1/4	1/4	2/2	2	1	1/2		1/2	1		2	62	D4	4	877
99	99	393	393	1.0	1/4	1/4	2/2	1	2	1/4		1/4	1		0	72	C5	5	873
99	99	393	393	1.0	1/4	1/4	2/2	1	1	1/4		1/4	1		0	84	C6	6	869
99	99	394	394	1.0	1/2	1/2	2/2	1	2	1/4		1/4	1		8	68	G#4	4	874
99	99	394	394	1.0	1/2	1/2	2/2	1	1	1/4		1/4	1		8	80	G#5	5	870
99	99	395	395	1.0	3/4	3/4	2/2	2	1	1/4		1/4	1		-1	53	F3	3	878
99	99	395	395	1.0	3/4	3/4	2/2	2	1	1/4		1/4	1		3	57	A3	3	878
99	99	395	395	1.0	3/4	3/4	2/2	2	1	1/4		1/4	1		2	62	D4	4	878
99	99	395	395	1.0	3/4	3/4	2/2	1	2	1/4		1/4	1		3	69	A4	4	875
99	99	395	395	1.0	3/4	3/4	2/2	1	1	1/4		1/4	1		3	81	A5	5	871
100	100	396	396	3.0	0	0	2/2	2	1	3/4		1/2	3/2		4	52	E3	3	889
100	100	396	396	3.0	0	0	2/2	2	1	3/4		1/2	3/2		5	59	B3	3	889
100	100	396	396	3.0	0	0	2/2	2	1	3/4		1/2	3/2		4	64	E4	4	889
100	100	396	396	1.0	0	0	2/2	1	2	1/4		1/4	1		5	71	B4	4	888
100	100	396	396	0.5	0	0	2/2	1	1	1/8		1/8	1		5	83	B5	5	880
100	100	793/2	793/2	0.5	1/8	1/8	2/2	1	1	1/8		1/8	1		3	81	A5	5	881
100	100	397	397	0.5	1/4	1/4	2/2	1	1	1/8		1/8	1		8	80	G#5	5	882
100	100	795/2	795/2	0.5	3/8	3/8	2/2	1	1	1/8		1/8	1		-1	77	F5	5	883
100	100	398	398	0.5	1/2	1/2	2/2	1	1	1/8		1/8	1		4	76	E5	5	884
100	100	797/2	797/2	0.5	5/8	5/8	2/2	1	1	1/8		1/8	1		2	74	D5	5	885
100	100	399	399	1.0	3/4	3/4	2/2	2	1	1/4		1/4	1		4	52	E3	3	890
100	100	399	399	1.0	3/4	3/4	2/2	2	1	1/4		1/4	1		5	59	B3	3	890
100	100	399	399	1.0	3/4	3/4	2/2	2	1	1/4		1/4	1		4	64	E4	4	890
100	100	399	399	0.5	3/4	3/4	2/2	1	1	1/8		1/8	1		0	72	C5	5	886
100	100	799/2	799/2	0.5	7/8	7/8	2/2	1	1	1/8		1/8	1		5	71	B4	4	887
101	101	400	400	3.0	0	0	2/2	2	1	3/4		1/2	3/2		-1	53	F3	3	899
101	101	400	400	3.0	0	0	2/2	2	1	3/4		1/2	3/2		3	57	A3	3	899
101	101	400	400	3.0	0	0	2/2	2	1	3/4		1/2	3/2		4	64	E4	4	899
101	101	400	400	1.0	0	0	2/2	1	2	1/4		1/4	1		5	71	B4	4	895
101	101	400	400	1.0	0	0	2/2	1	1	1/4		1/4	1		5	83	B5	5	891
101	101	401	401	1.0	1/4	1/4	2/2	1	2	1/4		1/4	1		0	72	C5	5	896
101	101	401	401	1.0	1/4	1/4	2/2	1	1	1/4		1/4	1		0	84	C6	6	892
101	101	402	402	1.0	1/2	1/2	2/2	1	2	1/4		1/4	1		8	68	G#4	4	897
101	101	402	402	1.0	1/2	1/2	2/2	1	1	1/4		1/4	1		8	80	G#5	5	893
101	101	403	403	1.0	3/4	3/4	2/2	2	1	1/4		1/4	1		-1	53	F3	3	900
101	101	403	403	1.0	3/4	3/4	2/2	2	1	1/4		1/4	1		3	57	A3	3	900
101	101	403	403	1.0	3/4	3/4	2/2	2	1	1/4		1/4	1		2	62	D4	4	900
101	101	403	403	1.0	3/4	3/4	2/2	1	2	1/4		1/4	1		3	69	A4	4	898
101	101	403	403	1.0	3/4	3/4	2/2	1	1	1/4		1/4	1		3	81	A5	5	894
102	102	404	404	3.0	0	0	2/2	2	1	3/4		1/2	3/2		4	52	E3	3	910
102	102	404	404	3.0	0	0	2/2	2	1	3/4		1/2	3/2		5	59	B3	3	910
102	102	404	404	3.0	0	0	2/2	2	1	3/4		1/2	3/2		4	64	E4	4	910
102	102	404	404	1.0	0	0	2/2	1	2	1/4		1/4	1		5	71	B4	4	909
102	102	404	404	0.5	0	0	2/2	1	1	1/8		1/8	1		5	83	B5	5	901
102	102	809/2	809/2	0.5	1/8	1/8	2/2	1	1	1/8		1/8	1		3	81	A5	5	902
102	102	405	405	0.5	1/4	1/4	2/2	1	1	1/8		1/8	1		8	80	G#5	5	903
102	102	811/2	811/2	0.5	3/8	3/8	2/2	1	1	1/8		1/8	1		-1	77	F5	5	904
102	102	406	406	0.5	1/2	1/2	2/2	1	1	1/8		1/8	1		4	76	E5	5	905
102	102	813/2	813/2	0.5	5/8	5/8	2/2	1	1	1/8		1/8	1		2	74	D5	5	906
102	102	407	407	1.0	3/4	3/4	2/2	2	1	1/4		1/4	1		4	52	E3	3	911
102	102	407	407	1.0	3/4	3/4	2/2	2	1	1/4		1/4	1		5	59	B3	3	911
102	102	407	407	1.0	3/4	3/4	2/2	2	1	1/4		1/4	1		4	64	E4	4	911
102	102	407	407	0.5	3/4	3/4	2/2	1	1	1/8		1/8	1		0	72	C5	5	907
102	102	815/2	815/2	0.5	7/8	7/8	2/2	1	1	1/8		1/8	1		5	71	B4	4	908
103	103	408	408	2.0	0	0	2/2	2	1	1/2		1/2	1		3	45	A2	2	920
103	103	408	408	0.5	0	0	2/2	1	1	1/8		1/8	1		0	72	C5	5	912
103	103	817/2	817/2	0.5	1/8	1/8	2/2	1	1	1/8		1/8	1		3	69	A4	4	913
103	103	409	409	0.5	1/4	1/4	2/2	1	1	1/8		1/8	1		9	75	D#5	5	914
103	103	819/2	819/2	0.5	3/8	3/8	2/2	1	1	1/8		1/8	1		3	69	A4	4	915
103	103	410	410	1.0	1/2	1/2	2/2	2	1	1/4		1/4	1		0	60	C4	4	921
103	103	410	410	0.5	1/2	1/2	2/2	1	1	1/8		1/8	1		4	76	E5	5	916
103	103	821/2	821/2	0.5	5/8	5/8	2/2	1	1	1/8		1/8	1		3	69	A4	4	917
103	103	411	411	0.5	3/4	3/4	2/2	2	1	1/8		1/8	1		5	59	B3	3	922
103	103	411	411	0.5	3/4	3/4	2/2	1	1	1/8		1/8	1		0	72	C5	5	918
103	103	823/2	823/2	0.5	7/8	7/8	2/2	2	1	1/8		1/8	1		3	57	A3	3	923
103	103	823/2	823/2	0.5	7/8	7/8	2/2	1	1	1/8		1/8	1		3	69	A4	4	919
104	104	412	412	2.0	0	0	2/2	2	1	1/2		1/2	1		1	43	G2	2	932
104	104	412	412	0.5	0	0	2/2	1	1	1/8		1/8	1		5	71	B4	4	924
104	104	825/2	825/2	0.5	1/8	1/8	2/2	1	1	1/8		1/8	1		1	67	G4	4	925
104	104	413	413	0.5	1/4	1/4	2/2	1	1	1/8		1/8	1		9	75	D#5	5	926
104	104	827/2	827/2	0.5	3/8	3/8	2/2	1	1	1/8		1/8	1		1	67	G4	4	927
104	104	414	414	1.0	1/2	1/2	2/2	2	1	1/4		1/4	1		5	59	B3	3	933
104	104	414	414	0.5	1/2	1/2	2/2	1	1	1/8		1/8	1		4	76	E5	5	928
104	104	829/2	829/2	0.5	5/8	5/8	2/2	1	1	1/8		1/8	1		1	67	G4	4	929
104	104	415	415	0.5	3/4	3/4	2/2	2	1	1/8		1/8	1		3	57	A3	3	934
104	104	415	415	0.5	3/4	3/4	2/2	1	1	1/8		1/8	1		5	71	B4	4	930
104	104	831/2	831/2	0.5	7/8	7/8	2/2	2	1	1/8		1/8	1		1	55	G3	3	935
104	104	831/2	831/2	0.5	7/8	7/8	2/2	1	1	1/8		1/8	1		1	67	G4	4	931
105	105	416	416	2.0	0	0	2/2	2	1	1/2		1/2	1		6	42	F#2	2	944
105	105	416	416	0.5	0	0	2/2	1	1	1/8		1/8	1		3	69	A4	4	936
105	105	833/2	833/2	0.5	1/8	1/8	2/2	1	1	1/8		1/8	1		6	66	F#4	4	937
105	105	417	417	0.5	1/4	1/4	2/2	1	1	1/8		1/8	1		9	75	D#5	5	938
105	105	835/2	835/2	0.5	3/8	3/8	2/2	1	1	1/8		1/8	1		6	66	F#4	4	939
105	105	418	418	1.0	1/2	1/2	2/2	2	1	1/4		1/4	1		3	57	A3	3	945
105	105	418	418	0.5	1/2	1/2	2/2	1	1	1/8		1/8	1		4	76	E5	5	940
105	105	837/2	837/2	0.5	5/8	5/8	2/2	1	1	1/8		1/8	1		6	66	F#4	4	941
105	105	419	419	0.5	3/4	3/4	2/2	2	1	1/8		1/8	1		1	55	G3	3	946
105	105	419	419	0.5	3/4	3/4	2/2	1	1	1/8		1/8	1		3	69	A4	4	942
105	105	839/2	839/2	0.5	7/8	7/8	2/2	2	1	1/8		1/8	1		6	54	F#3	3	947
105	105	839/2	839/2	0.5	7/8	7/8	2/2	1	1	1/8		1/8	1		6	66	F#4	4	943
106	106	420	420	2.0	0	0	2/2	2	1	1/2		1/2	1		4	40	E2	2	956
106	106	420	420	0.5	0	0	2/2	1	1	1/8		1/8	1		1	67	G4	4	948
106	106	841/2	841/2	0.5	1/8	1/8	2/2	1	1	1/8		1/8	1		4	64	E4	4	949
106	106	421	421	0.5	1/4	1/4	2/2	1	1	1/8		1/8	1		9	75	D#5	5	950
106	106	843/2	843/2	0.5	3/8	3/8	2/2	1	1	1/8		1/8	1		1	67	G4	4	951
106	106	422	422	1.0	1/2	1/2	2/2	2	1	1/4		1/4	1		1	55	G3	3	957
106	106	422	422	0.5	1/2	1/2	2/2	1	1	1/8		1/8	1		4	76	E5	5	952
106	106	845/2	845/2	0.5	5/8	5/8	2/2	1	1	1/8		1/8	1		1	67	G4	4	953
106	106	423	423	0.5	3/4	3/4	2/2	2	1	1/8		1/8	1		6	54	F#3	3	958
106	106	423	423	0.5	3/4	3/4	2/2	1	1	1/8		1/8	1		5	71	B4	4	954
106	106	847/2	847/2	0.5	7/8	7/8	2/2	2	1	1/8		1/8	1		4	52	E3	3	959
106	106	847/2	847/2	0.5	7/8	7/8	2/2	1	1	1/8		1/8	1		1	67	G4	4	955
107	107	424	424	2.0	0	0	2/2	2	1	1/2		1/2	1		3	45	A2	2	968
107	107	424	424	0.5	0	0	2/2	1	1	1/8		1/8	1		0	72	C5	5	960
107	107	849/2	849/2	0.5	1/8	1/8	2/2	1	1	1/8		1/8	1		3	69	A4	4	961
107	107	425	425	0.5	1/4	1/4	2/2	1	1	1/8		1/8	1		9	75	D#5	5	962
107	107	851/2	851/2	0.5	3/8	3/8	2/2	1	1	1/8		1/8	1		3	69	A4	4	963
107	107	426	426	1.0	1/2	1/2	2/2	2	1	1/4		1/4	1		0	60	C4	4	969
107	107	426	426	0.5	1/2	1/2	2/2	1	1	1/8		1/8	1		4	76	E5	5	964
107	107	853/2	853/2	0.5	5/8	5/8	2/2	1	1	1/8		1/8	1		3	69	A4	4	965
107	107	427	427	0.5	3/4	3/4	2/2	2	1	1/8		1/8	1		5	59	B3	3	970
107	107	427	427	0.5	3/4	3/4	2/2	1	1	1/8		1/8	1		0	72	C5	5	966
107	107	855/2	855/2	0.5	7/8	7/8	2/2	2	1	1/8		1/8	1		3	57	A3	3	971
107	107	855/2	855/2	0.5	7/8	7/8	2/2	1	1	1/8		1/8	1		3	69	A4	4	967
108	108	428	428	2.0	0	0	2/2	2	1	1/2		1/2	1		1	43	G2	2	980
108	108	428	428	0.5	0	0	2/2	1	1	1/8		1/8	1		5	71	B4	4	972
108	108	857/2	857/2	0.5	1/8	1/8	2/2	1	1	1/8		1/8	1		1	67	G4	4	973
108	108	429	429	0.5	1/4	1/4	2/2	1	1	1/8		1/8	1		9	75	D#5	5	974
108	108	859/2	859/2	0.5	3/8	3/8	2/2	1	1	1/8		1/8	1		1	67	G4	4	975
108	108	430	430	1.0	1/2	1/2	2/2	2	1	1/4		1/4	1		5	59	B3	3	981
108	108	430	430	0.5	1/2	1/2	2/2	1	1	1/8		1/8	1		4	76	E5	5	976
108	108	861/2	861/2	0.5	5/8	5/8	2/2	1	1	1/8		1/8	1		1	67	G4	4	977
108	108	431	431	0.5	3/4	3/4	2/2	2	1	1/8		1/8	1		3	57	A3	3	982
108	108	431	431	0.5	3/4	3/4	2/2	1	1	1/8		1/8	1		5	71	B4	4	978
108	108	863/2	863/2	0.5	7/8	7/8	2/2	2	1	1/8		1/8	1		1	55	G3	3	983
108	108	863/2	863/2	0.5	7/8	7/8	2/2	1	1	1/8		1/8	1		1	67	G4	4	979
109	109	432	432	2.0	0	0	2/2	2	1	1/2		1/2	1		6	42	F#2	2	992
109	109	432	432	0.5	0	0	2/2	1	1	1/8		1/8	1		3	69	A4	4	984
109	109	865/2	865/2	0.5	1/8	1/8	2/2	1	1	1/8		1/8	1		6	66	F#4	4	985
109	109	433	433	0.5	1/4	1/4	2/2	1	1	1/8		1/8	1		9	75	D#5	5	986
109	109	867/2	867/2	0.5	3/8	3/8	2/2	1	1	1/8		1/8	1		6	66	F#4	4	987
109	109	434	434	1.0	1/2	1/2	2/2	2	1	1/4		1/4	1		3	57	A3	3	993
109	109	434	434	0.5	1/2	1/2	2/2	1	1	1/8		1/8	1		4	76	E5	5	988
109	109	869/2	869/2	0.5	5/8	5/8	2/2	1	1	1/8		1/8	1		6	66	F#4	4	989
109	109	435	435	0.5	3/4	3/4	2/2	2	1	1/8		1/8	1		1	55	G3	3	994
109	109	435	435	0.5	3/4	3/4	2/2	1	1	1/8		1/8	1		3	69	A4	4	990
109	109	871/2	871/2	0.5	7/8	7/8	2/2	2	1	1/8		1/8	1		6	54	F#3	3	995
109	109	871/2	871/2	0.5	7/8	7/8	2/2	1	1	1/8		1/8	1		6	66	F#4	4	991
110	110	436	436	2.0	0	0	2/2	2	1	1/2		1/2	1		4	40	E2	2	1001
110	110	436	436	0.5	0	0	2/2	1	1	1/8		1/8	1		1	67	G4	4	996
110	110	873/2	873/2	0.5	1/8	1/8	2/2	1	1	1/8		1/8	1		4	64	E4	4	997
110	110	437	437	0.5	1/4	1/4	2/2	1	1	1/8		1/8	1		1	67	G4	4	998
110	110	875/2	875/2	0.5	3/8	3/8	2/2	1	1	1/8		1/8	1		5	71	B4	4	999
110	110	438	438	1.0	1/2	1/2	2/2	2	1	1/4		1/4	1		1	55	G3	3	1002
110	110	438	438	2.0	1/2	1/2	2/2	1	1	1/2		1/2	1	1	4	76	E5	5	1000
110	110	439	439	0.5	3/4	3/4	2/2	2	1	1/8		1/8	1		6	54	F#3	3	1003
110	110	879/2	879/2	0.5	7/8	7/8	2/2	2	1	1/8		1/8	1		4	52	E3	3	1004
111	111	440	440	2.0	0	0	2/2	2	1	1/2		1/2	1		3	45	A2	2	1013
111	111	440	440	0.5	0	0	2/2	1	1	1/8		1/8	1	-1	4	76	E5	5	1005
111	111	881/2	881/2	0.5	1/8	1/8	2/2	1	1	1/8		1/8	1		2	74	D5	5	1006
111	111	441	441	0.5	1/4	1/4	2/2	1	1	1/8		1/8	1		0	72	C5	5	1007
111	111	883/2	883/2	0.5	3/8	3/8	2/2	1	1	1/8		1/8	1		5	71	B4	4	1008
111	111	442	442	2.0	1/2	1/2	2/2	2	1	1/2		1/2	1		3	57	A3	3	1014
111	111	442	442	0.5	1/2	1/2	2/2	1	1	1/8		1/8	1		3	69	A4	4	1009
111	111	885/2	885/2	0.5	5/8	5/8	2/2	1	1	1/8		1/8	1		1	67	G4	4	1010
111	111	443	443	0.5	3/4	3/4	2/2	1	1	1/8		1/8	1		6	66	F#4	4	1011
111	111	887/2	887/2	0.5	7/8	7/8	2/2	1	1	1/8		1/8	1		4	64	E4	4	1012
112	112	444	444	2.0	0	0	2/2	2	1	1/2		1/2	1		5	47	B2	2	1020
112	112	444	444	0.5	0	0	2/2	1	1	1/8		1/8	1		9	63	D#4	4	1015
112	112	889/2	889/2	0.5	1/8	1/8	2/2	1	1	1/8		1/8	1		5	59	B3	3	1016
112	112	445	445	0.5	1/4	1/4	2/2	1	1	1/8		1/8	1		9	63	D#4	4	1017
112	112	891/2	891/2	0.5	3/8	3/8	2/2	1	1	1/8		1/8	1		6	66	F#4	4	1018
112	112	446	446	1.0	1/2	1/2	2/2	2	1	1/4		1/4	1		1	55	G3	3	1021
112	112	446	446	2.0	1/2	1/2	2/2	1	1	1/2		1/2	1	1	4	76	E5	5	1019
112	112	447	447	0.5	3/4	3/4	2/2	2	1	1/8		1/8	1		6	54	F#3	3	1022
112	112	895/2	895/2	0.5	7/8	7/8	2/2	2	1	1/8		1/8	1		4	52	E3	3	1023
113	113	448	448	2.0	0	0	2/2	2	1	1/2		1/2	1		3	45	A2	2	1032
113	113	448	448	0.5	0	0	2/2	1	1	1/8		1/8	1	-1	4	76	E5	5	1024
113	113	897/2	897/2	0.5	1/8	1/8	2/2	1	1	1/8		1/8	1		2	74	D5	5	1025
113	113	449	449	0.5	1/4	1/4	2/2	1	1	1/8		1/8	1		0	72	C5	5	1026
113	113	899/2	899/2	0.5	3/8	3/8	2/2	1	1	1/8		1/8	1		5	71	B4	4	1027
113	113	450	450	2.0	1/2	1/2	2/2	2	1	1/2		1/2	1		3	57	A3	3	1033
113	113	450	450	0.5	1/2	1/2	2/2	1	1	1/8		1/8	1		3	69	A4	4	1028
113	113	901/2	901/2	0.5	5/8	5/8	2/2	1	1	1/8		1/8	1		1	67	G4	4	1029
113	113	451	451	0.5	3/4	3/4	2/2	1	1	1/8		1/8	1		6	66	F#4	4	1030
113	113	903/2	903/2	0.5	7/8	7/8	2/2	1	1	1/8		1/8	1		4	64	E4	4	1031
114	114	452	452	2.0	0	0	2/2	2	1	1/2		1/2	1		5	47	B2	2	1039
114	114	452	452	0.5	0	0	2/2	1	1	1/8		1/8	1		9	63	D#4	4	1034
114	114	905/2	905/2	0.5	1/8	1/8	2/2	1	1	1/8		1/8	1		5	59	B3	3	1035
114	114	453	453	0.5	1/4	1/4	2/2	1	1	1/8		1/8	1		9	63	D#4	4	1036
114	114	907/2	907/2	0.5	3/8	3/8	2/2	1	1	1/8		1/8	1		6	66	F#4	4	1037
114	114	454	454	1.0	1/2	1/2	2/2	2	1	1/4		1/4	1		1	55	G3	3	1040
114	114	454	454	2.0	1/2	1/2	2/2	1	1	1/2		1/2	1	1	4	76	E5	5	1038
114	114	455	455	0.5	3/4	3/4	2/2	2	1	1/8		1/8	1		6	54	F#3	3	1041
114	114	911/2	911/2	0.5	7/8	7/8	2/2	2	1	1/8		1/8	1		4	52	E3	3	1042
115	115	456	456	2.0	0	0	2/2	2	1	1/2		1/2	1		3	45	A2	2	1051
115	115	456	456	0.5	0	0	2/2	1	1	1/8		1/8	1	-1	4	76	E5	5	1043
115	115	913/2	913/2	0.5	1/8	1/8	2/2	1	1	1/8		1/8	1		2	74	D5	5	1044
115	115	457	457	0.5	1/4	1/4	2/2	1	1	1/8		1/8	1		0	72	C5	5	1045
115	115	915/2	915/2	0.5	3/8	3/8	2/2	1	1	1/8		1/8	1		5	71	B4	4	1046
115	115	458	458	2.0	1/2	1/2	2/2	2	1	1/2		1/2	1		3	57	A3	3	1052
115	115	458	458	0.5	1/2	1/2	2/2	1	1	1/8		1/8	1		3	69	A4	4	1047
115	115	917/2	917/2	0.5	5/8	5/8	2/2	1	1	1/8		1/8	1		1	67	G4	4	1048
115	115	459	459	0.5	3/4	3/4	2/2	1	1	1/8		1/8	1		6	66	F#4	4	1049
115	115	919/2	919/2	0.5	7/8	7/8	2/2	1	1	1/8		1/8	1		4	64	E4	4	1050
116	116	460	460	1.0	0	0	2/2	1	1	1/4		1/4	1		5	59	B3	3	1053
116	116	461	461	1.0	1/4	1/4	2/2	2	1	1/4		1/4	1		5	47	B2	2	1055
116	116	461	461	1.0	1/4	1/4	2/2	2	1	1/4		1/4	1		5	59	B3	3	1055
116	116	462	462	1.0	1/2	1/2	2/2	2	1	1/4		1/4	1		0	48	C3	3	1056
116	116	462	462	1.0	1/2	1/2	2/2	2	1	1/4		1/4	1		0	60	C4	4	1056
116	116	463	463	1.0	3/4	3/4	2/2	2	1	1/4		1/4	1		8	44	G#2	2	1057
116	116	463	463	1.0	3/4	3/4	2/2	2	1	1/4		1/4	1		8	56	G#3	3	1057
116	116	463	463	1.0	3/4	3/4	2/2	1	1	1/4		1/4	1		5	71	B4	4	1054
116	116	463	463	1.0	3/4	3/4	2/2	1	1	1/4		1/4	1		5	83	B5	5	1054
117	117	464	464	1.0	0	0	2/2	2	1	1/4		1/4	1		3	45	A2	2	1061
117	117	464	464	1.0	0	0	2/2	2	1	1/4		1/4	1		3	57	A3	3	1061
117	117	464	464	1.0	0	0	2/2	1	1	1/4		1/4	1		0	72	C5	5	1058
117	117	464	464	1.0	0	0	2/2	1	1	1/4		1/4	1		0	84	C6	6	1058
117	117	465	465	1.0	1/4	1/4	2/2	2	1	1/4		1/4	1		5	47	B2	2	1062
117	117	465	465	1.0	1/4	1/4	2/2	2	1	1/4		1/4	1		5	59	B3	3	1062
117	117	465	465	1.0	1/4	1/4	2/2	1	1	1/4		1/4	1		8	68	G#4	4	1059
117	117	465	465	1.0	1/4	1/4	2/2	1	1	1/4		1/4	1		8	80	G#5	5	1059
117	117	466	466	1.0	1/2	1/2	2/2	2	1	1/4		1/4	1		0	48	C3	3	1063
117	117	466	466	1.0	1/2	1/2	2/2	2	1	1/4		1/4	1		0	60	C4	4	1063
117	117	466	466	2.0	1/2	1/2	2/2	1	1	1/2		1/2	1	1	3	69	A4	4	1060
117	117	466	466	2.0	1/2	1/2	2/2	1	1	1/2		1/2	1	1	3	81	A5	5	1060
117	117	467	467	1.0	3/4	3/4	2/2	2	1	1/4		1/4	1		7	49	C#3	3	1064
117	117	467	467	1.0	3/4	3/4	2/2	2	1	1/4		1/4	1		7	61	C#4	4	1064
118	118	468	468	1.0	0	0	2/2	2	1	1/4		1/4	1		9	51	D#3	3	1069
118	118	468	468	1.0	0	0	2/2	2	1	1/4		1/4	1		9	63	D#4	4	1069
118	118	468	468	1.0	0	0	2/2	1	1	1/4		1/4	1	-1	3	69	A4	4	1065
118	118	468	468	1.0	0	0	2/2	1	1	1/4		1/4	1	-1	3	81	A5	5	1065
118	118	469	469	1.0	1/4	1/4	2/2	2	1	1/4		1/4	1		4	52	E3	3	1070
118	118	469	469	1.0	1/4	1/4	2/2	2	1	1/4		1/4	1		4	64	E4	4	1070
118	118	469	469	1.0	1/4	1/4	2/2	1	1	1/4		1/4	1		1	67	G4	4	1066
118	118	469	469	1.0	1/4	1/4	2/2	1	1	1/4		1/4	1		1	79	G5	5	1066
118	118	470	470	1.0	1/2	1/2	2/2	2	1	1/4		1/4	1		3	45	A2	2	1071
118	118	470	470	1.0	1/2	1/2	2/2	2	1	1/4		1/4	1		3	57	A3	3	1071
118	118	470	470	1.0	1/2	1/2	2/2	1	1	1/4		1/4	1		6	66	F#4	4	1067
118	118	470	470	1.0	1/2	1/2	2/2	1	1	1/4		1/4	1		6	78	F#5	5	1067
118	118	471	471	1.0	3/4	3/4	2/2	2	1	1/4		1/4	1		0	48	C3	3	1072
118	118	471	471	1.0	3/4	3/4	2/2	2	1	1/4		1/4	1		0	60	C4	4	1072
118	118	471	471	1.0	3/4	3/4	2/2	1	1	1/4		1/4	1		4	64	E4	4	1068
118	118	471	471	1.0	3/4	3/4	2/2	1	1	1/4		1/4	1		4	76	E5	5	1068
119	119	472	472	3.0	0	0	2/2	1	1	3/4		1/2	3/2		6	66	F#4	4	1073
119	119	472	472	3.0	0	0	2/2	1	1	3/4		1/2	3/2		6	78	F#5	5	1073
119	119	473	473	1.0	1/4	1/4	2/2	2	1	1/4		1/4	1		5	47	B2	2	1075
119	119	473	473	1.0	1/4	1/4	2/2	2	1	1/4		1/4	1		5	59	B3	3	1075
119	119	474	474	1.0	1/2	1/2	2/2	2	1	1/4		1/4	1		0	48	C3	3	1076
119	119	474	474	1.0	1/2	1/2	2/2	2	1	1/4		1/4	1		0	60	C4	4	1076
119	119	475	475	1.0	3/4	3/4	2/2	2	1	1/4		1/4	1		8	44	G#2	2	1077
119	119	475	475	1.0	3/4	3/4	2/2	2	1	1/4		1/4	1		8	56	G#3	3	1077
119	119	475	475	1.0	3/4	3/4	2/2	1	1	1/4		1/4	1		5	71	B4	4	1074
119	119	475	475	1.0	3/4	3/4	2/2	1	1	1/4		1/4	1		5	83	B5	5	1074
120	120	476	476	1.0	0	0	2/2	2	1	1/4		1/4	1		3	45	A2	2	1081
120	120	476	476	1.0	0	0	2/2	2	1	1/4		1/4	1		3	57	A3	3	1081
120	120	476	476	1.0	0	0	2/2	1	1	1/4		1/4	1		0	72	C5	5	1078
120	120	476	476	1.0	0	0	2/2	1	1	1/4		1/4	1		0	84	C6	6	1078
120	120	477	477	1.0	1/4	1/4	2/2	2	1	1/4		1/4	1		5	47	B2	2	1082
120	120	477	477	1.0	1/4	1/4	2/2	2	1	1/4		1/4	1		5	59	B3	3	1082
120	120	477	477	1.0	1/4	1/4	2/2	1	1	1/4		1/4	1		8	68	G#4	4	1079
120	120	477	477	1.0	1/4	1/4	2/2	1	1	1/4		1/4	1		8	80	G#5	5	1079
120	120	478	478	1.0	1/2	1/2	2/2	2	1	1/4		1/4	1		0	48	C3	3	1083
120	120	478	478	1.0	1/2	1/2	2/2	2	1	1/4		1/4	1		0	60	C4	4	1083
120	120	478	478	2.0	1/2	1/2	2/2	1	1	1/2		1/2	1	1	3	69	A4	4	1080
120	120	478	478	2.0	1/2	1/2	2/2	1	1	1/2		1/2	1	1	3	81	A5	5	1080
120	120	479	479	1.0	3/4	3/4	2/2	2	1	1/4		1/4	1		7	49	C#3	3	1084
120	120	479	479	1.0	3/4	3/4	2/2	2	1	1/4		1/4	1		7	61	C#4	4	1084
121	121	480	480	1.0	0	0	2/2	2	1	1/4		1/4	1		9	51	D#3	3	1089
121	121	480	480	1.0	0	0	2/2	2	1	1/4		1/4	1		9	63	D#4	4	1089
121	121	480	480	1.0	0	0	2/2	1	1	1/4		1/4	1	-1	3	69	A4	4	1085
121	121	480	480	1.0	0	0	2/2	1	1	1/4		1/4	1	-1	3	81	A5	5	1085
121	121	481	481	1.0	1/4	1/4	2/2	2	1	1/4		1/4	1		4	52	E3	3	1090
121	121	481	481	1.0	1/4	1/4	2/2	2	1	1/4		1/4	1		4	64	E4	4	1090
121	121	481	481	1.0	1/4	1/4	2/2	1	1	1/4		1/4	1		1	67	G4	4	1086
121	121	481	481	1.0	1/4	1/4	2/2	1	1	1/4		1/4	1		1	79	G5	5	1086
121	121	482	482	1.0	1/2	1/2	2/2	2	1	1/4		1/4	1		3	45	A2	2	1091
121	121	482	482	1.0	1/2	1/2	2/2	2	1	1/4		1/4	1		3	57	A3	3	1091
121	121	482	482	1.0	1/2	1/2	2/2	1	1	1/4		1/4	1		6	66	F#4	4	1087
121	121	482	482	1.0	1/2	1/2	2/2	1	1	1/4		1/4	1		6	78	F#5	5	1087
121	121	483	483	1.0	3/4	3/4	2/2	2	1	1/4		1/4	1		0	48	C3	3	1092
121	121	483	483	1.0	3/4	3/4	2/2	2	1	1/4		1/4	1		0	60	C4	4	1092
121	121	483	483	1.0	3/4	3/4	2/2	1	1	1/4		1/4	1		4	64	E4	4	1088
121	121	483	483	1.0	3/4	3/4	2/2	1	1	1/4		1/4	1		4	76	E5	5	1088
122	122	484	484	2.0	0	0	2/2	2	1	1/2		1/2	1		5	47	B2	2	1101
122	122	484	484	2.0	0	0	2/2	2	1	1/2		1/2	1		5	59	B3	3	1101
122	122	484	484	0.5	0	0	2/2	1	1	1/8		1/8	1		5	83	B5	5	1093
122	122	969/2	969/2	0.5	1/8	1/8	2/2	1	1	1/8		1/8	1		5	71	B4	4	1094
122	122	485	485	0.5	1/4	1/4	2/2	1	1	1/8		1/8	1		9	75	D#5	5	1095
122	122	971/2	971/2	0.5	3/8	3/8	2/2	1	1	1/8		1/8	1		5	71	B4	4	1096
122	122	486	486	1.0	1/2	1/2	2/2	2	1	1/4		1/4	1		8	68	G#4	4	1102
122	122	486	486	0.5	1/2	1/2	2/2	1	1	1/8		1/8	1		4	76	E5	5	1097
122	122	973/2	973/2	0.5	5/8	5/8	2/2	1	1	1/8		1/8	1		5	71	B4	4	1098
122	122	487	487	0.5	3/4	3/4	2/2	2	1	1/8		1/8	1		6	66	F#4	4	1103
122	122	487	487	0.5	3/4	3/4	2/2	1	1	1/8		1/8	1		8	80	G#5	5	1099
122	122	975/2	975/2	0.5	7/8	7/8	2/2	2	1	1/8		1/8	1		4	64	E4	4	1104
122	122	975/2	975/2	0.5	7/8	7/8	2/2	1	1	1/8		1/8	1		5	71	B4	4	1100
123	123	488	488	2.0	0	0	2/2	2	1	1/2		1/2	1		5	47	B2	2	1113
123	123	488	488	0.5	0	0	2/2	1	1	1/8		1/8	1		5	83	B5	5	1105
123	123	977/2	977/2	0.5	1/8	1/8	2/2	1	1	1/8		1/8	1		5	71	B4	4	1106
123	123	489	489	0.5	1/4	1/4	2/2	1	1	1/8		1/8	1		9	75	D#5	5	1107
123	123	979/2	979/2	0.5	3/8	3/8	2/2	1	1	1/8		1/8	1		5	71	B4	4	1108
123	123	490	490	1.0	1/2	1/2	2/2	2	1	1/4		1/4	1		8	68	G#4	4	1114
123	123	490	490	0.5	1/2	1/2	2/2	1	1	1/8		1/8	1		4	76	E5	5	1109
123	123	981/2	981/2	0.5	5/8	5/8	2/2	1	1	1/8		1/8	1		5	71	B4	4	1110
123	123	491	491	0.5	3/4	3/4	2/2	2	1	1/8		1/8	1		6	66	F#4	4	1115
123	123	491	491	0.5	3/4	3/4	2/2	1	1	1/8		1/8	1		8	80	G#5	5	1111
123	123	983/2	983/2	0.5	7/8	7/8	2/2	2	1	1/8		1/8	1		4	64	E4	4	1116
123	123	983/2	983/2	0.5	7/8	7/8	2/2	1	1	1/8		1/8	1		5	71	B4	4	1112
124	124	492	492	2.0	0	0	2/2	2	1	1/2		1/2	1		3	45	A2	2	1125
124	124	492	492	0.5	0	0	2/2	1	1	1/8		1/8	1		5	83	B5	5	1117
124	124	985/2	985/2	0.5	1/8	1/8	2/2	1	1	1/8		1/8	1		5	71	B4	4	1118
124	124	493	493	0.5	1/4	1/4	2/2	1	1	1/8		1/8	1		9	75	D#5	5	1119
124	124	987/2	987/2	0.5	3/8	3/8	2/2	1	1	1/8		1/8	1		5	71	B4	4	1120
124	124	494	494	1.0	1/2	1/2	2/2	2	1	1/4		1/4	1		8	68	G#4	4	1126
124	124	494	494	0.5	1/2	1/2	2/2	1	1	1/8		1/8	1		4	76	E5	5	1121
124	124	989/2	989/2	0.5	5/8	5/8	2/2	1	1	1/8		1/8	1		5	71	B4	4	1122
124	124	495	495	0.5	3/4	3/4	2/2	2	1	1/8		1/8	1		6	66	F#4	4	1127
124	124	495	495	0.5	3/4	3/4	2/2	1	1	1/8		1/8	1		8	80	G#5	5	1123
124	124	991/2	991/2	0.5	7/8	7/8	2/2	2	1	1/8		1/8	1		4	64	E4	4	1128
124	124	991/2	991/2	0.5	7/8	7/8	2/2	1	1	1/8		1/8	1		5	71	B4	4	1124
125	125	496	496	2.0	0	0	2/2	2	1	1/2		1/2	1		8	44	G#2	2	1137
125	125	496	496	0.5	0	0	2/2	1	1	1/8		1/8	1		5	83	B5	5	1129
125	125	993/2	993/2	0.5	1/8	1/8	2/2	1	1	1/8		1/8	1		5	71	B4	4	1130
125	125	497	497	0.5	1/4	1/4	2/2	1	1	1/8		1/8	1		4	76	E5	5	1131
125	125	995/2	995/2	0.5	3/8	3/8	2/2	1	1	1/8		1/8	1		5	71	B4	4	1132
125	125	498	498	1.0	1/2	1/2	2/2	2	1	1/4		1/4	1		8	68	G#4	4	1138
125	125	498	498	0.5	1/2	1/2	2/2	1	1	1/8		1/8	1		6	78	F#5	5	1133
125	125	997/2	997/2	0.5	5/8	5/8	2/2	1	1	1/8		1/8	1		5	71	B4	4	1134
125	125	499	499	0.5	3/4	3/4	2/2	2	1	1/8		1/8	1		6	66	F#4	4	1139
125	125	499	499	0.5	3/4	3/4	2/2	1	1	1/8		1/8	1		8	80	G#5	5	1135
125	125	999/2	999/2	0.5	7/8	7/8	2/2	2	1	1/8		1/8	1		4	64	E4	4	1140
125	125	999/2	999/2	0.5	7/8	7/8	2/2	1	1	1/8		1/8	1		5	71	B4	4	1136
126	126	500	500	2.0	0	0	2/2	2	1	1/2		1/2	1		6	42	F#2	2	1149
126	126	500	500	0.5	0	0	2/2	1	1	1/8		1/8	1		3	81	A5	5	1141
126	126	1001/2	1001/2	0.5	1/8	1/8	2/2	1	1	1/8		1/8	1		5	71	B4	4	1142
126	126	501	501	0.5	1/4	1/4	2/2	1	1	1/8		1/8	1		9	75	D#5	5	1143
126	126	1003/2	1003/2	0.5	3/8	3/8	2/2	1	1	1/8		1/8	1		5	71	B4	4	1144
126	126	502	502	1.0	1/2	1/2	2/2	2	1	1/4		1/4	1		8	68	G#4	4	1150
126	126	502	502	0.5	1/2	1/2	2/2	1	1	1/8		1/8	1		4	76	E5	5	1145
126	126	1005/2	1005/2	0.5	5/8	5/8	2/2	1	1	1/8		1/8	1		5	71	B4	4	1146
126	126	503	503	0.5	3/4	3/4	2/2	2	1	1/8		1/8	1		6	66	F#4	4	1151
126	126	503	503	0.5	3/4	3/4	2/2	1	1	1/8		1/8	1		6	78	F#5	5	1147
126	126	1007/2	1007/2	0.5	7/8	7/8	2/2	2	1	1/8		1/8	1		4	64	E4	4	1152
126	126	1007/2	1007/2	0.5	7/8	7/8	2/2	1	1	1/8		1/8	1		5	71	B4	4	1148
127	127	504	504	3.0	0	0	2/2	2	1	3/4		1/2	3/2		4	40	E2	2	1161
127	127	504	504	0.5	0	0	2/2	1	1	1/8		1/8	1		8	80	G#5	5	1153
127	127	1009/2	1009/2	0.5	1/8	1/8	2/2	1	1	1/8		1/8	1		3	81	A5	5	1154
127	127	505	505	0.5	1/4	1/4	2/2	1	1	1/8		1/8	1		5	83	B5	5	1155
127	127	1011/2	1011/2	0.5	3/8	3/8	2/2	1	1	1/8		1/8	1		3	81	A5	5	1156
127	127	506	506	0.5	1/2	1/2	2/2	1	1	1/8		1/8	1		8	80	G#5	5	1157
127	127	1013/2	1013/2	0.5	5/8	5/8	2/2	1	1	1/8		1/8	1		6	78	F#5	5	1158
127	127	507	507	1.0	3/4	3/4	2/2	2	1	1/4		1/4	1		8	56	G#3	3	1162
127	127	507	507	0.5	3/4	3/4	2/2	1	1	1/8		1/8	1		4	76	E5	5	1159
127	127	1015/2	1015/2	0.5	7/8	7/8	2/2	1	1	1/8		1/8	1		9	75	D#5	5	1160
128	128	508	508	1.0	0	0	2/2	2	1	1/4		1/4	1		3	45	A2	2	1171
128	128	508	508	0.5	0	0	2/2	1	1	1/8		1/8	1		7	73	C#5	5	1163
128	128	1017/2	1017/2	0.5	1/8	1/8	2/2	1	1	1/8		1/8	1		4	76	E5	5	1164
128	128	509	509	1.0	1/4	1/4	2/2	2	1	1/4		1/4	1		3	57	A3	3	1172
128	128	509	509	0.5	1/4	1/4	2/2	1	1	1/8		1/8	1		9	75	D#5	5	1165
128	128	1019/2	1019/2	0.5	3/8	3/8	2/2	1	1	1/8		1/8	1		7	73	C#5	5	1166
128	128	510	510	1.0	1/2	1/2	2/2	2	1	1/4		1/4	1		5	59	B3	3	1173
128	128	510	510	0.5	1/2	1/2	2/2	1	1	1/8		1/8	1		5	71	B4	4	1167
128	128	1021/2	1021/2	0.5	5/8	5/8	2/2	1	1	1/8		1/8	1		3	69	A4	4	1168
128	128	511	511	1.0	3/4	3/4	2/2	2	1	1/4		1/4	1		5	47	B2	2	1174
128	128	511	511	0.5	3/4	3/4	2/2	1	1	1/8		1/8	1		8	68	G#4	4	1169
128	128	1023/2	1023/2	0.5	7/8	7/8	2/2	1	1	1/8		1/8	1		6	66	F#4	4	1170
129	129	512	512	2.0	0	0	2/2	2	1	1/2		1/2	1		4	40	E2	2	1183
129	129	512	512	0.5	0	0	2/2	1	1	1/8		1/8	1		5	83	B5	5	1175
129	129	1025/2	1025/2	0.5	1/8	1/8	2/2	1	1	1/8		1/8	1		5	71	B4	4	1176
129	129	513	513	0.5	1/4	1/4	2/2	1	1	1/8		1/8	1		9	75	D#5	5	1177
129	129	1027/2	1027/2	0.5	3/8	3/8	2/2	1	1	1/8		1/8	1		5	71	B4	4	1178
129	129	514	514	1.0	1/2	1/2	2/2	2	1	1/4		1/4	1		8	68	G#4	4	1184
129	129	514	514	0.5	1/2	1/2	2/2	1	1	1/8		1/8	1		4	76	E5	5	1179
129	129	1029/2	1029/2	0.5	5/8	5/8	2/2	1	1	1/8		1/8	1		5	71	B4	4	1180
129	129	515	515	0.5	3/4	3/4	2/2	2	1	1/8		1/8	1		6	66	F#4	4	1185
129	129	515	515	0.5	3/4	3/4	2/2	1	1	1/8		1/8	1		8	80	G#5	5	1181
129	129	1031/2	1031/2	0.5	7/8	7/8	2/2	2	1	1/8		1/8	1		4	64	E4	4	1186
129	129	1031/2	1031/2	0.5	7/8	7/8	2/2	1	1	1/8		1/8	1		5	71	B4	4	1182
130	130	516	516	2.0	0	0	2/2	2	1	1/2		1/2	1		5	47	B2	2	1195
130	130	516	516	0.5	0	0	2/2	1	1	1/8		1/8	1		5	83	B5	5	1187
130	130	1033/2	1033/2	0.5	1/8	1/8	2/2	1	1	1/8		1/8	1		5	71	B4	4	1188
130	130	517	517	0.5	1/4	1/4	2/2	1	1	1/8		1/8	1		9	75	D#5	5	1189
130	130	1035/2	1035/2	0.5	3/8	3/8	2/2	1	1	1/8		1/8	1		5	71	B4	4	1190
130	130	518	518	1.0	1/2	1/2	2/2	2	1	1/4		1/4	1		8	68	G#4	4	1196
130	130	518	518	0.5	1/2	1/2	2/2	1	1	1/8		1/8	1		4	76	E5	5	1191
130	130	1037/2	1037/2	0.5	5/8	5/8	2/2	1	1	1/8		1/8	1		5	71	B4	4	1192
130	130	519	519	0.5	3/4	3/4	2/2	2	1	1/8		1/8	1		6	66	F#4	4	1197
130	130	519	519	0.5	3/4	3/4	2/2	1	1	1/8		1/8	1		8	80	G#5	5	1193
130	130	1039/2	1039/2	0.5	7/8	7/8	2/2	2	1	1/8		1/8	1		4	64	E4	4	1198
130	130	1039/2	1039/2	0.5	7/8	7/8	2/2	1	1	1/8		1/8	1		5	71	B4	4	1194
131	131	520	520	2.0	0	0	2/2	2	1	1/2		1/2	1		3	45	A2	2	1207
131	131	520	520	0.5	0	0	2/2	1	1	1/8		1/8	1		5	83	B5	5	1199
131	131	1041/2	1041/2	0.5	1/8	1/8	2/2	1	1	1/8		1/8	1		5	71	B4	4	1200
131	131	521	521	0.5	1/4	1/4	2/2	1	1	1/8		1/8	1		9	75	D#5	5	1201
131	131	1043/2	1043/2	0.5	3/8	3/8	2/2	1	1	1/8		1/8	1		5	71	B4	4	1202
131	131	522	522	1.0	1/2	1/2	2/2	2	1	1/4		1/4	1		8	68	G#4	4	1208
131	131	522	522	0.5	1/2	1/2	2/2	1	1	1/8		1/8	1		4	76	E5	5	1203
131	131	1045/2	1045/2	0.5	5/8	5/8	2/2	1	1	1/8		1/8	1		5	71	B4	4	1204
131	131	523	523	0.5	3/4	3/4	2/2	2	1	1/8		1/8	1		6	66	F#4	4	1209
131	131	523	523	0.5	3/4	3/4	2/2	1	1	1/8		1/8	1		8	80	G#5	5	1205
131	131	1047/2	1047/2	0.5	7/8	7/8	2/2	2	1	1/8		1/8	1		4	64	E4	4	1210
131	131	1047/2	1047/2	0.5	7/8	7/8	2/2	1	1	1/8		1/8	1		5	71	B4	4	1206
132	132	524	524	2.0	0	0	2/2	2	1	1/2		1/2	1		8	44	G#2	2	1219
132	132	524	524	0.5	0	0	2/2	1	1	1/8		1/8	1		5	83	B5	5	1211
132	132	1049/2	1049/2	0.5	1/8	1/8	2/2	1	1	1/8		1/8	1		5	71	B4	4	1212
132	132	525	525	0.5	1/4	1/4	2/2	1	1	1/8		1/8	1		4	76	E5	5	1213
132	132	1051/2	1051/2	0.5	3/8	3/8	2/2	1	1	1/8		1/8	1		5	71	B4	4	1214
132	132	526	526	1.0	1/2	1/2	2/2	2	1	1/4		1/4	1		8	68	G#4	4	1220
132	132	526	526	0.5	1/2	1/2	2/2	1	1	1/8		1/8	1		6	78	F#5	5	1215
132	132	1053/2	1053/2	0.5	5/8	5/8	2/2	1	1	1/8		1/8	1		5	71	B4	4	1216
132	132	527	527	0.5	3/4	3/4	2/2	2	1	1/8		1/8	1		6	66	F#4	4	1221
132	132	527	527	0.5	3/4	3/4	2/2	1	1	1/8		1/8	1		8	80	G#5	5	1217
132	132	1055/2	1055/2	0.5	7/8	7/8	2/2	2	1	1/8		1/8	1		4	64	E4	4	1222
132	132	1055/2	1055/2	0.5	7/8	7/8	2/2	1	1	1/8		1/8	1		5	71	B4	4	1218
133	133	528	528	2.0	0	0	2/2	2	1	1/2		1/2	1		6	42	F#2	2	1231
133	133	528	528	0.5	0	0	2/2	1	1	1/8		1/8	1		3	81	A5	5	1223
133	133	1057/2	1057/2	0.5	1/8	1/8	2/2	1	1	1/8		1/8	1		5	71	B4	4	1224
133	133	529	529	0.5	1/4	1/4	2/2	1	1	1/8		1/8	1		9	75	D#5	5	1225
133	133	1059/2	1059/2	0.5	3/8	3/8	2/2	1	1	1/8		1/8	1		5	71	B4	4	1226
133	133	530	530	1.0	1/2	1/2	2/2	2	1	1/4		1/4	1		8	68	G#4	4	1232
133	133	530	530	0.5	1/2	1/2	2/2	1	1	1/8		1/8	1		4	76	E5	5	1227
133	133	1061/2	1061/2	0.5	5/8	5/8	2/2	1	1	1/8		1/8	1		5	71	B4	4	1228
133	133	531	531	0.5	3/4	3/4	2/2	2	1	1/8		1/8	1		6	66	F#4	4	1233
133	133	531	531	0.5	3/4	3/4	2/2	1	1	1/8		1/8	1		6	78	F#5	5	1229
133	133	1063/2	1063/2	0.5	7/8	7/8	2/2	2	1	1/8		1/8	1		4	64	E4	4	1234
133	133	1063/2	1063/2	0.5	7/8	7/8	2/2	1	1	1/8		1/8	1		5	71	B4	4	1230
134	134	532	532	3.0	0	0	2/2	2	1	3/4		1/2	3/2		4	40	E2	2	1243
134	134	532	532	0.5	0	0	2/2	1	1	1/8		1/8	1		8	80	G#5	5	1235
134	134	1065/2	1065/2	0.5	1/8	1/8	2/2	1	1	1/8		1/8	1		3	81	A5	5	1236
134	134	533	533	0.5	1/4	1/4	2/2	1	1	1/8		1/8	1		5	83	B5	5	1237
134	134	1067/2	1067/2	0.5	3/8	3/8	2/2	1	1	1/8		1/8	1		3	81	A5	5	1238
134	134	534	534	0.5	1/2	1/2	2/2	1	1	1/8		1/8	1		8	80	G#5	5	1239
134	134	1069/2	1069/2	0.5	5/8	5/8	2/2	1	1	1/8		1/8	1		6	78	F#5	5	1240
134	134	535	535	1.0	3/4	3/4	2/2	2	1	1/4		1/4	1		8	56	G#3	3	1244
134	134	535	535	0.5	3/4	3/4	2/2	1	1	1/8		1/8	1		4	76	E5	5	1241
134	134	1071/2	1071/2	0.5	7/8	7/8	2/2	1	1	1/8		1/8	1		9	75	D#5	5	1242
135	135	536	536	1.0	0	0	2/2	2	1	1/4		1/4	1		3	45	A2	2	1253
135	135	536	536	0.5	0	0	2/2	1	1	1/8		1/8	1		7	73	C#5	5	1245
135	135	1073/2	1073/2	0.5	1/8	1/8	2/2	1	1	1/8		1/8	1		4	76	E5	5	1246
135	135	537	537	1.0	1/4	1/4	2/2	2	1	1/4		1/4	1		3	57	A3	3	1254
135	135	537	537	0.5	1/4	1/4	2/2	1	1	1/8		1/8	1		9	75	D#5	5	1247
135	135	1075/2	1075/2	0.5	3/8	3/8	2/2	1	1	1/8		1/8	1		7	73	C#5	5	1248
135	135	538	538	1.0	1/2	1/2	2/2	2	1	1/4		1/4	1		5	59	B3	3	1255
135	135	538	538	0.5	1/2	1/2	2/2	1	1	1/8		1/8	1		5	71	B4	4	1249
135	135	1077/2	1077/2	0.5	5/8	5/8	2/2	1	1	1/8		1/8	1		3	69	A4	4	1250
135	135	539	539	1.0	3/4	3/4	2/2	2	1	1/4		1/4	1		5	47	B2	2	1256
135	135	539	539	0.5	3/4	3/4	2/2	1	1	1/8		1/8	1		8	68	G#4	4	1251
135	135	1079/2	1079/2	0.5	7/8	7/8	2/2	1	1	1/8		1/8	1		6	66	F#4	4	1252
136	136	540	540	2.0	0	0	2/2	1	1	1/2		1/2	1		5	71	B4	4	1257
136	136	540	540	2.0	0	0	2/2	1	1	1/2		1/2	1		8	80	G#5	5	1257
136	136	1081/2	1081/2	0.5	1/8	1/8	2/2	2	1	1/8		1/8	1		4	64	E4	4	1259
136	136	541	541	0.5	1/4	1/4	2/2	2	1	1/8		1/8	1		6	66	F#4	4	1260
136	136	1083/2	1083/2	0.5	3/8	3/8	2/2	2	1	1/8		1/8	1		8	68	G#4	4	1261
136	136	542	542	0.5	1/2	1/2	2/2	2	1	1/8		1/8	1		3	69	A4	4	1262
136	136	542	542	2.0	1/2	1/2	2/2	1	1	1/2		1/2	1		7	73	C#5	5	1258
136	136	542	542	2.0	1/2	1/2	2/2	1	1	1/2		1/2	1		3	81	A5	5	1258
136	136	1085/2	1085/2	0.5	5/8	5/8	2/2	2	1	1/8		1/8	1		8	68	G#4	4	1263
136	136	543	543	0.5	3/4	3/4	2/2	2	1	1/8		1/8	1		6	66	F#4	4	1264
136	136	1087/2	1087/2	0.5	7/8	7/8	2/2	2	1	1/8		1/8	1		4	64	E4	4	1265
137	137	544	544	2.0	0	0	2/2	2	1	1/2		1/2	1		5	35	B1	1	1274
137	137	544	544	0.5	0	0	2/2	1	1	1/8		1/8	1		5	71	B4	4	1266
137	137	1089/2	1089/2	0.5	1/8	1/8	2/2	1	1	1/8		1/8	1		3	81	A5	5	1267
137	137	545	545	0.5	1/4	1/4	2/2	1	1	1/8		1/8	1		8	80	G#5	5	1268
137	137	1091/2	1091/2	0.5	3/8	3/8	2/2	1	1	1/8		1/8	1		6	78	F#5	5	1269
137	137	546	546	2.0	1/2	1/2	2/2	2	1	1/2		1/2	1		4	40	E2	2	1275
137	137	546	546	0.5	1/2	1/2	2/2	1	1	1/8		1/8	1		8	80	G#5	5	1270
137	137	1093/2	1093/2	0.5	5/8	5/8	2/2	1	1	1/8		1/8	1		6	78	F#5	5	1271
137	137	547	547	0.5	3/4	3/4	2/2	1	1	1/8		1/8	1		4	76	E5	5	1272
137	137	1095/2	1095/2	0.5	7/8	7/8	2/2	1	1	1/8		1/8	1		9	75	D#5	5	1273
138	138	548	548	2.0	0	0	2/2	2	1	1/2		1/2	1		3	45	A2	2	1286
138	138	548	548	0.5	0	0	2/2	1	1	1/8		1/8	1		7	73	C#5	5	1276
138	138	1097/2	1097/2	0.5	1/8	1/8	2/2	1	1	1/8		1/8	1		9	75	D#5	5	1277
138	138	549	549	0.5	1/4	1/4	2/2	1	1	1/8		1/8	1		4	76	E5	5	1278
138	138	1099/2	1099/2	0.5	3/8	3/8	2/2	1	1	1/8		1/8	1		6	78	F#5	5	1279
138	138	550	550	2.0	1/2	1/2	2/2	2	1	1/2		1/2	1		5	47	B2	2	1287
138	138	550	550	0.5	1/2	1/2	2/2	1	2	1/8		1/8	1		8	80	G#5	5	1282
138	138	550	550	1.0	1/2	1/2	2/2	1	1	1/4		1/4	1		5	83	B5	5	1280
138	138	1101/2	1101/2	0.5	5/8	5/8	2/2	1	2	1/8		1/8	1		4	76	E5	5	1283
138	138	551	551	0.5	3/4	3/4	2/2	1	2	1/8		1/8	1		6	78	F#5	5	1284
138	138	551	551	1.0	3/4	3/4	2/2	1	1	1/4		1/4	1		3	81	A5	5	1281
138	138	1103/2	1103/2	0.5	7/8	7/8	2/2	1	2	1/8		1/8	1		9	75	D#5	5	1285
139	139	552	552	2.0	0	0	2/2	1	1	1/2		1/2	1		5	71	B4	4	1288
139	139	552	552	2.0	0	0	2/2	1	1	1/2		1/2	1		8	80	G#5	5	1288
139	139	1105/2	1105/2	0.5	1/8	1/8	2/2	2	1	1/8		1/8	1		4	64	E4	4	1290
139	139	553	553	0.5	1/4	1/4	2/2	2	1	1/8		1/8	1		6	66	F#4	4	1291
139	139	1107/2	1107/2	0.5	3/8	3/8	2/2	2	1	1/8		1/8	1		8	68	G#4	4	1292
139	139	554	554	0.5	1/2	1/2	2/2	2	1	1/8		1/8	1		3	69	A4	4	1293
139	139	554	554	2.0	1/2	1/2	2/2	1	1	1/2		1/2	1		7	73	C#5	5	1289
139	139	554	554	2.0	1/2	1/2	2/2	1	1	1/2		1/2	1		3	81	A5	5	1289
139	139	1109/2	1109/2	0.5	5/8	5/8	2/2	2	1	1/8		1/8	1		8	68	G#4	4	1294
139	139	555	555	0.5	3/4	3/4	2/2	2	1	1/8		1/8	1		6	66	F#4	4	1295
139	139	1111/2	1111/2	0.5	7/8	7/8	2/2	2	1	1/8		1/8	1		4	64	E4	4	1296
140	140	556	556	2.0	0	0	2/2	2	1	1/2		1/2	1		5	35	B1	1	1305
140	140	556	556	0.5	0	0	2/2	1	1	1/8		1/8	1		5	71	B4	4	1297
140	140	1113/2	1113/2	0.5	1/8	1/8	2/2	1	1	1/8		1/8	1		3	81	A5	5	1298
140	140	557	557	0.5	1/4	1/4	2/2	1	1	1/8		1/8	1		8	80	G#5	5	1299
140	140	1115/2	1115/2	0.5	3/8	3/8	2/2	1	1	1/8		1/8	1		6	78	F#5	5	1300
140	140	558	558	2.0	1/2	1/2	2/2	2	1	1/2		1/2	1		4	40	E2	2	1306
140	140	558	558	0.5	1/2	1/2	2/2	1	1	1/8		1/8	1		8	80	G#5	5	1301
140	140	1117/2	1117/2	0.5	5/8	5/8	2/2	1	1	1/8		1/8	1		6	78	F#5	5	1302
140	140	559	559	0.5	3/4	3/4	2/2	1	1	1/8		1/8	1		4	76	E5	5	1303
140	140	1119/2	1119/2	0.5	7/8	7/8	2/2	1	1	1/8		1/8	1		9	75	D#5	5	1304
141	141	560	560	2.0	0	0	2/2	2	1	1/2		1/2	1		3	45	A2	2	1317
141	141	560	560	0.5	0	0	2/2	1	1	1/8		1/8	1		7	73	C#5	5	1307
141	141	1121/2	1121/2	0.5	1/8	1/8	2/2	1	1	1/8		1/8	1		9	75	D#5	5	1308
141	141	561	561	0.5	1/4	1/4	2/2	1	1	1/8		1/8	1		4	76	E5	5	1309
141	141	1123/2	1123/2	0.5	3/8	3/8	2/2	1	1	1/8		1/8	1		6	78	F#5	5	1310
141	141	562	562	2.0	1/2	1/2	2/2	2	1	1/2		1/2	1		5	47	B2	2	1318
141	141	562	562	0.5	1/2	1/2	2/2	1	2	1/8		1/8	1		8	80	G#5	5	1313
141	141	562	562	1.0	1/2	1/2	2/2	1	1	1/4		1/4	1		5	83	B5	5	1311
141	141	1125/2	1125/2	0.5	5/8	5/8	2/2	1	2	1/8		1/8	1		4	76	E5	5	1314
141	141	563	563	0.5	3/4	3/4	2/2	1	2	1/8		1/8	1		6	78	F#5	5	1315
141	141	563	563	1.0	3/4	3/4	2/2	1	1	1/4		1/4	1		3	81	A5	5	1312
141	141	1127/2	1127/2	0.5	7/8	7/8	2/2	1	2	1/8		1/8	1		9	75	D#5	5	1316
142	142	564	564	2.0	0	0	2/2	2	1	1/2		1/2	1		4	40	E2	2	1328
142	142	564	564	1.0	0	0	2/2	1	2	1/4		1/4	1		4	76	E5	5	1327
142	142	564	564	0.5	0	0	2/2	1	1	1/8		1/8	1		8	80	G#5	5	1319
142	142	1129/2	1129/2	0.5	1/8	1/8	2/2	1	1	1/8		1/8	1		4	76	E5	5	1320
142	142	565	565	0.5	1/4	1/4	2/2	1	1	1/8		1/8	1		5	71	B4	4	1321
142	142	1131/2	1131/2	0.5	3/8	3/8	2/2	1	1	1/8		1/8	1		8	68	G#4	4	1322
142	142	566	566	0.5	1/2	1/2	2/2	1	1	1/8		1/8	1		4	76	E5	5	1323
142	142	1133/2	1133/2	0.5	5/8	5/8	2/2	1	1	1/8		1/8	1		5	71	B4	4	1324
142	142	567	567	0.5	3/4	3/4	2/2	1	1	1/8		1/8	1		8	68	G#4	4	1325
142	142	1135/2	1135/2	0.5	7/8	7/8	2/2	1	1	1/8		1/8	1		4	64	E4	4	1326
143	143	568	568	0.5	0	0	2/2	2	1	1/8		1/8	1		4	64	E4	4	1329
143	143	1137/2	1137/2	0.5	1/8	1/8	2/2	2	1	1/8		1/8	1		5	59	B3	3	1330
143	143	569	569	0.5	1/4	1/4	2/2	2	1	1/8		1/8	1		8	56	G#3	3	1331
143	143	1139/2	1139/2	0.5	3/8	3/8	2/2	2	1	1/8		1/8	1		4	52	E3	3	1332
143	143	570	570	0.5	1/2	1/2	2/2	2	1	1/8		1/8	1		4	52	E3	3	1333
143	143	1141/2	1141/2	0.5	5/8	5/8	2/2	2	1	1/8		1/8	1		5	47	B2	2	1334
143	143	571	571	0.5	3/4	3/4	2/2	2	1	1/8		1/8	1		8	44	G#2	2	1335
143	143	1143/2	1143/2	0.5	7/8	7/8	2/2	2	1	1/8		1/8	1		4	40	E2	2	1336
144	144	572	572	2.0	0	0	2/2	2	1	1/2		1/2	1		4	40	E2	2	1337
