mc	mn	quarterbeats	duration_qb	mc_onset	mn_onset	timesig	staff	voice	duration	nominal_duration	scalar	tied	tpc	midi	name	octave	chord_id
1	1	0	0.5	0	0	3/8	1	2	1/8	1/8	1		6	78	F#5	5	3
1	1	0	0.5	0	0	3/8	1	1	1/8	1/8	1		3	81	A5	5	0
1	1	1/2	0.5	1/8	1/8	3/8	1	2	1/8	1/8	1		2	74	D5	5	4
1	1	1/2	0.5	1/8	1/8	3/8	1	1	1/8	1/8	1		6	78	F#5	5	1
1	1	1	0.5	1/4	1/4	3/8	1	2	1/8	1/8	1		3	69	A4	4	5
1	1	1	0.5	1/4	1/4	3/8	1	1	1/8	1/8	1		4	76	E5	5	2
2	2	3/2	0.5	0	0	3/8	1	2	1/8	1/8	1		6	66	F#4	4	9
2	2	3/2	0.5	0	0	3/8	1	1	1/8	1/8	1		2	74	D5	5	6
2	2	2	0.5	1/8	1/8	3/8	1	2	1/8	1/8	1		6	66	F#4	4	10
2	2	2	0.5	1/8	1/8	3/8	1	1	1/8	1/8	1		2	74	D5	5	7
2	2	5/2	0.5	1/4	1/4	3/8	1	2	1/8	1/8	1		3	69	A4	4	11
2	2	5/2	0.5	1/4	1/4	3/8	1	1	1/8	1/8	1		4	76	E5	5	8
3	3	3	0.5	0	0	3/8	1	2	1/8	1/8	1		6	66	F#4	4	15
3	3	3	0.5	0	0	3/8	1	1	1/8	1/8	1		2	74	D5	5	12
3	3	7/2	0.5	1/8	1/8	3/8	1	2	1/8	1/8	1		6	66	F#4	4	16
3	3	7/2	0.5	1/8	1/8	3/8	1	1	1/8	1/8	1		2	74	D5	5	13
3	3	4	0.5	1/4	1/4	3/8	1	2	1/8	1/8	1		3	69	A4	4	17
3	3	4	0.5	1/4	1/4	3/8	1	1	1/8	1/8	1		4	76	E5	5	14
4	4	9/2	0.5	0	0	3/8	1	2	1/8	1/8	1		6	66	F#4	4	21
4	4	9/2	0.5	0	0	3/8	1	1	1/8	1/8	1		2	74	D5	5	18
4	4	5	0.5	1/8	1/8	3/8	1	2	1/8	1/8	1		6	66	F#4	4	22
4	4	5	0.5	1/8	1/8	3/8	1	1	1/8	1/8	1		2	74	D5	5	19
4	4	11/2	0.5	1/4	1/4	3/8	1	2	1/8	1/8	1		3	69	A4	4	23
4	4	11/2	0.5	1/4	1/4	3/8	1	1	1/8	1/8	1		4	76	E5	5	20
5	5	6	0.5	0	0	3/8	1	2	1/8	1/8	1		2	74	D5	5	27
5	5	6	0.5	0	0	3/8	1	1	1/8	1/8	1		6	78	F#5	5	24
5	5	13/2	0.5	1/8	1/8	3/8	1	2	1/8	1/8	1		4	76	E5	5	28
5	5	13/2	0.5	1/8	1/8	3/8	1	1	1/8	1/8	1		1	79	G5	5	25
5	5	7	0.5	1/4	1/4	3/8	1	2	1/8	1/8	1		6	78	F#5	5	29
5	5	7	0.5	1/4	1/4	3/8	1	1	1/8	1/8	1		3	81	A5	5	26
6	6	15/2	1.5	0	0	3/8	1	2	3/8	1/4	3/2		3	69	A4	4	31
6	6	15/2	1.5	0	0	3/8	1	1	3/8	1/4	3/2		4	76	E5	5	30
7	7	9	0.5	0	0	3/8	1	2	1/8	1/8	1		2	74	D5	5	35
7	7	9	0.5	0	0	3/8	1	1	1/8	1/8	1		6	78	F#5	5	32
7	7	19/2	0.5	1/8	1/8	3/8	1	2	1/8	1/8	1		4	76	E5	5	36
7	7	19/2	0.5	1/8	1/8	3/8	1	1	1/8	1/8	1		1	79	G5	5	33
7	7	10	0.5	1/4	1/4	3/8	1	2	1/8	1/8	1		6	78	F#5	5	37
7	7	10	0.5	1/4	1/4	3/8	1	1	1/8	1/8	1		3	81	A5	5	34
8	8	21/2	1.5	0	0	3/8	1	2	3/8	1/4	3/2		3	69	A4	4	39
8	8	21/2	1.5	0	0	3/8	1	1	3/8	1/4	3/2		4	76	E5	5	38
9	9	12	0.5	0	0	3/8	1	2	1/8	1/8	1		2	74	D5	5	43
9	9	12	0.5	0	0	3/8	1	1	1/8	1/8	1		6	78	F#5	5	40
9	9	25/2	0.5	1/8	1/8	3/8	1	2	1/8	1/8	1		4	76	E5	5	44
9	9	25/2	0.5	1/8	1/8	3/8	1	1	1/8	1/8	1		1	79	G5	5	41
9	9	13	0.5	1/4	1/4	3/8	1	2	1/8	1/8	1		6	78	F#5	5	45
9	9	13	0.5	1/4	1/4	3/8	1	1	1/8	1/8	1		3	81	A5	5	42
10	10	27/2	1.5	0	0	3/8	1	2	3/8	1/4	3/2		3	69	A4	4	47
10	10	27/2	1.5	0	0	3/8	1	1	3/8	1/4	3/2		4	76	E5	5	46
11	11	15	0.5	0	0	3/8	2	1	1/8	1/8	1		2	50	D3	3	49
11	11	31/2	0.5	1/8	1/8	3/8	2	1	1/8	1/8	1		2	62	D4	4	50
11	11	31/2	1.0	1/8	1/8	3/8	1	1	1/4	1/4	1	1	2	74	D5	5	48
11	11	16	0.5	1/4	1/4	3/8	2	2	1/8	1/8	1		1	55	G3	3	52
11	11	16	0.5	1/4	1/4	3/8	2	1	1/8	1/8	1		5	59	B3	3	51
12	12	33/2	1.0	0	0	3/8	2	2	1/4	1/4	1		6	54	F#3	3	57
12	12	33/2	0.5	0	0	3/8	2	1	1/8	1/8	1		3	57	A3	3	54
12	12	33/2	1.5	0	0	3/8	1	1	3/8	1/4	3/2	0	2	74	D5	5	53
12	12	17	0.5	1/8	1/8	3/8	2	1	1/8	1/8	1		2	62	D4	4	55
12	12	35/2	0.5	1/4	1/4	3/8	2	2	1/8	1/8	1		4	52	E3	3	58
12	12	35/2	0.5	1/4	1/4	3/8	2	1	1/8	1/8	1		1	55	G3	3	56
13	13	18	1.0	0	0	3/8	2	2	1/4	1/4	1		2	50	D3	3	64
13	13	18	0.5	0	0	3/8	2	1	1/8	1/8	1		6	54	F#3	3	61
13	13	18	1.5	0	0	3/8	1	2	3/8	1/4	3/2	0	2	74	D5	5	60
13	13	37/2	0.5	1/8	1/8	3/8	2	1	1/8	1/8	1		2	62	D4	4	62
13	13	37/2	1.0	1/8	1/8	3/8	1	1	1/4	1/4	1	1	6	78	F#5	5	59
13	13	19	0.5	1/4	1/4	3/8	2	2	1/8	1/8	1		1	55	G3	3	65
13	13	19	0.5	1/4	1/4	3/8	2	1	1/8	1/8	1		5	59	B3	3	63
14	14	39/2	1.0	0	0	3/8	2	2	1/4	1/4	1		6	54	F#3	3	71
14	14	39/2	0.5	0	0	3/8	2	1	1/8	1/8	1		3	57	A3	3	68
14	14	39/2	1.5	0	0	3/8	1	2	3/8	1/4	3/2	0	2	74	D5	5	67
14	14	39/2	1.5	0	0	3/8	1	1	3/8	1/4	3/2	0	6	78	F#5	5	66
14	14	20	0.5	1/8	1/8	3/8	2	1	1/8	1/8	1		2	62	D4	4	69
14	14	41/2	0.5	1/4	1/4	3/8	2	2	1/8	1/8	1		4	52	E3	3	72
14	14	41/2	0.5	1/4	1/4	3/8	2	1	1/8	1/8	1		1	55	G3	3	70
15	15	21	1.0	0	0	3/8	2	2	1/4	1/4	1		2	50	D3	3	79
15	15	21	0.5	0	0	3/8	2	1	1/8	1/8	1		6	54	F#3	3	76
15	15	21	1.5	0	0	3/8	1	2	3/8	1/4	3/2	0	2	74	D5	5	75
15	15	21	0.5	0	0	3/8	1	1	1/8	1/8	1	-1	6	78	F#5	5	73
15	15	43/2	0.5	1/8	1/8	3/8	2	1	1/8	1/8	1		2	62	D4	4	77
15	15	43/2	1.0	1/8	1/8	3/8	1	1	1/4	1/4	1	1	6	78	F#5	5	74
15	15	43/2	1.0	1/8	1/8	3/8	1	1	1/4	1/4	1	1	3	81	A5	5	74
15	15	22	0.5	1/4	1/4	3/8	2	2	1/8	1/8	1		1	55	G3	3	80
15	15	22	0.5	1/4	1/4	3/8	2	1	1/8	1/8	1		5	59	B3	3	78
16	16	45/2	1.0	0	0	3/8	2	2	1/4	1/4	1		6	54	F#3	3	86
16	16	45/2	0.5	0	0	3/8	2	1	1/8	1/8	1		3	57	A3	3	83
16	16	45/2	1.5	0	0	3/8	1	2	3/8	1/4	3/2	-1	2	74	D5	5	82
16	16	45/2	1.5	0	0	3/8	1	1	3/8	1/4	3/2	0	6	78	F#5	5	81
16	16	45/2	1.5	0	0	3/8	1	1	3/8	1/4	3/2	0	3	81	A5	5	81
16	16	23	0.5	1/8	1/8	3/8	2	1	1/8	1/8	1		2	62	D4	4	84
16	16	47/2	0.5	1/4	1/4	3/8	2	2	1/8	1/8	1		4	52	E3	3	87
16	16	47/2	0.5	1/4	1/4	3/8	2	1	1/8	1/8	1		1	55	G3	3	85
17	17	24	1.0	0	0	3/8	2	1	1/4	1/4	1		2	50	D3	3	94
17	17	24	0.5	0	0	3/8	1	2	1/8	1/8	1	-1	6	78	F#5	5	91
17	17	24	0.5	0	0	3/8	1	1	1/8	1/8	1	-1	3	81	A5	5	88
17	17	49/2	0.5	1/8	1/8	3/8	1	2	1/8	1/8	1		4	76	E5	5	92
17	17	49/2	0.5	1/8	1/8	3/8	1	1	1/8	1/8	1		1	79	G5	5	89
17	17	25	0.5	1/4	1/4	3/8	2	1	1/8	1/8	1		2	62	D4	4	95
17	17	25	0.5	1/4	1/4	3/8	1	2	1/8	1/8	1		2	74	D5	5	93
17	17	25	0.5	1/4	1/4	3/8	1	1	1/8	1/8	1		6	78	F#5	5	90
18	18	51/2	1.0	0	0	3/8	2	1	1/4	1/4	1		7	61	C#4	4	102
18	18	51/2	0.5	0	0	3/8	1	2	1/8	1/8	1		4	76	E5	5	99
18	18	51/2	0.5	0	0	3/8	1	1	1/8	1/8	1		1	79	G5	5	96
18	18	26	0.5	1/8	1/8	3/8	1	2	1/8	1/8	1		4	76	E5	5	100
18	18	26	0.5	1/8	1/8	3/8	1	1	1/8	1/8	1		1	79	G5	5	97
18	18	53/2	0.5	1/4	1/4	3/8	2	1	1/8	1/8	1		2	62	D4	4	103
18	18	53/2	0.5	1/4	1/4	3/8	1	2	1/8	1/8	1		2	74	D5	5	101
18	18	53/2	0.5	1/4	1/4	3/8	1	1	1/8	1/8	1		6	78	F#5	5	98
19	19	27	1.0	0	0	3/8	2	1	1/4	1/4	1		3	45	A2	2	110
19	19	27	1.0	0	0	3/8	2	1	1/4	1/4	1		3	57	A3	3	110
19	19	27	0.5	0	0	3/8	1	1	1/8	1/8	1		3	69	A4	4	104
19	19	27	0.5	0	0	3/8	1	2	1/8	1/8	1		4	76	E5	5	107
19	19	27	0.5	0	0	3/8	1	1	1/8	1/8	1		3	81	A5	5	104
19	19	55/2	0.5	1/8	1/8	3/8	1	1	1/8	1/8	1		3	69	A4	4	105
19	19	55/2	0.5	1/8	1/8	3/8	1	2	1/8	1/8	1		4	76	E5	5	108
19	19	55/2	0.5	1/8	1/8	3/8	1	1	1/8	1/8	1		3	81	A5	5	105
19	19	28	0.5	1/4	1/4	3/8	2	1	1/8	1/8	1		6	42	F#2	2	111
19	19	28	0.5	1/4	1/4	3/8	2	1	1/8	1/8	1		6	54	F#3	3	111
19	19	28	0.5	1/4	1/4	3/8	1	1	1/8	1/8	1		3	69	A4	4	106
19	19	28	0.5	1/4	1/4	3/8	1	2	1/8	1/8	1		2	74	D5	5	109
19	19	28	0.5	1/4	1/4	3/8	1	1	1/8	1/8	1		3	81	A5	5	106
20	20	57/2	1.0	0	0	3/8	2	1	1/4	1/4	1		3	45	A2	2	118
20	20	57/2	1.0	0	0	3/8	2	1	1/4	1/4	1		3	57	A3	3	118
20	20	57/2	0.5	0	0	3/8	1	1	1/8	1/8	1		3	69	A4	4	112
20	20	57/2	0.5	0	0	3/8	1	2	1/8	1/8	1		4	76	E5	5	115
20	20	57/2	0.5	0	0	3/8	1	1	1/8	1/8	1		3	81	A5	5	112
20	20	29	0.5	1/8	1/8	3/8	1	1	1/8	1/8	1		3	69	A4	4	113
20	20	29	0.5	1/8	1/8	3/8	1	2	1/8	1/8	1		4	76	E5	5	116
20	20	29	0.5	1/8	1/8	3/8	1	1	1/8	1/8	1		3	81	A5	5	113
20	20	59/2	0.5	1/4	1/4	3/8	2	1	1/8	1/8	1		2	50	D3	3	119
20	20	59/2	0.5	1/4	1/4	3/8	2	1	1/8	1/8	1		2	62	D4	4	119
20	20	59/2	0.5	1/4	1/4	3/8	1	1	1/8	1/8	1		3	69	A4	4	114
20	20	59/2	0.5	1/4	1/4	3/8	1	2	1/8	1/8	1		6	78	F#5	5	117
20	20	59/2	0.5	1/4	1/4	3/8	1	1	1/8	1/8	1		3	81	A5	5	114
21	21	30	0.5	0	0	3/8	2	1	1/8	1/8	1		3	45	A2	2	126
21	21	30	0.5	0	0	3/8	2	1	1/8	1/8	1		3	57	A3	3	126
21	21	30	0.5	0	0	3/8	1	1	1/8	1/8	1		3	69	A4	4	120
21	21	30	0.5	0	0	3/8	1	2	1/8	1/8	1		4	76	E5	5	123
21	21	30	0.5	0	0	3/8	1	1	1/8	1/8	1		3	81	A5	5	120
21	21	61/2	0.5	1/8	1/8	3/8	2	1	1/8	1/8	1		6	42	F#2	2	127
21	21	61/2	0.5	1/8	1/8	3/8	2	1	1/8	1/8	1		6	54	F#3	3	127
21	21	61/2	0.5	1/8	1/8	3/8	1	1	1/8	1/8	1		3	69	A4	4	121
21	21	61/2	0.5	1/8	1/8	3/8	1	2	1/8	1/8	1		2	74	D5	5	124
21	21	61/2	0.5	1/8	1/8	3/8	1	1	1/8	1/8	1		3	81	A5	5	121
21	21	31	0.5	1/4	1/4	3/8	2	1	1/8	1/8	1		3	45	A2	2	128
21	21	31	0.5	1/4	1/4	3/8	2	1	1/8	1/8	1		3	57	A3	3	128
21	21	31	0.5	1/4	1/4	3/8	1	1	1/8	1/8	1		3	69	A4	4	122
21	21	31	0.5	1/4	1/4	3/8	1	2	1/8	1/8	1		4	76	E5	5	125
21	21	31	0.5	1/4	1/4	3/8	1	1	1/8	1/8	1		3	81	A5	5	122
22	22	63/2	0.5	0	0	3/8	2	1	1/8	1/8	1		2	50	D3	3	135
22	22	63/2	0.5	0	0	3/8	2	1	1/8	1/8	1		2	62	D4	4	135
22	22	63/2	0.5	0	0	3/8	1	1	1/8	1/8	1		3	69	A4	4	129
22	22	63/2	0.5	0	0	3/8	1	2	1/8	1/8	1		6	78	F#5	5	132
22	22	63/2	0.5	0	0	3/8	1	1	1/8	1/8	1		3	81	A5	5	129
22	22	32	0.5	1/8	1/8	3/8	2	1	1/8	1/8	1		3	45	A2	2	136
22	22	32	0.5	1/8	1/8	3/8	2	1	1/8	1/8	1		3	57	A3	3	136
22	22	32	0.5	1/8	1/8	3/8	1	1	1/8	1/8	1		3	69	A4	4	130
22	22	32	0.5	1/8	1/8	3/8	1	2	1/8	1/8	1		4	76	E5	5	133
22	22	32	0.5	1/8	1/8	3/8	1	1	1/8	1/8	1		3	81	A5	5	130
22	22	65/2	0.5	1/4	1/4	3/8	2	1	1/8	1/8	1		6	42	F#2	2	137
22	22	65/2	0.5	1/4	1/4	3/8	2	1	1/8	1/8	1		6	54	F#3	3	137
22	22	65/2	0.5	1/4	1/4	3/8	1	1	1/8	1/8	1		3	69	A4	4	131
22	22	65/2	0.5	1/4	1/4	3/8	1	2	1/8	1/8	1		2	74	D5	5	134
22	22	65/2	0.5	1/4	1/4	3/8	1	1	1/8	1/8	1		3	81	A5	5	131
23	23	33	0.5	0	0	3/8	2	1	1/8	1/8	1		3	45	A2	2	144
23	23	33	0.5	0	0	3/8	2	1	1/8	1/8	1		3	57	A3	3	144
23	23	33	0.5	0	0	3/8	1	1	1/8	1/8	1		3	69	A4	4	138
23	23	33	0.5	0	0	3/8	1	2	1/8	1/8	1		4	76	E5	5	141
23	23	33	0.5	0	0	3/8	1	1	1/8	1/8	1		3	81	A5	5	138
23	23	67/2	0.5	1/8	1/8	3/8	2	1	1/8	1/8	1		6	42	F#2	2	145
23	23	67/2	0.5	1/8	1/8	3/8	2	1	1/8	1/8	1		6	54	F#3	3	145
23	23	67/2	0.5	1/8	1/8	3/8	1	1	1/8	1/8	1		3	69	A4	4	139
23	23	67/2	0.5	1/8	1/8	3/8	1	2	1/8	1/8	1		2	74	D5	5	142
23	23	67/2	0.5	1/8	1/8	3/8	1	1	1/8	1/8	1		3	81	A5	5	139
23	23	34	0.5	1/4	1/4	3/8	2	1	1/8	1/8	1		3	45	A2	2	146
23	23	34	0.5	1/4	1/4	3/8	2	1	1/8	1/8	1		3	57	A3	3	146
23	23	34	0.5	1/4	1/4	3/8	1	1	1/8	1/8	1		3	69	A4	4	140
23	23	34	0.5	1/4	1/4	3/8	1	2	1/8	1/8	1		4	76	E5	5	143
23	23	34	0.5	1/4	1/4	3/8	1	1	1/8	1/8	1		3	81	A5	5	140
24	24	69/2	0.5	0	0	3/8	2	1	1/8	1/8	1		2	50	D3	3	153
24	24	69/2	0.5	0	0	3/8	2	1	1/8	1/8	1		2	62	D4	4	153
24	24	69/2	0.5	0	0	3/8	1	1	1/8	1/8	1		3	69	A4	4	147
24	24	69/2	0.5	0	0	3/8	1	2	1/8	1/8	1		6	78	F#5	5	150
24	24	69/2	0.5	0	0	3/8	1	1	1/8	1/8	1		3	81	A5	5	147
24	24	35	0.5	1/8	1/8	3/8	2	1	1/8	1/8	1		3	45	A2	2	154
24	24	35	0.5	1/8	1/8	3/8	2	1	1/8	1/8	1		3	57	A3	3	154
24	24	35	0.5	1/8	1/8	3/8	1	1	1/8	1/8	1		3	69	A4	4	148
24	24	35	0.5	1/8	1/8	3/8	1	2	1/8	1/8	1		4	76	E5	5	151
24	24	35	0.5	1/8	1/8	3/8	1	1	1/8	1/8	1		3	81	A5	5	148
24	24	71/2	0.5	1/4	1/4	3/8	2	1	1/8	1/8	1		2	38	D2	2	155
24	24	71/2	0.5	1/4	1/4	3/8	2	1	1/8	1/8	1		2	50	D3	3	155
24	24	71/2	0.5	1/4	1/4	3/8	1	1	1/8	1/8	1		3	69	A4	4	149
24	24	71/2	0.5	1/4	1/4	3/8	1	2	1/8	1/8	1		2	74	D5	5	152
24	24	71/2	0.5	1/4	1/4	3/8	1	1	1/8	1/8	1		3	81	A5	5	149
25	25	36	1.5	0	0	3/8	2	1	3/8	1/4	3/2		3	45	A2	2	157
25	25	36	1.5	0	0	3/8	1	1	3/8	1/4	3/2		4	76	E5	5	156
26	26	75/2	0.5	0	0	3/8	2	1	1/8	1/8	1		3	57	A3	3	163
26	26	75/2	0.5	0	0	3/8	2	1	1/8	1/8	1		7	61	C#4	4	163
26	26	75/2	0.75	0	0	3/8	1	1	3/16	1/8	3/2		3	69	A4	4	158
26	26	38	0.5	1/8	1/8	3/8	2	1	1/8	1/8	1		5	59	B3	3	164
26	26	38	0.5	1/8	1/8	3/8	2	1	1/8	1/8	1		2	62	D4	4	164
26	26	153/4	0.125	3/16	3/16	3/8	1	1	1/32	1/32	1		5	71	B4	4	159
26	26	307/8	0.125	7/32	7/32	3/8	1	1	1/32	1/32	1		7	73	C#5	5	160
26	26	77/2	0.5	1/4	1/4	3/8	2	1	1/8	1/8	1		7	61	C#4	4	165
26	26	77/2	0.5	1/4	1/4	3/8	2	1	1/8	1/8	1		4	64	E4	4	165
26	26	77/2	0.25	1/4	1/4	3/8	1	1	1/16	1/16	1		2	74	D5	5	161
26	26	155/4	0.25	5/16	5/16	3/8	1	1	1/16	1/16	1		4	76	E5	5	162
27	27	39	1.5	0	0	3/8	2	1	3/8	1/4	3/2		2	62	D4	4	169
27	27	39	1.5	0	0	3/8	2	1	3/8	1/4	3/2		6	66	F#4	4	169
27	27	39	0.5	0	0	3/8	1	1	1/8	1/8	1		6	78	F#5	5	166
27	27	79/2	0.5	1/8	1/8	3/8	1	1	1/8	1/8	1		2	74	D5	5	167
27	27	40	0.5	1/4	1/4	3/8	1	1	1/8	1/8	1		5	71	B4	4	168
28	28	81/2	0.5	0	0	3/8	2	1	1/8	1/8	1		5	59	B3	3	175
28	28	81/2	0.5	0	0	3/8	2	1	1/8	1/8	1		2	62	D4	4	175
28	28	81/2	0.75	0	0	3/8	1	1	3/16	1/8	3/2		8	68	G#4	4	170
28	28	41	0.5	1/8	1/8	3/8	2	1	1/8	1/8	1		7	61	C#4	4	176
28	28	41	0.5	1/8	1/8	3/8	2	1	1/8	1/8	1		4	64	E4	4	176
28	28	165/4	0.125	3/16	3/16	3/8	1	1	1/32	1/32	1		3	69	A4	4	171
28	28	331/8	0.125	7/32	7/32	3/8	1	1	1/32	1/32	1		5	71	B4	4	172
28	28	83/2	0.5	1/4	1/4	3/8	2	1	1/8	1/8	1		2	62	D4	4	177
28	28	83/2	0.5	1/4	1/4	3/8	2	1	1/8	1/8	1		6	66	F#4	4	177
28	28	83/2	0.25	1/4	1/4	3/8	1	1	1/16	1/16	1		7	73	C#5	5	173
28	28	167/4	0.25	5/16	5/16	3/8	1	1	1/16	1/16	1		2	74	D5	5	174
29	29	42	1.5	0	0	3/8	2	1	3/8	1/4	3/2		7	61	C#4	4	181
29	29	42	1.5	0	0	3/8	2	1	3/8	1/4	3/2		4	64	E4	4	181
29	29	42	0.5	0	0	3/8	1	1	1/8	1/8	1		4	76	E5	5	178
29	29	85/2	0.5	1/8	1/8	3/8	1	1	1/8	1/8	1		7	73	C#5	5	179
29	29	43	0.5	1/4	1/4	3/8	1	1	1/8	1/8	1		3	69	A4	4	180
30	30	87/2	0.5	0	0	3/8	2	1	1/8	1/8	1		3	57	A3	3	187
30	30	87/2	0.5	0	0	3/8	2	1	1/8	1/8	1		7	61	C#4	4	187
30	30	87/2	0.75	0	0	3/8	1	1	3/16	1/8	3/2		6	66	F#4	4	182
30	30	44	0.5	1/8	1/8	3/8	2	1	1/8	1/8	1		5	59	B3	3	188
30	30	44	0.5	1/8	1/8	3/8	2	1	1/8	1/8	1		2	62	D4	4	188
30	30	177/4	0.125	3/16	3/16	3/8	1	1	1/32	1/32	1		8	68	G#4	4	183
30	30	355/8	0.125	7/32	7/32	3/8	1	1	1/32	1/32	1		3	69	A4	4	184
30	30	89/2	0.5	1/4	1/4	3/8	2	1	1/8	1/8	1		7	61	C#4	4	189
30	30	89/2	0.5	1/4	1/4	3/8	2	1	1/8	1/8	1		4	64	E4	4	189
30	30	89/2	0.25	1/4	1/4	3/8	1	1	1/16	1/16	1		5	71	B4	4	185
30	30	179/4	0.25	5/16	5/16	3/8	1	1	1/16	1/16	1		7	73	C#5	5	186
31	31	45	1.5	0	0	3/8	2	1	3/8	1/4	3/2		5	59	B3	3	193
31	31	45	1.5	0	0	3/8	2	1	3/8	1/4	3/2		2	62	D4	4	193
31	31	45	0.5	0	0	3/8	1	1	1/8	1/8	1		2	74	D5	5	190
31	31	91/2	0.5	1/8	1/8	3/8	1	1	1/8	1/8	1		5	71	B4	4	191
31	31	46	0.5	1/4	1/4	3/8	1	1	1/8	1/8	1		8	68	G#4	4	192
32	32	93/2	0.5	0	0	3/8	2	1	1/8	1/8	1		8	56	G#3	3	199
32	32	93/2	0.5	0	0	3/8	2	1	1/8	1/8	1		5	59	B3	3	199
32	32	93/2	0.75	0	0	3/8	1	1	3/16	1/8	3/2		4	64	E4	4	194
32	32	47	0.5	1/8	1/8	3/8	2	1	1/8	1/8	1		3	57	A3	3	200
32	32	47	0.5	1/8	1/8	3/8	2	1	1/8	1/8	1		7	61	C#4	4	200
32	32	189/4	0.125	3/16	3/16	3/8	1	1	1/32	1/32	1		6	66	F#4	4	195
32	32	379/8	0.125	7/32	7/32	3/8	1	1	1/32	1/32	1		8	68	G#4	4	196
32	32	95/2	0.5	1/4	1/4	3/8	2	1	1/8	1/8	1		5	59	B3	3	201
32	32	95/2	0.5	1/4	1/4	3/8	2	1	1/8	1/8	1		2	62	D4	4	201
32	32	95/2	0.25	1/4	1/4	3/8	1	1	1/16	1/16	1		3	69	A4	4	197
32	32	191/4	0.25	5/16	5/16	3/8	1	1	1/16	1/16	1		5	71	B4	4	198
33	33	48	0.5	0	0	3/8	2	1	1/8	1/8	1		3	57	A3	3	208
33	33	48	0.5	0	0	3/8	2	1	1/8	1/8	1		7	61	C#4	4	208
33	33	48	0.25	0	0	3/8	1	1	1/16	1/16	1		7	73	C#5	5	202
33	33	193/4	0.25	1/16	1/16	3/8	1	1	1/16	1/16	1		7	73	C#5	5	203
33	33	97/2	0.5	1/8	1/8	3/8	2	1	1/8	1/8	1		3	57	A3	3	209
33	33	97/2	0.25	1/8	1/8	3/8	1	1	1/16	1/16	1		7	73	C#5	5	204
33	33	195/4	0.25	3/16	3/16	3/8	1	1	1/16	1/16	1		7	73	C#5	5	205
33	33	49	0.5	1/4	1/4	3/8	2	1	1/8	1/8	1		8	56	G#3	3	210
33	33	49	0.25	1/4	1/4	3/8	1	1	1/16	1/16	1		7	73	C#5	5	206
33	33	197/4	0.25	5/16	5/16	3/8	1	1	1/16	1/16	1		7	73	C#5	5	207
34	34	99/2	0.5	0	0	3/8	2	1	1/8	1/8	1		6	54	F#3	3	217
34	34	99/2	0.25	0	0	3/8	1	1	1/16	1/16	1		7	73	C#5	5	211
34	34	199/4	0.25	1/16	1/16	3/8	1	1	1/16	1/16	1		7	73	C#5	5	212
34	34	50	0.5	1/8	1/8	3/8	2	1	1/8	1/8	1		3	69	A4	4	218
34	34	50	0.25	1/8	1/8	3/8	1	1	1/16	1/16	1		7	73	C#5	5	213
34	34	201/4	0.25	3/16	3/16	3/8	1	1	1/16	1/16	1		7	73	C#5	5	214
34	34	101/2	0.5	1/4	1/4	3/8	2	1	1/8	1/8	1		4	64	E4	4	219
34	34	101/2	0.25	1/4	1/4	3/8	1	1	1/16	1/16	1		7	73	C#5	5	215
34	34	203/4	0.25	5/16	5/16	3/8	1	1	1/16	1/16	1		7	73	C#5	5	216
35	35	51	1.0	0	0	3/8	2	1	1/4	1/4	1		9	63	D#4	4	223
35	35	51	0.5	0	0	3/8	1	1	1/8	1/8	1		6	78	F#5	5	220
35	35	103/2	0.5	1/8	1/8	3/8	1	1	1/8	1/8	1		5	71	B4	4	221
35	35	52	0.5	1/4	1/4	3/8	2	1	1/8	1/8	1		5	59	B3	3	224
35	35	52	0.5	1/4	1/4	3/8	1	1	1/8	1/8	1		3	69	A4	4	222
36	36	105/2	0.25	0	0	3/8	1	1	1/16	1/16	1		5	71	B4	4	225
36	36	211/4	0.25	1/16	1/16	3/8	1	1	1/16	1/16	1		5	71	B4	4	226
36	36	53	0.5	1/8	1/8	3/8	2	1	1/8	1/8	1		8	68	G#4	4	231
36	36	53	0.25	1/8	1/8	3/8	1	1	1/16	1/16	1		5	71	B4	4	227
36	36	213/4	0.25	3/16	3/16	3/8	1	1	1/16	1/16	1		5	71	B4	4	228
36	36	107/2	0.5	1/4	1/4	3/8	2	1	1/8	1/8	1		6	66	F#4	4	232
36	36	107/2	0.25	1/4	1/4	3/8	1	1	1/16	1/16	1		5	71	B4	4	229
36	36	215/4	0.25	5/16	5/16	3/8	1	1	1/16	1/16	1		5	71	B4	4	230
37	37	54	0.5	0	0	3/8	2	1	1/8	1/8	1		4	64	E4	4	239
37	37	54	0.25	0	0	3/8	1	1	1/16	1/16	1		5	71	B4	4	233
37	37	217/4	0.25	1/16	1/16	3/8	1	1	1/16	1/16	1		5	71	B4	4	234
37	37	109/2	0.5	1/8	1/8	3/8	2	1	1/8	1/8	1		8	68	G#4	4	240
37	37	109/2	0.25	1/8	1/8	3/8	1	1	1/16	1/16	1		5	71	B4	4	235
37	37	219/4	0.25	3/16	3/16	3/8	1	1	1/16	1/16	1		5	71	B4	4	236
37	37	55	0.5	1/4	1/4	3/8	2	1	1/8	1/8	1		2	62	D4	4	241
37	37	55	0.25	1/4	1/4	3/8	1	1	1/16	1/16	1		5	71	B4	4	237
37	37	221/4	0.25	5/16	5/16	3/8	1	1	1/16	1/16	1		5	71	B4	4	238
38	38	111/2	0.5	0	0	3/8	1	1	1/8	1/8	1		8	80	G#5	5	242
38	38	56	0.5	1/8	1/8	3/8	2	1	1/8	1/8	1		7	61	C#4	4	245
38	38	56	0.5	1/8	1/8	3/8	1	1	1/8	1/8	1		7	73	C#5	5	243
38	38	113/2	0.5	1/4	1/4	3/8	2	1	1/8	1/8	1		11	65	E#4	4	246
38	38	113/2	0.5	1/4	1/4	3/8	1	1	1/8	1/8	1		5	71	B4	4	244
39	39	57	0.25	0	0	3/8	1	1	1/16	1/16	1		3	69	A4	4	247
39	39	229/4	0.25	1/16	1/16	3/8	1	1	1/16	1/16	1		3	69	A4	4	248
39	39	115/2	0.5	1/8	1/8	3/8	2	1	1/8	1/8	1		6	66	F#4	4	253
39	39	115/2	0.25	1/8	1/8	3/8	1	1	1/16	1/16	1		3	69	A4	4	249
39	39	231/4	0.25	3/16	3/16	3/8	1	1	1/16	1/16	1		3	69	A4	4	250
39	39	58	0.5	1/4	1/4	3/8	2	1	1/8	1/8	1		4	64	E4	4	254
39	39	58	0.25	1/4	1/4	3/8	1	1	1/16	1/16	1		3	69	A4	4	251
39	39	233/4	0.25	5/16	5/16	3/8	1	1	1/16	1/16	1		3	69	A4	4	252
40	40	117/2	0.5	0	0	3/8	2	1	1/8	1/8	1		9	63	D#4	4	261
40	40	117/2	0.25	0	0	3/8	1	1	1/16	1/16	1		3	69	A4	4	255
40	40	235/4	0.25	1/16	1/16	3/8	1	1	1/16	1/16	1		3	69	A4	4	256
40	40	59	0.5	1/8	1/8	3/8	2	1	1/8	1/8	1		6	66	F#4	4	262
40	40	59	0.25	1/8	1/8	3/8	1	1	1/16	1/16	1		3	69	A4	4	257
40	40	237/4	0.25	3/16	3/16	3/8	1	1	1/16	1/16	1		3	69	A4	4	258
40	40	119/2	0.5	1/4	1/4	3/8	2	1	1/8	1/8	1		7	61	C#4	4	263
40	40	119/2	0.25	1/4	1/4	3/8	1	1	1/16	1/16	1		3	69	A4	4	259
40	40	239/4	0.25	5/16	5/16	3/8	1	1	1/16	1/16	1		3	69	A4	4	260
41	41	60	0.5	0	0	3/8	1	1	1/8	1/8	1		6	78	F#5	5	264
41	41	121/2	0.5	1/8	1/8	3/8	2	1	1/8	1/8	1		5	59	B3	3	267
41	41	121/2	0.5	1/8	1/8	3/8	1	1	1/8	1/8	1		5	71	B4	4	265
41	41	61	0.5	1/4	1/4	3/8	2	1	1/8	1/8	1		9	63	D#4	4	268
41	41	61	0.5	1/4	1/4	3/8	1	1	1/8	1/8	1		3	69	A4	4	266
42	42	123/2	1.0	0	0	3/8	2	1	1/4	1/4	1		4	64	E4	4	275
42	42	123/2	0.25	0	0	3/8	1	1	1/16	1/16	1		8	68	G#4	4	269
42	42	247/4	0.25	1/16	1/16	3/8	1	1	1/16	1/16	1		5	71	B4	4	270
42	42	62	0.25	1/8	1/8	3/8	1	1	1/16	1/16	1		3	69	A4	4	271
42	42	249/4	0.25	3/16	3/16	3/8	1	1	1/16	1/16	1		8	68	G#4	4	272
42	42	125/2	0.5	1/4	1/4	3/8	2	1	1/8	1/8	1		8	56	G#3	3	276
42	42	125/2	0.25	1/4	1/4	3/8	1	1	1/16	1/16	1		6	66	F#4	4	273
42	42	251/4	0.25	5/16	5/16	3/8	1	1	1/16	1/16	1		4	64	E4	4	274
43	43	63	1.0	0	0	3/8	2	1	1/4	1/4	1		3	57	A3	3	283
43	43	63	1.0	0	0	3/8	2	1	1/4	1/4	1		4	64	E4	4	283
43	43	63	0.25	0	0	3/8	1	1	1/16	1/16	1		7	73	C#5	5	277
43	43	253/4	0.25	1/16	1/16	3/8	1	1	1/16	1/16	1		7	73	C#5	5	278
43	43	127/2	0.25	1/8	1/8	3/8	1	1	1/16	1/16	1		5	71	B4	4	279
43	43	255/4	0.25	3/16	3/16	3/8	1	1	1/16	1/16	1		3	69	A4	4	280
43	43	64	0.5	1/4	1/4	3/8	2	1	1/8	1/8	1		6	54	F#3	3	284
43	43	64	0.25	1/4	1/4	3/8	1	1	1/16	1/16	1		8	68	G#4	4	281
43	43	257/4	0.25	5/16	5/16	3/8	1	1	1/16	1/16	1		6	66	F#4	4	282
44	44	129/2	1.0	0	0	3/8	2	1	1/4	1/4	1		8	56	G#3	3	291
44	44	129/2	1.0	0	0	3/8	2	1	1/4	1/4	1		4	64	E4	4	291
44	44	129/2	0.25	0	0	3/8	1	1	1/16	1/16	1		5	71	B4	4	285
44	44	259/4	0.25	1/16	1/16	3/8	1	1	1/16	1/16	1		5	71	B4	4	286
44	44	65	0.25	1/8	1/8	3/8	1	1	1/16	1/16	1		3	69	A4	4	287
44	44	261/4	0.25	3/16	3/16	3/8	1	1	1/16	1/16	1		8	68	G#4	4	288
44	44	131/2	0.5	1/4	1/4	3/8	2	1	1/8	1/8	1		4	52	E3	3	292
44	44	131/2	0.25	1/4	1/4	3/8	1	1	1/16	1/16	1		6	66	F#4	4	289
44	44	263/4	0.25	5/16	5/16	3/8	1	1	1/16	1/16	1		4	64	E4	4	290
45	45	66	1.0	0	0	3/8	2	1	1/4	1/4	1		3	57	A3	3	299
45	45	66	1.0	0	0	3/8	2	1	1/4	1/4	1		4	64	E4	4	299
45	45	66	0.25	0	0	3/8	1	1	1/16	1/16	1		7	73	C#5	5	293
45	45	265/4	0.25	1/16	1/16	3/8	1	1	1/16	1/16	1		7	73	C#5	5	294
45	45	133/2	0.25	1/8	1/8	3/8	1	1	1/16	1/16	1		5	71	B4	4	295
45	45	267/4	0.25	3/16	3/16	3/8	1	1	1/16	1/16	1		3	69	A4	4	296
45	45	67	0.5	1/4	1/4	3/8	2	1	1/8	1/8	1		6	54	F#3	3	300
45	45	67	0.25	1/4	1/4	3/8	1	1	1/16	1/16	1		8	68	G#4	4	297
45	45	269/4	0.25	5/16	5/16	3/8	1	1	1/16	1/16	1		6	66	F#4	4	298
46	46	135/2	1.0	0	0	3/8	2	1	1/4	1/4	1		8	56	G#3	3	307
46	46	135/2	1.0	0	0	3/8	2	1	1/4	1/4	1		4	64	E4	4	307
46	46	135/2	0.25	0	0	3/8	1	1	1/16	1/16	1		4	76	E5	5	301
46	46	271/4	0.25	1/16	1/16	3/8	1	1	1/16	1/16	1		4	76	E5	5	302
46	46	68	0.25	1/8	1/8	3/8	1	1	1/16	1/16	1		9	75	D#5	5	303
46	46	273/4	0.25	3/16	3/16	3/8	1	1	1/16	1/16	1		7	73	C#5	5	304
46	46	137/2	0.5	1/4	1/4	3/8	2	1	1/8	1/8	1		3	57	A3	3	308
46	46	137/2	0.25	1/4	1/4	3/8	1	1	1/16	1/16	1		5	71	B4	4	305
46	46	275/4	0.25	5/16	5/16	3/8	1	1	1/16	1/16	1		3	69	A4	4	306
47	47	69	1.0	0	0	3/8	2	1	1/4	1/4	1		5	59	B3	3	315
47	47	69	0.25	0	0	3/8	1	1	1/16	1/16	1		8	68	G#4	4	309
47	47	277/4	0.25	1/16	1/16	3/8	1	1	1/16	1/16	1		3	69	A4	4	310
47	47	139/2	0.25	1/8	1/8	3/8	1	1	1/16	1/16	1		5	71	B4	4	311
47	47	279/4	0.25	3/16	3/16	3/8	1	1	1/16	1/16	1		4	64	E4	4	312
47	47	70	0.5	1/4	1/4	3/8	2	1	1/8	1/8	1		5	47	B2	2	316
47	47	70	0.25	1/4	1/4	3/8	1	1	1/16	1/16	1		6	66	F#4	4	313
47	47	281/4	0.25	5/16	5/16	3/8	1	1	1/16	1/16	1		9	63	D#4	4	314
48	48	141/2	1.5	0	0	3/8	2	1	3/8	1/4	3/2		4	40	E2	2	319
48	48	141/2	1.0	0	0	3/8	1	1	1/4	1/4	1		4	64	E4	4	317
48	48	143/2	0.5	1/4	1/4	3/8	1	1	1/8	1/8	1		4	76	E5	5	318
49	49	72	1.5	0	0	3/8	2	1	3/8	1/4	3/2		4	40	E2	2	325
49	49	72	0.5	0	0	3/8	1	2	1/8	1/8	1		4	76	E5	5	322
49	49	72	1.0	0	0	3/8	1	1	1/4	1/4	1		-1	77	F5	5	320
49	49	145/2	0.5	1/8	1/8	3/8	1	2	1/8	1/8	1		2	74	D5	5	323
49	49	73	0.5	1/4	1/4	3/8	1	2	1/8	1/8	1		0	72	C5	5	324
49	49	73	0.5	1/4	1/4	3/8	1	1	1/8	1/8	1		4	76	E5	5	321
50	50	147/2	1.5	0	0	3/8	2	1	3/8	1/4	3/2		4	40	E2	2	331
50	50	147/2	0.5	0	0	3/8	1	2	1/8	1/8	1		0	72	C5	5	328
50	50	147/2	1.0	0	0	3/8	1	1	1/4	1/4	1		2	74	D5	5	326
50	50	74	0.5	1/8	1/8	3/8	1	2	1/8	1/8	1		5	71	B4	4	329
50	50	149/2	0.5	1/4	1/4	3/8	1	2	1/8	1/8	1		3	69	A4	4	330
50	50	149/2	0.5	1/4	1/4	3/8	1	1	1/8	1/8	1		0	72	C5	5	327
51	51	75	1.5	0	0	3/8	2	1	3/8	1/4	3/2		4	40	E2	2	337
51	51	75	0.5	0	0	3/8	1	2	1/8	1/8	1		3	69	A4	4	334
51	51	75	1.0	0	0	3/8	1	1	1/4	1/4	1		5	71	B4	4	332
51	51	151/2	0.5	1/8	1/8	3/8	1	2	1/8	1/8	1		1	67	G4	4	335
51	51	76	0.5	1/4	1/4	3/8	1	2	1/8	1/8	1		-1	65	F4	4	336
51	51	76	0.5	1/4	1/4	3/8	1	1	1/8	1/8	1	1	3	69	A4	4	333
52	52	153/2	1.5	0	0	3/8	2	1	3/8	1/4	3/2		4	40	E2	2	342
52	52	153/2	1.0	0	0	3/8	1	2	1/4	1/4	1		4	64	E4	4	341
52	52	153/2	0.5	0	0	3/8	1	1	1/8	1/8	1	-1	3	69	A4	4	338
52	52	77	0.5	1/8	1/8	3/8	1	1	1/8	1/8	1		8	68	G#4	4	339
52	52	155/2	0.5	1/4	1/4	3/8	1	1	1/8	1/8	1		4	64	E4	4	340
53	53	78	1.5	0	0	3/8	2	1	3/8	1/4	3/2		4	40	E2	2	348
53	53	78	0.5	0	0	3/8	1	2	1/8	1/8	1		4	64	E4	4	345
53	53	78	1.0	0	0	3/8	1	1	1/4	1/4	1		-1	65	F4	4	343
53	53	157/2	0.5	1/8	1/8	3/8	1	2	1/8	1/8	1		2	62	D4	4	346
53	53	79	0.5	1/4	1/4	3/8	1	2	1/8	1/8	1		0	60	C4	4	347
53	53	79	0.5	1/4	1/4	3/8	1	1	1/8	1/8	1		4	64	E4	4	344
54	54	159/2	1.5	0	0	3/8	2	1	3/8	1/4	3/2		4	40	E2	2	354
54	54	159/2	0.5	0	0	3/8	1	2	1/8	1/8	1		0	60	C4	4	351
54	54	159/2	1.0	0	0	3/8	1	1	1/4	1/4	1		2	62	D4	4	349
54	54	80	0.5	1/8	1/8	3/8	1	2	1/8	1/8	1		5	59	B3	3	352
54	54	161/2	0.5	1/4	1/4	3/8	1	2	1/8	1/8	1		3	57	A3	3	353
54	54	161/2	0.5	1/4	1/4	3/8	1	1	1/8	1/8	1		0	60	C4	4	350
55	55	81	1.5	0	0	3/8	2	1	3/8	1/4	3/2		4	40	E2	2	360
55	55	81	0.5	0	0	3/8	1	2	1/8	1/8	1		3	57	A3	3	357
55	55	81	1.0	0	0	3/8	1	1	1/4	1/4	1		5	59	B3	3	355
55	55	163/2	0.5	1/8	1/8	3/8	1	2	1/8	1/8	1		1	55	G3	3	358
55	55	82	0.5	1/4	1/4	3/8	1	2	1/8	1/8	1		-1	53	F3	3	359
55	55	82	0.5	1/4	1/4	3/8	1	1	1/8	1/8	1	1	3	57	A3	3	356
56	56	165/2	1.5	0	0	3/8	2	1	3/8	1/4	3/2		4	40	E2	2	365
56	56	165/2	1.0	0	0	3/8	1	2	1/4	1/4	1		4	52	E3	3	364
56	56	165/2	0.5	0	0	3/8	1	1	1/8	1/8	1	-1	3	57	A3	3	361
56	56	83	0.5	1/8	1/8	3/8	1	1	1/8	1/8	1		8	56	G#3	3	362
56	56	167/2	0.5	1/4	1/4	3/8	1	1	1/8	1/8	1		4	64	E4	4	363
57	57	84	1.5	0	0	3/8	2	1	3/8	1/4	3/2		2	50	D3	3	370
57	57	84	1.5	0	0	3/8	2	1	3/8	1/4	3/2		3	57	A3	3	370
57	57	84	0.5	0	0	3/8	1	2	1/8	1/8	1		-1	65	F4	4	367
57	57	169/2	0.5	1/8	1/8	3/8	1	2	1/8	1/8	1		4	64	E4	4	368
57	57	85	0.5	1/4	1/4	3/8	1	2	1/8	1/8	1		-1	65	F4	4	369
57	57	85	0.5	1/4	1/4	3/8	1	1	1/8	1/8	1	1	3	69	A4	4	366
58	58	171/2	1.5	0	0	3/8	2	1	3/8	1/4	3/2		4	52	E3	3	375
58	58	171/2	1.5	0	0	3/8	2	1	3/8	1/4	3/2		5	59	B3	3	375
58	58	171/2	1.0	0	0	3/8	1	2	1/4	1/4	1		4	64	E4	4	374
58	58	171/2	0.5	0	0	3/8	1	1	1/8	1/8	1	-1	3	69	A4	4	371
58	58	86	0.5	1/8	1/8	3/8	1	1	1/8	1/8	1		8	68	G#4	4	372
58	58	173/2	0.5	1/4	1/4	3/8	1	1	1/8	1/8	1		4	76	E5	5	373
59	59	87	1.5	0	0	3/8	2	1	3/8	1/4	3/2		2	50	D3	3	380
59	59	87	1.5	0	0	3/8	2	1	3/8	1/4	3/2		3	57	A3	3	380
59	59	87	0.5	0	0	3/8	1	1	1/8	1/8	1		-1	77	F5	5	376
59	59	175/2	0.5	1/8	1/8	3/8	1	1	1/8	1/8	1		4	76	E5	5	377
59	59	88	0.5	1/4	1/4	3/8	1	2	1/8	1/8	1	1	3	69	A4	4	379
59	59	88	0.5	1/4	1/4	3/8	1	1	1/8	1/8	1	1	-1	77	F5	5	378
60	60	177/2	1.5	0	0	3/8	2	1	3/8	1/4	3/2		4	52	E3	3	386
60	60	177/2	1.5	0	0	3/8	2	1	3/8	1/4	3/2		5	59	B3	3	386
60	60	177/2	0.5	0	0	3/8	1	2	1/8	1/8	1	-1	3	69	A4	4	383
60	60	177/2	0.5	0	0	3/8	1	1	1/8	1/8	1	-1	-1	77	F5	5	381
60	60	89	0.5	1/8	1/8	3/8	1	2	1/8	1/8	1		8	68	G#4	4	384
60	60	89	0.5	1/8	1/8	3/8	1	1	1/8	1/8	1		4	76	E5	5	382
60	60	179/2	0.5	1/4	1/4	3/8	1	2	1/8	1/8	1		4	64	E4	4	385
61	61	90	1.5	0	0	3/8	2	1	3/8	1/4	3/2		2	50	D3	3	391
61	61	90	1.5	0	0	3/8	2	1	3/8	1/4	3/2		3	57	A3	3	391
61	61	90	0.5	0	0	3/8	1	2	1/8	1/8	1		-1	65	F4	4	388
61	61	181/2	0.5	1/8	1/8	3/8	1	2	1/8	1/8	1		4	64	E4	4	389
61	61	91	0.5	1/4	1/4	3/8	1	2	1/8	1/8	1		-1	65	F4	4	390
61	61	91	0.5	1/4	1/4	3/8	1	1	1/8	1/8	1	1	3	69	A4	4	387
62	62	183/2	1.5	0	0	3/8	2	1	3/8	1/4	3/2		4	52	E3	3	396
62	62	183/2	1.5	0	0	3/8	2	1	3/8	1/4	3/2		5	59	B3	3	396
62	62	183/2	1.0	0	0	3/8	1	2	1/4	1/4	1		4	64	E4	4	395
62	62	183/2	0.5	0	0	3/8	1	1	1/8	1/8	1	-1	3	69	A4	4	392
62	62	92	0.5	1/8	1/8	3/8	1	1	1/8	1/8	1		8	68	G#4	4	393
62	62	185/2	0.5	1/4	1/4	3/8	1	1	1/8	1/8	1		4	76	E5	5	394
63	63	93	1.5	0	0	3/8	2	1	3/8	1/4	3/2		2	50	D3	3	401
63	63	93	1.5	0	0	3/8	2	1	3/8	1/4	3/2		3	57	A3	3	401
63	63	93	0.5	0	0	3/8	1	1	1/8	1/8	1		-1	77	F5	5	397
63	63	187/2	0.5	1/8	1/8	3/8	1	1	1/8	1/8	1		4	76	E5	5	398
63	63	94	0.5	1/4	1/4	3/8	1	2	1/8	1/8	1	1	3	69	A4	4	400
63	63	94	0.5	1/4	1/4	3/8	1	1	1/8	1/8	1	1	-1	77	F5	5	399
64	64	189/2	1.5	0	0	3/8	2	1	3/8	1/4	3/2		4	52	E3	3	407
64	64	189/2	1.5	0	0	3/8	2	1	3/8	1/4	3/2		5	59	B3	3	407
64	64	189/2	0.5	0	0	3/8	1	2	1/8	1/8	1	-1	3	69	A4	4	404
64	64	189/2	0.5	0	0	3/8	1	1	1/8	1/8	1	-1	-1	77	F5	5	402
64	64	95	0.5	1/8	1/8	3/8	1	2	1/8	1/8	1		8	68	G#4	4	405
64	64	95	0.5	1/8	1/8	3/8	1	1	1/8	1/8	1		4	76	E5	5	403
64	64	191/2	0.5	1/4	1/4	3/8	1	2	1/8	1/8	1		4	64	E4	4	406
65	65	96	1.5	0	0	3/8	2	1	3/8	1/4	3/2		2	50	D3	3	411
65	65	96	1.5	0	0	3/8	2	1	3/8	1/4	3/2		3	57	A3	3	411
65	65	96	1.5	0	0	3/8	2	1	3/8	1/4	3/2		5	59	B3	3	411
65	65	96	0.5	0	0	3/8	1	1	1/8	1/8	1		1	67	G4	4	408
65	65	193/2	0.5	1/8	1/8	3/8	1	1	1/8	1/8	1		-1	65	F4	4	409
65	65	97	0.5	1/4	1/4	3/8	1	1	1/8	1/8	1		4	64	E4	4	410
66	66	195/2	1.5	0	0	3/8	2	1	3/8	1/4	3/2		2	50	D3	3	416
66	66	195/2	1.5	0	0	3/8	2	1	3/8	1/4	3/2		3	57	A3	3	416
66	66	195/2	1.5	0	0	3/8	2	1	3/8	1/4	3/2		5	59	B3	3	416
66	66	195/2	1.5	0	0	3/8	1	2	3/8	1/4	3/2		-1	65	F4	4	415
66	66	195/2	0.5	0	0	3/8	1	1	1/8	1/8	1		2	74	D5	5	412
66	66	98	0.5	1/8	1/8	3/8	1	1	1/8	1/8	1		0	72	C5	5	413
66	66	197/2	0.5	1/4	1/4	3/8	1	1	1/8	1/8	1		5	71	B4	4	414
67	67	99	1.5	0	0	3/8	2	1	3/8	1/4	3/2		2	50	D3	3	421
67	67	99	1.5	0	0	3/8	2	1	3/8	1/4	3/2		3	57	A3	3	421
67	67	99	1.5	0	0	3/8	2	1	3/8	1/4	3/2		5	59	B3	3	421
67	67	99	1.5	0	0	3/8	1	2	3/8	1/4	3/2		3	69	A4	4	420
67	67	99	0.5	0	0	3/8	1	1	1/8	1/8	1		1	79	G5	5	417
67	67	199/2	0.5	1/8	1/8	3/8	1	1	1/8	1/8	1		-1	77	F5	5	418
67	67	100	0.5	1/4	1/4	3/8	1	1	1/8	1/8	1		4	76	E5	5	419
68	68	201/2	1.5	0	0	3/8	2	1	3/8	1/4	3/2		2	50	D3	3	426
68	68	201/2	1.5	0	0	3/8	2	1	3/8	1/4	3/2		3	57	A3	3	426
68	68	201/2	1.5	0	0	3/8	2	1	3/8	1/4	3/2		5	59	B3	3	426
68	68	201/2	1.5	0	0	3/8	1	2	3/8	1/4	3/2		2	74	D5	5	425
68	68	201/2	0.5	0	0	3/8	1	1	1/8	1/8	1		0	84	C6	6	422
68	68	101	0.5	1/8	1/8	3/8	1	1	1/8	1/8	1		-2	82	Bb5	5	423
68	68	203/2	0.5	1/4	1/4	3/8	1	1	1/8	1/8	1		8	80	G#5	5	424
69	69	102	1.0	0	0	3/8	2	1	1/4	1/4	1		0	48	C3	3	430
69	69	102	1.0	0	0	3/8	2	1	1/4	1/4	1		3	57	A3	3	430
69	69	102	0.5	0	0	3/8	1	1	1/8	1/8	1		3	81	A5	5	427
69	69	205/2	0.5	1/8	1/8	3/8	1	1	1/8	1/8	1		4	76	E5	5	428
69	69	103	0.5	1/4	1/4	3/8	2	1	1/8	1/8	1		2	50	D3	3	431
69	69	103	0.5	1/4	1/4	3/8	2	1	1/8	1/8	1		5	59	B3	3	431
69	69	103	0.5	1/4	1/4	3/8	1	1	1/8	1/8	1		2	74	D5	5	429
70	70	207/2	1.0	0	0	3/8	2	1	1/4	1/4	1		4	52	E3	3	437
70	70	207/2	1.0	0	0	3/8	2	1	1/4	1/4	1		3	57	A3	3	437
70	70	207/2	1.0	0	0	3/8	2	1	1/4	1/4	1		0	60	C4	4	437
70	70	207/2	0.5	0	0	3/8	1	1	1/8	1/8	1		0	72	C5	5	432
70	70	104	0.25	1/8	1/8	3/8	1	1	1/16	1/16	1		5	71	B4	4	433
70	70	417/4	0.25	3/16	3/16	3/8	1	1	1/16	1/16	1		3	69	A4	4	434
70	70	209/2	0.5	1/4	1/4	3/8	2	1	1/8	1/8	1		4	52	E3	3	438
70	70	209/2	0.5	1/4	1/4	3/8	2	1	1/8	1/8	1		5	59	B3	3	438
70	70	209/2	0.25	1/4	1/4	3/8	1	1	1/16	1/16	1		5	71	B4	4	435
70	70	419/4	0.25	5/16	5/16	3/8	1	1	1/16	1/16	1		8	68	G#4	4	436
71	71	105	1.5	0	0	3/8	2	1	3/8	1/4	3/2		3	45	A2	2	442
71	71	105	1.5	0	0	3/8	2	1	3/8	1/4	3/2		3	57	A3	3	442
71	71	105	0.5	0	0	3/8	1	1	1/8	1/8	1		8	68	G#4	4	439
71	71	211/2	0.5	1/8	1/8	3/8	1	1	1/8	1/8	1		3	69	A4	4	440
71	71	106	0.5	1/4	1/4	3/8	1	1	1/8	1/8	1		4	64	E4	4	441
72	72	213/2	1.5	0	0	3/8	2	1	3/8	1/4	3/2		2	50	D3	3	446
72	72	213/2	1.5	0	0	3/8	2	1	3/8	1/4	3/2		3	57	A3	3	446
72	72	213/2	1.5	0	0	3/8	2	1	3/8	1/4	3/2		5	59	B3	3	446
72	72	213/2	0.5	0	0	3/8	1	1	1/8	1/8	1		1	67	G4	4	443
72	72	107	0.5	1/8	1/8	3/8	1	1	1/8	1/8	1		-1	65	F4	4	444
72	72	215/2	0.5	1/4	1/4	3/8	1	1	1/8	1/8	1		4	64	E4	4	445
73	73	108	1.5	0	0	3/8	2	1	3/8	1/4	3/2		2	50	D3	3	451
73	73	108	1.5	0	0	3/8	2	1	3/8	1/4	3/2		3	57	A3	3	451
73	73	108	1.5	0	0	3/8	2	1	3/8	1/4	3/2		5	59	B3	3	451
73	73	108	1.5	0	0	3/8	1	2	3/8	1/4	3/2		-1	65	F4	4	450
73	73	108	0.5	0	0	3/8	1	1	1/8	1/8	1		2	74	D5	5	447
73	73	217/2	0.5	1/8	1/8	3/8	1	1	1/8	1/8	1		0	72	C5	5	448
73	73	109	0.5	1/4	1/4	3/8	1	1	1/8	1/8	1		5	71	B4	4	449
74	74	219/2	1.5	0	0	3/8	2	1	3/8	1/4	3/2		2	50	D3	3	456
74	74	219/2	1.5	0	0	3/8	2	1	3/8	1/4	3/2		3	57	A3	3	456
74	74	219/2	1.5	0	0	3/8	2	1	3/8	1/4	3/2		5	59	B3	3	456
74	74	219/2	1.5	0	0	3/8	1	2	3/8	1/4	3/2		3	69	A4	4	455
74	74	219/2	0.5	0	0	3/8	1	1	1/8	1/8	1		1	79	G5	5	452
74	74	110	0.5	1/8	1/8	3/8	1	1	1/8	1/8	1		-1	77	F5	5	453
74	74	221/2	0.5	1/4	1/4	3/8	1	1	1/8	1/8	1		4	76	E5	5	454
75	75	111	1.5	0	0	3/8	2	1	3/8	1/4	3/2		2	50	D3	3	461
75	75	111	1.5	0	0	3/8	2	1	3/8	1/4	3/2		3	57	A3	3	461
75	75	111	1.5	0	0	3/8	2	1	3/8	1/4	3/2		5	59	B3	3	461
75	75	111	1.5	0	0	3/8	1	2	3/8	1/4	3/2		2	74	D5	5	460
75	75	111	0.5	0	0	3/8	1	1	1/8	1/8	1		0	84	C6	6	457
75	75	223/2	0.5	1/8	1/8	3/8	1	1	1/8	1/8	1		-2	82	Bb5	5	458
75	75	112	0.5	1/4	1/4	3/8	1	1	1/8	1/8	1		8	80	G#5	5	459
76	76	225/2	1.0	0	0	3/8	2	1	1/4	1/4	1		0	48	C3	3	465
76	76	225/2	1.0	0	0	3/8	2	1	1/4	1/4	1		3	57	A3	3	465
76	76	225/2	0.5	0	0	3/8	1	1	1/8	1/8	1		3	81	A5	5	462
76	76	113	0.5	1/8	1/8	3/8	1	1	1/8	1/8	1		4	76	E5	5	463
76	76	227/2	0.5	1/4	1/4	3/8	2	1	1/8	1/8	1		2	50	D3	3	466
76	76	227/2	0.5	1/4	1/4	3/8	2	1	1/8	1/8	1		5	59	B3	3	466
76	76	227/2	0.5	1/4	1/4	3/8	1	1	1/8	1/8	1		2	74	D5	5	464
77	77	114	1.0	0	0	3/8	2	1	1/4	1/4	1		4	52	E3	3	472
77	77	114	1.0	0	0	3/8	2	1	1/4	1/4	1		3	57	A3	3	472
77	77	114	1.0	0	0	3/8	2	1	1/4	1/4	1		0	60	C4	4	472
77	77	114	0.5	0	0	3/8	1	1	1/8	1/8	1		0	72	C5	5	467
77	77	229/2	0.25	1/8	1/8	3/8	1	1	1/16	1/16	1		5	71	B4	4	468
77	77	459/4	0.25	3/16	3/16	3/8	1	1	1/16	1/16	1		3	69	A4	4	469
77	77	115	0.5	1/4	1/4	3/8	2	1	1/8	1/8	1		4	52	E3	3	473
77	77	115	0.5	1/4	1/4	3/8	2	1	1/8	1/8	1		5	59	B3	3	473
77	77	115	0.25	1/4	1/4	3/8	1	1	1/16	1/16	1		5	71	B4	4	470
77	77	461/4	0.25	5/16	5/16	3/8	1	1	1/16	1/16	1		8	68	G#4	4	471
78	78	231/2	0.5	0	0	3/8	2	1	1/8	1/8	1		3	45	A2	2	478
78	78	231/2	0.5	0	0	3/8	1	2	1/8	1/8	1		3	69	A4	4	475
78	78	116	0.5	1/8	1/8	3/8	2	1	1/8	1/8	1		3	57	A3	3	479
78	78	116	0.5	1/8	1/8	3/8	1	2	1/8	1/8	1		7	73	C#5	5	476
78	78	233/2	0.5	1/4	1/4	3/8	1	2	1/8	1/8	1	1	4	76	E5	5	477
78	78	233/2	0.5	1/4	1/4	3/8	1	1	1/8	1/8	1		3	81	A5	5	474
79	79	117	1.5	0	0	3/8	2	1	3/8	1/4	3/2		4	40	E2	2	486
79	79	117	1.5	0	0	3/8	1	2	3/8	1/4	3/2		4	64	E4	4	485
79	79	117	0.5	0	0	3/8	1	1	1/8	1/8	1	-1	4	76	E5	5	480
79	79	235/2	0.25	1/8	1/8	3/8	1	1	1/16	1/16	1		2	74	D5	5	481
79	79	471/4	0.25	3/16	3/16	3/8	1	1	1/16	1/16	1		7	73	C#5	5	482
79	79	118	0.25	1/4	1/4	3/8	1	1	1/16	1/16	1		5	71	B4	4	483
79	79	473/4	0.25	5/16	5/16	3/8	1	1	1/16	1/16	1		2	74	D5	5	484
80	80	237/2	0.5	0	0	3/8	2	1	1/8	1/8	1		3	45	A2	2	493
80	80	237/2	0.25	0	0	3/8	1	2	1/16	1/16	1		7	73	C#5	5	488
80	80	475/4	0.25	1/16	1/16	3/8	1	2	1/16	1/16	1		3	69	A4	4	489
80	80	119	0.5	1/8	1/8	3/8	2	1	1/8	1/8	1		3	57	A3	3	494
80	80	119	0.25	1/8	1/8	3/8	1	2	1/16	1/16	1		2	74	D5	5	490
80	80	477/4	0.25	3/16	3/16	3/8	1	2	1/16	1/16	1		5	71	B4	4	491
80	80	239/2	0.5	1/4	1/4	3/8	1	2	1/8	1/8	1	1	4	76	E5	5	492
80	80	239/2	0.5	1/4	1/4	3/8	1	1	1/8	1/8	1		3	81	A5	5	487
81	81	120	1.5	0	0	3/8	2	1	3/8	1/4	3/2		4	40	E2	2	501
81	81	120	1.5	0	0	3/8	1	2	3/8	1/4	3/2		4	64	E4	4	500
81	81	120	0.5	0	0	3/8	1	1	1/8	1/8	1	-1	4	76	E5	5	495
81	81	241/2	0.25	1/8	1/8	3/8	1	1	1/16	1/16	1		2	74	D5	5	496
81	81	483/4	0.25	3/16	3/16	3/8	1	1	1/16	1/16	1		7	73	C#5	5	497
81	81	121	0.25	1/4	1/4	3/8	1	1	1/16	1/16	1		5	71	B4	4	498
81	81	485/4	0.25	5/16	5/16	3/8	1	1	1/16	1/16	1		2	74	D5	5	499
82	82	243/2	0.5	0	0	3/8	2	1	1/8	1/8	1		3	45	A2	2	508
82	82	243/2	0.25	0	0	3/8	1	2	1/16	1/16	1		7	73	C#5	5	503
82	82	487/4	0.25	1/16	1/16	3/8	1	2	1/16	1/16	1		3	69	A4	4	504
82	82	122	0.5	1/8	1/8	3/8	2	1	1/8	1/8	1		3	57	A3	3	509
82	82	122	0.25	1/8	1/8	3/8	1	2	1/16	1/16	1		2	74	D5	5	505
82	82	489/4	0.25	3/16	3/16	3/8	1	2	1/16	1/16	1		5	71	B4	4	506
82	82	245/2	0.5	1/4	1/4	3/8	1	2	1/8	1/8	1	1	4	76	E5	5	507
82	82	245/2	0.5	1/4	1/4	3/8	1	1	1/8	1/8	1		3	81	A5	5	502
83	83	123	1.5	0	0	3/8	2	1	3/8	1/4	3/2		4	40	E2	2	516
83	83	123	1.5	0	0	3/8	1	2	3/8	1/4	3/2		4	64	E4	4	515
83	83	123	0.5	0	0	3/8	1	1	1/8	1/8	1	-1	4	76	E5	5	510
83	83	247/2	0.25	1/8	1/8	3/8	1	1	1/16	1/16	1		2	74	D5	5	511
83	83	495/4	0.25	3/16	3/16	3/8	1	1	1/16	1/16	1		7	73	C#5	5	512
83	83	124	0.25	1/4	1/4	3/8	1	1	1/16	1/16	1		5	71	B4	4	513
83	83	497/4	0.25	5/16	5/16	3/8	1	1	1/16	1/16	1		2	74	D5	5	514
84	84	249/2	0.5	0	0	3/8	2	1	1/8	1/8	1		3	45	A2	2	523
84	84	249/2	0.25	0	0	3/8	1	1	1/16	1/16	1		7	73	C#5	5	517
84	84	499/4	0.25	1/16	1/16	3/8	1	1	1/16	1/16	1		3	69	A4	4	518
84	84	125	0.5	1/8	1/8	3/8	2	1	1/8	1/8	1		3	57	A3	3	524
84	84	125	0.25	1/8	1/8	3/8	1	1	1/16	1/16	1		7	73	C#5	5	519
84	84	501/4	0.25	3/16	3/16	3/8	1	1	1/16	1/16	1		4	76	E5	5	520
84	84	251/2	0.5	1/4	1/4	3/8	2	1	1/8	1/8	1		7	49	C#3	3	525
84	84	251/2	0.25	1/4	1/4	3/8	1	1	1/16	1/16	1		3	81	A5	5	521
84	84	503/4	0.25	5/16	5/16	3/8	1	1	1/16	1/16	1		6	78	F#5	5	522
85	85	126	0.5	0	0	3/8	2	1	1/8	1/8	1		2	50	D3	3	532
85	85	126	0.25	0	0	3/8	1	1	1/16	1/16	1		4	76	E5	5	526
85	85	505/4	0.25	1/16	1/16	3/8	1	1	1/16	1/16	1		2	74	D5	5	527
85	85	253/2	0.5	1/8	1/8	3/8	2	1	1/8	1/8	1		4	52	E3	3	533
85	85	253/2	0.25	1/8	1/8	3/8	1	1	1/16	1/16	1		7	73	C#5	5	528
85	85	507/4	0.25	3/16	3/16	3/8	1	1	1/16	1/16	1		5	71	B4	4	529
85	85	127	0.5	1/4	1/4	3/8	2	1	1/8	1/8	1		4	40	E2	2	534
85	85	127	0.25	1/4	1/4	3/8	1	1	1/16	1/16	1		3	69	A4	4	530
85	85	509/4	0.25	5/16	5/16	3/8	1	1	1/16	1/16	1		8	68	G#4	4	531
86	86	255/2	0.5	0	0	3/8	2	1	1/8	1/8	1		3	45	A2	2	539
86	86	255/2	0.5	0	0	3/8	1	2	1/8	1/8	1		3	69	A4	4	536
86	86	128	0.5	1/8	1/8	3/8	2	1	1/8	1/8	1		3	57	A3	3	540
86	86	128	0.5	1/8	1/8	3/8	1	2	1/8	1/8	1		7	73	C#5	5	537
86	86	257/2	0.5	1/4	1/4	3/8	1	2	1/8	1/8	1	1	4	76	E5	5	538
86	86	257/2	0.5	1/4	1/4	3/8	1	1	1/8	1/8	1		3	81	A5	5	535
87	87	129	1.5	0	0	3/8	2	1	3/8	1/4	3/2		4	40	E2	2	547
87	87	129	1.5	0	0	3/8	1	2	3/8	1/4	3/2		4	64	E4	4	546
87	87	129	0.5	0	0	3/8	1	1	1/8	1/8	1	-1	4	76	E5	5	541
87	87	259/2	0.25	1/8	1/8	3/8	1	1	1/16	1/16	1		2	74	D5	5	542
87	87	519/4	0.25	3/16	3/16	3/8	1	1	1/16	1/16	1		7	73	C#5	5	543
87	87	130	0.25	1/4	1/4	3/8	1	1	1/16	1/16	1		5	71	B4	4	544
87	87	521/4	0.25	5/16	5/16	3/8	1	1	1/16	1/16	1		2	74	D5	5	545
88	88	261/2	0.5	0	0	3/8	2	1	1/8	1/8	1		3	45	A2	2	554
88	88	261/2	0.25	0	0	3/8	1	2	1/16	1/16	1		7	73	C#5	5	549
88	88	523/4	0.25	1/16	1/16	3/8	1	2	1/16	1/16	1		3	69	A4	4	550
88	88	131	0.5	1/8	1/8	3/8	2	1	1/8	1/8	1		3	57	A3	3	555
88	88	131	0.25	1/8	1/8	3/8	1	2	1/16	1/16	1		2	74	D5	5	551
88	88	525/4	0.25	3/16	3/16	3/8	1	2	1/16	1/16	1		5	71	B4	4	552
88	88	263/2	0.5	1/4	1/4	3/8	1	2	1/8	1/8	1	1	4	76	E5	5	553
88	88	263/2	0.5	1/4	1/4	3/8	1	1	1/8	1/8	1		3	81	A5	5	548
89	89	132	1.5	0	0	3/8	2	1	3/8	1/4	3/2		4	40	E2	2	562
89	89	132	1.5	0	0	3/8	1	2	3/8	1/4	3/2		4	64	E4	4	561
89	89	132	0.5	0	0	3/8	1	1	1/8	1/8	1	-1	4	76	E5	5	556
89	89	265/2	0.25	1/8	1/8	3/8	1	1	1/16	1/16	1		2	74	D5	5	557
89	89	531/4	0.25	3/16	3/16	3/8	1	1	1/16	1/16	1		7	73	C#5	5	558
89	89	133	0.25	1/4	1/4	3/8	1	1	1/16	1/16	1		5	71	B4	4	559
89	89	533/4	0.25	5/16	5/16	3/8	1	1	1/16	1/16	1		2	74	D5	5	560
90	90	267/2	0.5	0	0	3/8	2	1	1/8	1/8	1		3	45	A2	2	569
90	90	267/2	0.25	0	0	3/8	1	2	1/16	1/16	1		7	73	C#5	5	564
90	90	535/4	0.25	1/16	1/16	3/8	1	2	1/16	1/16	1		3	69	A4	4	565
90	90	134	0.5	1/8	1/8	3/8	2	1	1/8	1/8	1		3	57	A3	3	570
90	90	134	0.25	1/8	1/8	3/8	1	2	1/16	1/16	1		2	74	D5	5	566
90	90	537/4	0.25	3/16	3/16	3/8	1	2	1/16	1/16	1		5	71	B4	4	567
90	90	269/2	0.5	1/4	1/4	3/8	1	2	1/8	1/8	1	1	4	76	E5	5	568
90	90	269/2	0.5	1/4	1/4	3/8	1	1	1/8	1/8	1		3	81	A5	5	563
91	91	135	1.5	0	0	3/8	2	1	3/8	1/4	3/2		4	40	E2	2	577
91	91	135	1.5	0	0	3/8	1	2	3/8	1/4	3/2		4	64	E4	4	576
91	91	135	0.5	0	0	3/8	1	1	1/8	1/8	1	-1	4	76	E5	5	571
91	91	271/2	0.25	1/8	1/8	3/8	1	1	1/16	1/16	1		2	74	D5	5	572
91	91	543/4	0.25	3/16	3/16	3/8	1	1	1/16	1/16	1		7	73	C#5	5	573
91	91	136	0.25	1/4	1/4	3/8	1	1	1/16	1/16	1		5	71	B4	4	574
91	91	545/4	0.25	5/16	5/16	3/8	1	1	1/16	1/16	1		2	74	D5	5	575
92	92	273/2	0.5	0	0	3/8	2	1	1/8	1/8	1		3	45	A2	2	584
92	92	273/2	0.25	0	0	3/8	1	1	1/16	1/16	1		7	73	C#5	5	578
92	92	547/4	0.25	1/16	1/16	3/8	1	1	1/16	1/16	1		3	69	A4	4	579
92	92	137	0.5	1/8	1/8	3/8	2	1	1/8	1/8	1		3	57	A3	3	585
92	92	137	0.25	1/8	1/8	3/8	1	1	1/16	1/16	1		7	73	C#5	5	580
92	92	549/4	0.25	3/16	3/16	3/8	1	1	1/16	1/16	1		4	76	E5	5	581
92	92	275/2	0.5	1/4	1/4	3/8	2	1	1/8	1/8	1		7	49	C#3	3	586
92	92	275/2	0.25	1/4	1/4	3/8	1	1	1/16	1/16	1		3	81	A5	5	582
92	92	551/4	0.25	5/16	5/16	3/8	1	1	1/16	1/16	1		6	78	F#5	5	583
93	93	138	0.5	0	0	3/8	2	1	1/8	1/8	1		2	50	D3	3	593
93	93	138	0.25	0	0	3/8	1	1	1/16	1/16	1		4	76	E5	5	587
93	93	553/4	0.25	1/16	1/16	3/8	1	1	1/16	1/16	1		2	74	D5	5	588
93	93	277/2	0.5	1/8	1/8	3/8	2	1	1/8	1/8	1		4	52	E3	3	594
93	93	277/2	0.25	1/8	1/8	3/8	1	1	1/16	1/16	1		7	73	C#5	5	589
93	93	555/4	0.25	3/16	3/16	3/8	1	1	1/16	1/16	1		5	71	B4	4	590
93	93	139	0.5	1/4	1/4	3/8	2	1	1/8	1/8	1		4	40	E2	2	595
93	93	139	0.25	1/4	1/4	3/8	1	1	1/16	1/16	1		3	69	A4	4	591
93	93	557/4	0.25	5/16	5/16	3/8	1	1	1/16	1/16	1		8	68	G#4	4	592
94	94	279/2	0.5	0	0	3/8	2	1	1/8	1/8	1		3	45	A2	2	598
94	94	279/2	0.5	0	0	3/8	1	1	1/8	1/8	1		3	69	A4	4	596
94	94	140	0.5	1/8	1/8	3/8	2	1	1/8	1/8	1		3	69	A4	4	599
94	94	140	1.0	1/8	1/8	3/8	1	1	1/4	1/4	1	1	0	72	C5	5	597
94	94	140	1.0	1/8	1/8	3/8	1	1	1/4	1/4	1	1	0	84	C6	6	597
94	94	281/2	0.5	1/4	1/4	3/8	2	1	1/8	1/8	1		1	67	G4	4	600
95	95	141	0.5	0	0	3/8	2	1	1/8	1/8	1		-1	65	F4	4	603
95	95	141	0.5	0	0	3/8	1	1	1/8	1/8	1	-1	0	72	C5	5	601
95	95	141	0.5	0	0	3/8	1	1	1/8	1/8	1	-1	0	84	C6	6	601
95	95	283/2	0.5	1/8	1/8	3/8	2	1	1/8	1/8	1		3	69	A4	4	604
95	95	283/2	1.0	1/8	1/8	3/8	1	1	1/4	1/4	1	1	0	72	C5	5	602
95	95	283/2	1.0	1/8	1/8	3/8	1	1	1/4	1/4	1	1	0	84	C6	6	602
95	95	142	0.5	1/4	1/4	3/8	2	1	1/8	1/8	1		4	64	E4	4	605
96	96	285/2	1.0	0	0	3/8	2	1	1/4	1/4	1		2	62	D4	4	609
96	96	285/2	0.5	0	0	3/8	1	1	1/8	1/8	1	-1	0	72	C5	5	606
96	96	285/2	0.5	0	0	3/8	1	1	1/8	1/8	1	-1	0	84	C6	6	606
96	96	143	0.5	1/8	1/8	3/8	1	1	1/8	1/8	1		2	74	D5	5	607
96	96	143	0.5	1/8	1/8	3/8	1	1	1/8	1/8	1		2	86	D6	6	607
96	96	287/2	0.5	1/4	1/4	3/8	2	1	1/8	1/8	1		-1	65	F4	4	610
96	96	287/2	0.5	1/4	1/4	3/8	1	1	1/8	1/8	1		5	71	B4	4	608
96	96	287/2	0.5	1/4	1/4	3/8	1	1	1/8	1/8	1		5	83	B5	5	608
97	97	144	1.0	0	0	3/8	2	1	1/4	1/4	1		4	64	E4	4	614
97	97	144	0.5	0	0	3/8	1	1	1/8	1/8	1		3	69	A4	4	611
97	97	144	0.5	0	0	3/8	1	1	1/8	1/8	1		3	81	A5	5	611
97	97	289/2	0.5	1/8	1/8	3/8	1	1	1/8	1/8	1		3	69	A4	4	612
97	97	289/2	0.5	1/8	1/8	3/8	1	1	1/8	1/8	1		3	81	A5	5	612
97	97	145	0.5	1/4	1/4	3/8	2	1	1/8	1/8	1		4	52	E3	3	615
97	97	145	0.5	1/4	1/4	3/8	1	1	1/8	1/8	1		8	68	G#4	4	613
97	97	145	0.5	1/4	1/4	3/8	1	1	1/8	1/8	1		8	80	G#5	5	613
98	98	291/2	0.5	0	0	3/8	2	1	1/8	1/8	1		3	57	A3	3	618
98	98	291/2	0.5	0	0	3/8	1	1	1/8	1/8	1		3	69	A4	4	616
98	98	291/2	0.5	0	0	3/8	1	1	1/8	1/8	1		3	81	A5	5	616
98	98	146	0.5	1/8	1/8	3/8	2	1	1/8	1/8	1		3	69	A4	4	619
98	98	146	1.0	1/8	1/8	3/8	1	1	1/4	1/4	1	1	7	73	C#5	5	617
98	98	146	1.0	1/8	1/8	3/8	1	1	1/4	1/4	1	1	7	85	C#6	6	617
98	98	293/2	0.5	1/4	1/4	3/8	2	1	1/8	1/8	1		8	68	G#4	4	620
99	99	147	0.5	0	0	3/8	2	1	1/8	1/8	1		6	66	F#4	4	623
99	99	147	0.5	0	0	3/8	1	1	1/8	1/8	1	-1	7	73	C#5	5	621
99	99	147	0.5	0	0	3/8	1	1	1/8	1/8	1	-1	7	85	C#6	6	621
99	99	295/2	0.5	1/8	1/8	3/8	2	1	1/8	1/8	1		3	69	A4	4	624
99	99	295/2	1.0	1/8	1/8	3/8	1	1	1/4	1/4	1	1	7	73	C#5	5	622
99	99	295/2	1.0	1/8	1/8	3/8	1	1	1/4	1/4	1	1	7	85	C#6	6	622
99	99	148	0.5	1/4	1/4	3/8	2	1	1/8	1/8	1		4	64	E4	4	625
100	100	297/2	1.0	0	0	3/8	2	1	1/4	1/4	1		2	62	D4	4	629
100	100	297/2	0.5	0	0	3/8	1	1	1/8	1/8	1	-1	7	73	C#5	5	626
100	100	297/2	0.5	0	0	3/8	1	1	1/8	1/8	1	-1	7	85	C#6	6	626
100	100	149	0.5	1/8	1/8	3/8	1	1	1/8	1/8	1		2	74	D5	5	627
100	100	149	0.5	1/8	1/8	3/8	1	1	1/8	1/8	1		2	86	D6	6	627
100	100	299/2	0.5	1/4	1/4	3/8	2	1	1/8	1/8	1		6	66	F#4	4	630
100	100	299/2	0.5	1/4	1/4	3/8	1	1	1/8	1/8	1		5	71	B4	4	628
100	100	299/2	0.5	1/4	1/4	3/8	1	1	1/8	1/8	1		5	83	B5	5	628
101	101	150	1.0	0	0	3/8	2	1	1/4	1/4	1		4	64	E4	4	634
101	101	150	0.5	0	0	3/8	1	1	1/8	1/8	1		3	69	A4	4	631
101	101	150	0.5	0	0	3/8	1	1	1/8	1/8	1		3	81	A5	5	631
101	101	301/2	0.5	1/8	1/8	3/8	1	1	1/8	1/8	1		3	69	A4	4	632
101	101	301/2	0.5	1/8	1/8	3/8	1	1	1/8	1/8	1		3	81	A5	5	632
101	101	151	0.5	1/4	1/4	3/8	2	1	1/8	1/8	1		4	52	E3	3	635
101	101	151	0.5	1/4	1/4	3/8	1	1	1/8	1/8	1		8	68	G#4	4	633
101	101	151	0.5	1/4	1/4	3/8	1	1	1/8	1/8	1		8	80	G#5	5	633
102	102	303/2	0.5	0	0	3/8	2	1	1/8	1/8	1		3	45	A2	2	639
102	102	303/2	0.5	0	0	3/8	1	1	1/8	1/8	1		3	69	A4	4	636
102	102	303/2	0.5	0	0	3/8	1	1	1/8	1/8	1		3	81	A5	5	636
102	102	152	0.5	1/8	1/8	3/8	2	1	1/8	1/8	1		3	57	A3	3	640
102	102	152	0.5	1/8	1/8	3/8	1	1	1/8	1/8	1		4	64	E4	4	637
102	102	152	0.5	1/8	1/8	3/8	1	1	1/8	1/8	1		4	76	E5	5	637
102	102	305/2	0.5	1/4	1/4	3/8	2	1	1/8	1/8	1		7	49	C#3	3	641
102	102	305/2	0.5	1/4	1/4	3/8	1	1	1/8	1/8	1		7	61	C#4	4	638
102	102	305/2	0.5	1/4	1/4	3/8	1	1	1/8	1/8	1		7	73	C#5	5	638
103	103	153	0.5	0	0	3/8	2	2	1/8	1/8	1		2	50	D3	3	646
103	103	153	1.5	0	0	3/8	2	1	3/8	1/4	3/2	1	3	57	A3	3	645
103	103	153	0.5	0	0	3/8	1	1	1/8	1/8	1		6	66	F#4	4	642
103	103	153	0.5	0	0	3/8	1	1	1/8	1/8	1		6	78	F#5	5	642
103	103	307/2	0.5	1/8	1/8	3/8	2	2	1/8	1/8	1		5	47	B2	2	647
103	103	307/2	0.5	1/8	1/8	3/8	1	1	1/8	1/8	1		2	62	D4	4	643
103	103	307/2	0.5	1/8	1/8	3/8	1	1	1/8	1/8	1		2	74	D5	5	643
103	103	154	0.5	1/4	1/4	3/8	2	2	1/8	1/8	1		4	52	E3	3	648
103	103	154	0.5	1/4	1/4	3/8	1	1	1/8	1/8	1		8	68	G#4	4	644
103	103	154	0.5	1/4	1/4	3/8	1	1	1/8	1/8	1		8	80	G#5	5	644
104	104	309/2	0.5	0	0	3/8	2	2	1/8	1/8	1		7	49	C#3	3	653
104	104	309/2	1.5	0	0	3/8	2	1	3/8	1/4	3/2	0	3	57	A3	3	652
104	104	309/2	0.5	0	0	3/8	1	1	1/8	1/8	1		3	69	A4	4	649
104	104	309/2	0.5	0	0	3/8	1	1	1/8	1/8	1		3	81	A5	5	649
104	104	155	0.5	1/8	1/8	3/8	2	2	1/8	1/8	1		3	45	A2	2	654
104	104	155	0.5	1/8	1/8	3/8	1	1	1/8	1/8	1		4	64	E4	4	650
104	104	155	0.5	1/8	1/8	3/8	1	1	1/8	1/8	1		4	76	E5	5	650
104	104	311/2	0.5	1/4	1/4	3/8	2	2	1/8	1/8	1		7	49	C#3	3	655
104	104	311/2	0.5	1/4	1/4	3/8	1	1	1/8	1/8	1		7	61	C#4	4	651
104	104	311/2	0.5	1/4	1/4	3/8	1	1	1/8	1/8	1		7	73	C#5	5	651
105	105	156	0.5	0	0	3/8	2	2	1/8	1/8	1		2	50	D3	3	660
105	105	156	1.5	0	0	3/8	2	1	3/8	1/4	3/2	0	3	57	A3	3	659
105	105	156	0.5	0	0	3/8	1	1	1/8	1/8	1		6	66	F#4	4	656
105	105	156	0.5	0	0	3/8	1	1	1/8	1/8	1		6	78	F#5	5	656
105	105	313/2	0.5	1/8	1/8	3/8	2	2	1/8	1/8	1		5	47	B2	2	661
105	105	313/2	0.5	1/8	1/8	3/8	1	1	1/8	1/8	1		2	62	D4	4	657
105	105	313/2	0.5	1/8	1/8	3/8	1	1	1/8	1/8	1		2	74	D5	5	657
105	105	157	0.5	1/4	1/4	3/8	2	2	1/8	1/8	1		4	52	E3	3	662
105	105	157	0.5	1/4	1/4	3/8	1	1	1/8	1/8	1		8	68	G#4	4	658
105	105	157	0.5	1/4	1/4	3/8	1	1	1/8	1/8	1		8	80	G#5	5	658
106	106	315/2	0.5	0	0	3/8	2	2	1/8	1/8	1		7	49	C#3	3	667
106	106	315/2	1.5	0	0	3/8	2	1	3/8	1/4	3/2	0	3	57	A3	3	666
106	106	315/2	0.5	0	0	3/8	1	1	1/8	1/8	1		3	69	A4	4	663
106	106	315/2	0.5	0	0	3/8	1	1	1/8	1/8	1		3	81	A5	5	663
106	106	158	0.5	1/8	1/8	3/8	2	2	1/8	1/8	1		3	45	A2	2	668
106	106	158	0.5	1/8	1/8	3/8	1	1	1/8	1/8	1		4	64	E4	4	664
106	106	158	0.5	1/8	1/8	3/8	1	1	1/8	1/8	1		4	76	E5	5	664
106	106	317/2	0.5	1/4	1/4	3/8	2	2	1/8	1/8	1		7	49	C#3	3	669
106	106	317/2	0.5	1/4	1/4	3/8	1	1	1/8	1/8	1		7	61	C#4	4	665
106	106	317/2	0.5	1/4	1/4	3/8	1	1	1/8	1/8	1		7	73	C#5	5	665
107	107	159	0.5	0	0	3/8	2	2	1/8	1/8	1		2	50	D3	3	674
107	107	159	1.5	0	0	3/8	2	1	3/8	1/4	3/2	0	3	57	A3	3	673
107	107	159	0.5	0	0	3/8	1	1	1/8	1/8	1		6	66	F#4	4	670
107	107	159	0.5	0	0	3/8	1	1	1/8	1/8	1		6	78	F#5	5	670
107	107	319/2	0.5	1/8	1/8	3/8	2	2	1/8	1/8	1		5	47	B2	2	675
107	107	319/2	0.5	1/8	1/8	3/8	1	1	1/8	1/8	1		2	62	D4	4	671
107	107	319/2	0.5	1/8	1/8	3/8	1	1	1/8	1/8	1		2	74	D5	5	671
107	107	160	0.5	1/4	1/4	3/8	2	2	1/8	1/8	1		4	52	E3	3	676
107	107	160	0.5	1/4	1/4	3/8	1	1	1/8	1/8	1		8	68	G#4	4	672
107	107	160	0.5	1/4	1/4	3/8	1	1	1/8	1/8	1		8	80	G#5	5	672
108	108	321/2	0.5	0	0	3/8	2	2	1/8	1/8	1		7	49	C#3	3	681
108	108	321/2	1.5	0	0	3/8	2	1	3/8	1/4	3/2	-1	3	57	A3	3	680
108	108	321/2	0.5	0	0	3/8	1	1	1/8	1/8	1		3	69	A4	4	677
108	108	321/2	0.5	0	0	3/8	1	1	1/8	1/8	1		3	81	A5	5	677
108	108	161	0.5	1/8	1/8	3/8	2	2	1/8	1/8	1		7	49	C#3	3	682
108	108	161	0.5	1/8	1/8	3/8	1	1	1/8	1/8	1		7	73	C#5	5	678
108	108	161	0.5	1/8	1/8	3/8	1	1	1/8	1/8	1		4	76	E5	5	678
108	108	323/2	0.5	1/4	1/4	3/8	2	2	1/8	1/8	1		2	50	D3	3	683
108	108	323/2	0.5	1/4	1/4	3/8	1	1	1/8	1/8	1		6	66	F#4	4	679
108	108	323/2	0.5	1/4	1/4	3/8	1	1	1/8	1/8	1		2	74	D5	5	679
109	109	162	1.0	0	0	3/8	2	1	1/4	1/4	1		4	52	E3	3	687
109	109	162	0.5	0	0	3/8	1	1	1/8	1/8	1		4	64	E4	4	684
109	109	162	0.5	0	0	3/8	1	1	1/8	1/8	1		7	73	C#5	5	684
109	109	325/2	0.5	1/8	1/8	3/8	1	1	1/8	1/8	1		4	64	E4	4	685
109	109	325/2	0.5	1/8	1/8	3/8	1	1	1/8	1/8	1		3	69	A4	4	685
109	109	325/2	0.5	1/8	1/8	3/8	1	1	1/8	1/8	1		7	73	C#5	5	685
109	109	163	0.5	1/4	1/4	3/8	2	1	1/8	1/8	1		4	40	E2	2	688
109	109	163	0.5	1/4	1/4	3/8	1	1	1/8	1/8	1		2	62	D4	4	686
109	109	163	0.5	1/4	1/4	3/8	1	1	1/8	1/8	1		5	71	B4	4	686
110	110	327/2	1.5	0	0	3/8	2	1	3/8	1/4	3/2		3	45	A2	2	692
110	110	327/2	0.5	0	0	3/8	1	1	1/8	1/8	1		7	61	C#4	4	689
110	110	327/2	0.5	0	0	3/8	1	1	1/8	1/8	1		3	69	A4	4	689
110	110	164	0.5	1/8	1/8	3/8	1	1	1/8	1/8	1		7	61	C#4	4	690
110	110	164	0.5	1/8	1/8	3/8	1	1	1/8	1/8	1		3	69	A4	4	690
110	110	329/2	0.5	1/4	1/4	3/8	1	1	1/8	1/8	1		4	64	E4	4	691
110	110	329/2	0.5	1/4	1/4	3/8	1	1	1/8	1/8	1		5	71	B4	4	691
111	111	165	1.5	0	0	3/8	2	1	3/8	1/4	3/2		3	45	A2	2	696
111	111	165	0.5	0	0	3/8	1	1	1/8	1/8	1		7	61	C#4	4	693
111	111	165	0.5	0	0	3/8	1	1	1/8	1/8	1		3	69	A4	4	693
111	111	331/2	0.5	1/8	1/8	3/8	1	1	1/8	1/8	1		7	61	C#4	4	694
111	111	331/2	0.5	1/8	1/8	3/8	1	1	1/8	1/8	1		3	69	A4	4	694
111	111	166	0.5	1/4	1/4	3/8	1	1	1/8	1/8	1		4	64	E4	4	695
111	111	166	0.5	1/4	1/4	3/8	1	1	1/8	1/8	1		5	71	B4	4	695
112	112	333/2	1.0	0	0	3/8	2	1	1/4	1/4	1		3	45	A2	2	700
112	112	333/2	0.5	0	0	3/8	1	1	1/8	1/8	1		7	61	C#4	4	697
112	112	333/2	0.5	0	0	3/8	1	1	1/8	1/8	1		3	69	A4	4	697
112	112	167	0.5	1/8	1/8	3/8	1	1	1/8	1/8	1		4	64	E4	4	698
112	112	167	0.5	1/8	1/8	3/8	1	1	1/8	1/8	1		5	71	B4	4	698
112	112	335/2	0.5	1/4	1/4	3/8	2	1	1/8	1/8	1	1	3	45	A2	2	701
112	112	335/2	0.5	1/4	1/4	3/8	1	1	1/8	1/8	1		7	61	C#4	4	699
112	112	335/2	0.5	1/4	1/4	3/8	1	1	1/8	1/8	1		3	69	A4	4	699
113	113	168	1.0	0	0	3/8	2	1	1/4	1/4	1	-1	3	45	A2	2	705
113	113	168	0.5	0	0	3/8	1	1	1/8	1/8	1		4	64	E4	4	702
113	113	168	0.5	0	0	3/8	1	1	1/8	1/8	1		5	71	B4	4	702
113	113	337/2	0.5	1/8	1/8	3/8	1	1	1/8	1/8	1		7	61	C#4	4	703
113	113	337/2	0.5	1/8	1/8	3/8	1	1	1/8	1/8	1		3	69	A4	4	703
113	113	169	0.5	1/4	1/4	3/8	2	1	1/8	1/8	1		3	45	A2	2	706
113	113	169	0.5	1/4	1/4	3/8	1	1	1/8	1/8	1		4	64	E4	4	704
113	113	169	0.5	1/4	1/4	3/8	1	1	1/8	1/8	1		5	71	B4	4	704
114	114	339/2	1.5	0	0	3/8	2	1	3/8	1/4	3/2		3	45	A2	2	708
114	114	339/2	1.5	0	0	3/8	1	1	3/8	1/4	3/2		7	61	C#4	4	707
114	114	339/2	1.5	0	0	3/8	1	1	3/8	1/4	3/2		3	69	A4	4	707
115	115	171	0.5	0	0	3/8	2	1	1/8	1/8	1		3	45	A2	2	711
115	115	343/2	0.5	1/8	1/8	3/8	1	1	1/8	1/8	1		3	69	A4	4	709
115	115	343/2	0.5	1/8	1/8	3/8	1	1	1/8	1/8	1		7	73	C#5	5	709
115	115	172	0.5	1/4	1/4	3/8	1	1	1/8	1/8	1		5	71	B4	4	710
115	115	172	0.5	1/4	1/4	3/8	1	1	1/8	1/8	1		2	74	D5	5	710
116	116	345/2	0.5	0	0	3/8	2	1	1/8	1/8	1		3	69	A4	4	715
116	116	345/2	0.5	0	0	3/8	1	1	1/8	1/8	1		7	73	C#5	5	712
116	116	345/2	0.5	0	0	3/8	1	1	1/8	1/8	1		4	76	E5	5	712
116	116	173	0.5	1/8	1/8	3/8	2	1	1/8	1/8	1		1	67	G4	4	716
116	116	173	0.5	1/8	1/8	3/8	1	1	1/8	1/8	1		7	73	C#5	5	713
116	116	173	0.5	1/8	1/8	3/8	1	1	1/8	1/8	1		4	76	E5	5	713
116	116	347/2	0.5	1/4	1/4	3/8	2	1	1/8	1/8	1		6	66	F#4	4	717
116	116	347/2	0.5	1/4	1/4	3/8	1	1	1/8	1/8	1		2	74	D5	5	714
116	116	347/2	0.5	1/4	1/4	3/8	1	1	1/8	1/8	1		6	78	F#5	5	714
117	117	174	1.5	0	0	3/8	2	1	3/8	1/4	3/2		4	64	E4	4	721
117	117	174	0.5	0	0	3/8	1	1	1/8	1/8	1		4	76	E5	5	718
117	117	174	0.5	0	0	3/8	1	1	1/8	1/8	1		1	79	G5	5	718
117	117	349/2	0.5	1/8	1/8	3/8	1	1	1/8	1/8	1		5	71	B4	4	719
117	117	349/2	0.5	1/8	1/8	3/8	1	1	1/8	1/8	1		2	74	D5	5	719
117	117	175	0.5	1/4	1/4	3/8	1	1	1/8	1/8	1		7	73	C#5	5	720
117	117	175	0.5	1/4	1/4	3/8	1	1	1/8	1/8	1		4	76	E5	5	720
118	118	351/2	0.5	0	0	3/8	2	1	1/8	1/8	1		5	71	B4	4	725
118	118	351/2	0.5	0	0	3/8	1	1	1/8	1/8	1		2	74	D5	5	722
118	118	351/2	0.5	0	0	3/8	1	1	1/8	1/8	1		6	78	F#5	5	722
118	118	176	0.5	1/8	1/8	3/8	2	1	1/8	1/8	1		3	69	A4	4	726
118	118	176	0.5	1/8	1/8	3/8	1	1	1/8	1/8	1		2	74	D5	5	723
118	118	176	0.5	1/8	1/8	3/8	1	1	1/8	1/8	1		6	78	F#5	5	723
118	118	353/2	0.5	1/4	1/4	3/8	2	1	1/8	1/8	1		1	67	G4	4	727
118	118	353/2	0.5	1/4	1/4	3/8	1	1	1/8	1/8	1		4	76	E5	5	724
118	118	353/2	0.5	1/4	1/4	3/8	1	1	1/8	1/8	1		1	79	G5	5	724
119	119	177	1.0	0	0	3/8	2	2	1/4	1/4	1		6	66	F#4	4	732
119	119	177	0.5	0	0	3/8	2	1	1/8	1/8	1		3	69	A4	4	729
119	119	177	1.5	0	0	3/8	1	1	3/8	1/4	3/2	1	3	81	A5	5	728
119	119	355/2	0.5	1/8	1/8	3/8	2	1	1/8	1/8	1		5	71	B4	4	730
119	119	178	0.5	1/4	1/4	3/8	2	2	1/8	1/8	1		4	64	E4	4	733
119	119	178	0.5	1/4	1/4	3/8	2	1	1/8	1/8	1		0	72	C5	5	731
120	120	357/2	0.5	0	0	3/8	2	2	1/8	1/8	1		9	63	D#4	4	739
120	120	357/2	1.5	0	0	3/8	2	1	3/8	1/4	3/2		3	69	A4	4	738
120	120	357/2	1.5	0	0	3/8	1	1	3/8	1/4	3/2		5	71	B4	4	734
120	120	357/2	0.5	0	0	3/8	1	2	1/8	1/8	1	-1	3	81	A5	5	735
120	120	357/2	1.5	0	0	3/8	1	1	3/8	1/4	3/2		5	83	B5	5	734
120	120	179	0.5	1/8	1/8	3/8	2	2	1/8	1/8	1		4	64	E4	4	740
120	120	179	0.5	1/8	1/8	3/8	1	2	1/8	1/8	1		1	79	G5	5	736
120	120	359/2	0.5	1/4	1/4	3/8	2	2	1/8	1/8	1		9	63	D#4	4	741
120	120	359/2	0.5	1/4	1/4	3/8	1	2	1/8	1/8	1		6	78	F#5	5	737
121	121	180	0.5	0	0	3/8	2	1	1/8	1/8	1		4	64	E4	4	745
121	121	180	0.5	0	0	3/8	1	1	1/8	1/8	1		1	79	G5	5	742
121	121	361/2	0.5	1/8	1/8	3/8	2	1	1/8	1/8	1		6	66	F#4	4	746
121	121	361/2	0.5	1/8	1/8	3/8	1	1	1/8	1/8	1		3	81	A5	5	743
121	121	181	0.5	1/4	1/4	3/8	2	1	1/8	1/8	1		1	67	G4	4	747
121	121	181	0.5	1/4	1/4	3/8	1	1	1/8	1/8	1		5	83	B5	5	744
122	122	363/2	1.5	0	0	3/8	2	1	3/8	1/4	3/2		3	57	A3	3	754
122	122	363/2	0.5	0	0	3/8	1	2	1/8	1/8	1		5	83	B5	5	751
122	122	363/2	0.5	0	0	3/8	1	1	1/8	1/8	1		0	84	C6	6	748
122	122	182	0.5	1/8	1/8	3/8	1	2	1/8	1/8	1		3	81	A5	5	752
122	122	182	0.5	1/8	1/8	3/8	1	1	1/8	1/8	1		0	84	C6	6	749
122	122	365/2	0.5	1/4	1/4	3/8	1	2	1/8	1/8	1		1	79	G5	5	753
122	122	365/2	0.5	1/4	1/4	3/8	1	1	1/8	1/8	1		5	83	B5	5	750
123	123	183	1.5	0	0	3/8	2	1	3/8	1/4	3/2		3	69	A4	4	761
123	123	183	0.5	0	0	3/8	1	2	1/8	1/8	1		1	79	G5	5	758
123	123	183	0.5	0	0	3/8	1	1	1/8	1/8	1		3	81	A5	5	755
123	123	367/2	0.5	1/8	1/8	3/8	1	2	1/8	1/8	1		6	78	F#5	5	759
123	123	367/2	0.5	1/8	1/8	3/8	1	1	1/8	1/8	1		3	81	A5	5	756
123	123	184	0.5	1/4	1/4	3/8	1	2	1/8	1/8	1		4	76	E5	5	760
123	123	184	0.5	1/4	1/4	3/8	1	1	1/8	1/8	1		1	79	G5	5	757
124	124	369/2	0.5	0	0	3/8	2	1	1/8	1/8	1		5	59	B3	3	767
124	124	369/2	0.5	0	0	3/8	1	2	1/8	1/8	1		4	76	E5	5	765
124	124	369/2	0.5	0	0	3/8	1	1	1/8	1/8	1		-1	77	F5	5	762
124	124	185	0.5	1/8	1/8	3/8	2	1	1/8	1/8	1		5	71	B4	4	768
124	124	185	1.0	1/8	1/8	3/8	1	2	1/4	1/4	1		2	74	D5	5	766
124	124	185	0.5	1/8	1/8	3/8	1	1	1/8	1/8	1		8	80	G#5	5	763
124	124	371/2	0.5	1/4	1/4	3/8	2	1	1/8	1/8	1		3	69	A4	4	769
124	124	371/2	0.5	1/4	1/4	3/8	1	1	1/8	1/8	1		3	81	A5	5	764
125	125	186	0.5	0	0	3/8	2	1	1/8	1/8	1		8	68	G#4	4	773
125	125	186	0.5	0	0	3/8	1	1	1/8	1/8	1		5	83	B5	5	770
125	125	373/2	0.5	1/8	1/8	3/8	2	1	1/8	1/8	1		4	64	E4	4	774
125	125	373/2	0.5	1/8	1/8	3/8	1	1	1/8	1/8	1		4	76	E5	5	771
125	125	187	0.5	1/4	1/4	3/8	2	1	1/8	1/8	1		8	68	G#4	4	775
125	125	187	0.5	1/4	1/4	3/8	1	1	1/8	1/8	1		2	74	D5	5	772
126	126	375/2	1.0	0	0	3/8	2	1	1/4	1/4	1		3	57	A3	3	780
126	126	375/2	1.5	0	0	3/8	2	2	3/8	1/4	3/2		3	57	A3	3	782
126	126	375/2	0.5	0	0	3/8	1	2	1/8	1/8	1		2	74	D5	5	777
126	126	375/2	0.5	0	0	3/8	1	1	1/8	1/8	1		4	76	E5	5	776
126	126	188	0.5	1/8	1/8	3/8	1	2	1/8	1/8	1		7	73	C#5	5	778
126	126	377/2	0.5	1/4	1/4	3/8	2	1	1/8	1/8	1		3	69	A4	4	781
126	126	377/2	0.5	1/4	1/4	3/8	1	2	1/8	1/8	1		3	81	A5	5	779
127	127	189	1.5	0	0	3/8	2	2	3/8	1/4	3/2		3	57	A3	3	791
127	127	189	1.0	0	0	3/8	2	1	1/4	1/4	1		1	67	G4	4	789
127	127	189	0.5	0	0	3/8	1	2	1/8	1/8	1		3	81	A5	5	786
127	127	189	0.5	0	0	3/8	1	1	1/8	1/8	1		-2	82	Bb5	5	783
127	127	379/2	0.5	1/8	1/8	3/8	1	2	1/8	1/8	1		1	79	G5	5	787
127	127	379/2	0.5	1/8	1/8	3/8	1	1	1/8	1/8	1		-2	82	Bb5	5	784
127	127	190	0.5	1/4	1/4	3/8	2	1	1/8	1/8	1		-1	65	F4	4	790
127	127	190	0.5	1/4	1/4	3/8	1	2	1/8	1/8	1		-1	77	F5	5	788
127	127	190	0.5	1/4	1/4	3/8	1	1	1/8	1/8	1		3	81	A5	5	785
128	128	381/2	1.5	0	0	3/8	2	2	3/8	1/4	3/2		3	57	A3	3	800
128	128	381/2	1.0	0	0	3/8	2	1	1/4	1/4	1		4	64	E4	4	798
128	128	381/2	0.5	0	0	3/8	1	2	1/8	1/8	1		-1	77	F5	5	795
128	128	381/2	0.5	0	0	3/8	1	1	1/8	1/8	1		1	79	G5	5	792
128	128	191	0.5	1/8	1/8	3/8	1	2	1/8	1/8	1		4	76	E5	5	796
128	128	191	0.5	1/8	1/8	3/8	1	1	1/8	1/8	1		1	79	G5	5	793
128	128	383/2	0.5	1/4	1/4	3/8	2	1	1/8	1/8	1		2	62	D4	4	799
128	128	383/2	0.5	1/4	1/4	3/8	1	2	1/8	1/8	1		2	74	D5	5	797
128	128	383/2	0.5	1/4	1/4	3/8	1	1	1/8	1/8	1		-1	77	F5	5	794
129	129	192	0.5	0	0	3/8	2	1	1/8	1/8	1		3	57	A3	3	806
129	129	192	0.5	0	0	3/8	1	2	1/8	1/8	1		2	74	D5	5	804
129	129	192	0.5	0	0	3/8	1	1	1/8	1/8	1		-3	75	Eb5	5	801
129	129	385/2	0.5	1/8	1/8	3/8	2	1	1/8	1/8	1		3	69	A4	4	807
129	129	385/2	1.0	1/8	1/8	3/8	1	2	1/4	1/4	1	1	0	72	C5	5	805
129	129	385/2	0.5	1/8	1/8	3/8	1	1	1/8	1/8	1		6	78	F#5	5	802
129	129	193	0.5	1/4	1/4	3/8	2	1	1/8	1/8	1		1	67	G4	4	808
129	129	193	0.5	1/4	1/4	3/8	1	1	1/8	1/8	1		1	79	G5	5	803
130	130	387/2	0.5	0	0	3/8	2	1	1/8	1/8	1		6	66	F#4	4	813
130	130	387/2	0.5	0	0	3/8	1	2	1/8	1/8	1	-1	0	72	C5	5	810
130	130	387/2	1.5	0	0	3/8	1	1	3/8	1/4	3/2		3	81	A5	5	809
130	130	194	0.5	1/8	1/8	3/8	2	1	1/8	1/8	1		2	62	D4	4	814
130	130	194	0.5	1/8	1/8	3/8	1	2	1/8	1/8	1		2	74	D5	5	811
130	130	389/2	0.5	1/4	1/4	3/8	2	1	1/8	1/8	1		6	66	F#4	4	815
130	130	389/2	0.5	1/4	1/4	3/8	1	2	1/8	1/8	1		0	72	C5	5	812
131	131	195	0.5	0	0	3/8	2	1	1/8	1/8	1		1	67	G4	4	820
131	131	195	0.5	0	0	3/8	1	2	1/8	1/8	1		5	71	B4	4	817
131	131	195	0.5	0	0	3/8	1	1	1/8	1/8	1		1	79	G5	5	816
131	131	391/2	0.5	1/8	1/8	3/8	2	1	1/8	1/8	1		4	64	E4	4	821
131	131	391/2	0.5	1/8	1/8	3/8	1	2	1/8	1/8	1		7	73	C#5	5	818
131	131	196	0.5	1/4	1/4	3/8	2	1	1/8	1/8	1		6	66	F#4	4	822
131	131	196	0.5	1/4	1/4	3/8	1	2	1/8	1/8	1	1	3	69	A4	4	819
131	131	196	0.5	1/4	1/4	3/8	1	2	1/8	1/8	1		2	74	D5	5	819
132	132	393/2	0.5	0	0	3/8	2	1	1/8	1/8	1		7	61	C#4	4	826
132	132	393/2	0.5	0	0	3/8	1	1	1/8	1/8	1	-1	3	69	A4	4	823
132	132	393/2	0.5	0	0	3/8	1	1	1/8	1/8	1		4	76	E5	5	823
132	132	197	0.5	1/8	1/8	3/8	2	1	1/8	1/8	1		2	62	D4	4	827
132	132	197	0.5	1/8	1/8	3/8	1	1	1/8	1/8	1		6	78	F#5	5	824
132	132	395/2	0.5	1/4	1/4	3/8	2	1	1/8	1/8	1		5	59	B3	3	828
132	132	395/2	0.5	1/4	1/4	3/8	1	1	1/8	1/8	1		8	80	G#5	5	825
133	133	198	0.5	0	0	3/8	2	1	1/8	1/8	1		3	57	A3	3	832
133	133	198	0.5	0	0	3/8	2	1	1/8	1/8	1		3	69	A4	4	832
133	133	198	0.5	0	0	3/8	1	1	1/8	1/8	1		3	81	A5	5	829
133	133	397/2	0.5	1/8	1/8	3/8	2	1	1/8	1/8	1		1	55	G3	3	833
133	133	397/2	0.5	1/8	1/8	3/8	2	1	1/8	1/8	1		1	67	G4	4	833
133	133	397/2	0.5	1/8	1/8	3/8	1	1	1/8	1/8	1		7	73	C#5	5	830
133	133	199	0.5	1/4	1/4	3/8	2	1	1/8	1/8	1		6	54	F#3	3	834
133	133	199	0.5	1/4	1/4	3/8	2	1	1/8	1/8	1		6	66	F#4	4	834
133	133	199	0.5	1/4	1/4	3/8	1	1	1/8	1/8	1		2	74	D5	5	831
134	134	399/2	0.5	0	0	3/8	2	1	1/8	1/8	1		7	49	C#3	3	838
134	134	399/2	0.5	0	0	3/8	2	1	1/8	1/8	1		7	61	C#4	4	838
134	134	399/2	0.5	0	0	3/8	1	1	1/8	1/8	1		4	76	E5	5	835
134	134	200	0.5	1/8	1/8	3/8	2	1	1/8	1/8	1		2	50	D3	3	839
134	134	200	0.5	1/8	1/8	3/8	2	1	1/8	1/8	1		2	62	D4	4	839
134	134	200	0.5	1/8	1/8	3/8	1	1	1/8	1/8	1		6	78	F#5	5	836
134	134	401/2	0.5	1/4	1/4	3/8	2	1	1/8	1/8	1		5	47	B2	2	840
134	134	401/2	0.5	1/4	1/4	3/8	2	1	1/8	1/8	1		5	59	B3	3	840
134	134	401/2	0.5	1/4	1/4	3/8	1	1	1/8	1/8	1		8	80	G#5	5	837
135	135	201	0.5	0	0	3/8	2	1	1/8	1/8	1		3	45	A2	2	844
135	135	201	0.5	0	0	3/8	2	1	1/8	1/8	1		3	57	A3	3	844
135	135	201	0.5	0	0	3/8	1	1	1/8	1/8	1		3	81	A5	5	841
135	135	403/2	0.5	1/8	1/8	3/8	2	1	1/8	1/8	1		1	43	G2	2	845
135	135	403/2	0.5	1/8	1/8	3/8	2	1	1/8	1/8	1		1	55	G3	3	845
135	135	403/2	0.5	1/8	1/8	3/8	1	1	1/8	1/8	1		7	73	C#5	5	842
135	135	202	0.5	1/4	1/4	3/8	2	1	1/8	1/8	1		6	42	F#2	2	846
135	135	202	0.5	1/4	1/4	3/8	2	1	1/8	1/8	1		6	54	F#3	3	846
135	135	202	0.5	1/4	1/4	3/8	1	1	1/8	1/8	1		2	74	D5	5	843
136	136	405/2	0.5	0	0	3/8	2	1	1/8	1/8	1		7	37	C#2	2	850
136	136	405/2	0.5	0	0	3/8	2	1	1/8	1/8	1		7	49	C#3	3	850
136	136	405/2	0.5	0	0	3/8	1	1	1/8	1/8	1		4	76	E5	5	847
136	136	203	0.5	1/8	1/8	3/8	2	1	1/8	1/8	1		2	38	D2	2	851
136	136	203	0.5	1/8	1/8	3/8	2	1	1/8	1/8	1		2	50	D3	3	851
136	136	203	0.5	1/8	1/8	3/8	1	1	1/8	1/8	1		6	78	F#5	5	848
136	136	407/2	0.5	1/4	1/4	3/8	2	1	1/8	1/8	1		5	35	B1	1	852
136	136	407/2	0.5	1/4	1/4	3/8	2	1	1/8	1/8	1		5	47	B2	2	852
136	136	407/2	0.5	1/4	1/4	3/8	1	1	1/8	1/8	1	1	8	80	G#5	5	849
137	137	204	1.5	0	0	3/8	2	1	3/8	1/4	3/2		3	33	A1	1	855
137	137	204	1.5	0	0	3/8	2	1	3/8	1/4	3/2		3	45	A2	2	855
137	137	204	0.5	0	0	3/8	1	1	1/8	1/8	1	-1	8	80	G#5	5	853
137	137	409/2	1.0	1/8	1/8	3/8	1	1	1/4	1/4	1		3	81	A5	5	854
138	138	411/2	0.5	0	0	3/8	2	1	1/8	1/8	1		6	66	F#4	4	861
138	138	411/2	0.5	0	0	3/8	2	1	1/8	1/8	1		3	69	A4	4	861
138	138	411/2	0.75	0	0	3/8	1	1	3/16	1/8	3/2		2	74	D5	5	856
138	138	206	0.5	1/8	1/8	3/8	2	1	1/8	1/8	1		4	64	E4	4	862
138	138	206	0.5	1/8	1/8	3/8	2	1	1/8	1/8	1		1	67	G4	4	862
138	138	825/4	0.125	3/16	3/16	3/8	1	1	1/32	1/32	1		4	76	E5	5	857
138	138	1651/8	0.125	7/32	7/32	3/8	1	1	1/32	1/32	1		6	78	F#5	5	858
138	138	413/2	0.5	1/4	1/4	3/8	2	1	1/8	1/8	1		2	62	D4	4	863
138	138	413/2	0.5	1/4	1/4	3/8	2	1	1/8	1/8	1		6	66	F#4	4	863
138	138	413/2	0.25	1/4	1/4	3/8	1	1	1/16	1/16	1		1	79	G5	5	859
138	138	827/4	0.25	5/16	5/16	3/8	1	1	1/16	1/16	1		3	81	A5	5	860
139	139	207	1.5	0	0	3/8	2	1	3/8	1/4	3/2		1	67	G4	4	867
139	139	207	1.5	0	0	3/8	2	1	3/8	1/4	3/2		5	71	B4	4	867
139	139	207	0.5	0	0	3/8	1	1	1/8	1/8	1		5	83	B5	5	864
139	139	415/2	0.5	1/8	1/8	3/8	1	1	1/8	1/8	1		1	79	G5	5	865
139	139	208	0.5	1/4	1/4	3/8	1	1	1/8	1/8	1		4	76	E5	5	866
140	140	417/2	0.5	0	0	3/8	2	1	1/8	1/8	1		4	64	E4	4	873
140	140	417/2	0.5	0	0	3/8	2	1	1/8	1/8	1		1	67	G4	4	873
140	140	417/2	0.75	0	0	3/8	1	1	3/16	1/8	3/2		7	73	C#5	5	868
140	140	209	0.5	1/8	1/8	3/8	2	1	1/8	1/8	1		6	66	F#4	4	874
140	140	209	0.5	1/8	1/8	3/8	2	1	1/8	1/8	1		3	69	A4	4	874
140	140	837/4	0.125	3/16	3/16	3/8	1	1	1/32	1/32	1		2	74	D5	5	869
140	140	1675/8	0.125	7/32	7/32	3/8	1	1	1/32	1/32	1		4	76	E5	5	870
140	140	419/2	0.5	1/4	1/4	3/8	2	1	1/8	1/8	1		1	67	G4	4	875
140	140	419/2	0.5	1/4	1/4	3/8	2	1	1/8	1/8	1		5	71	B4	4	875
140	140	419/2	0.25	1/4	1/4	3/8	1	1	1/16	1/16	1		6	78	F#5	5	871
140	140	839/4	0.25	5/16	5/16	3/8	1	1	1/16	1/16	1		1	79	G5	5	872
141	141	210	1.5	0	0	3/8	2	1	3/8	1/4	3/2		6	66	F#4	4	879
141	141	210	1.5	0	0	3/8	2	1	3/8	1/4	3/2		3	69	A4	4	879
141	141	210	0.5	0	0	3/8	1	1	1/8	1/8	1		3	81	A5	5	876
141	141	421/2	0.5	1/8	1/8	3/8	1	1	1/8	1/8	1		6	78	F#5	5	877
141	141	211	0.5	1/4	1/4	3/8	1	1	1/8	1/8	1		2	74	D5	5	878
142	142	423/2	0.5	0	0	3/8	2	1	1/8	1/8	1		2	62	D4	4	885
142	142	423/2	0.5	0	0	3/8	2	1	1/8	1/8	1		6	66	F#4	4	885
142	142	423/2	0.75	0	0	3/8	1	1	3/16	1/8	3/2		5	71	B4	4	880
142	142	212	0.5	1/8	1/8	3/8	2	1	1/8	1/8	1		4	64	E4	4	886
142	142	212	0.5	1/8	1/8	3/8	2	1	1/8	1/8	1		1	67	G4	4	886
142	142	849/4	0.125	3/16	3/16	3/8	1	1	1/32	1/32	1		7	73	C#5	5	881
142	142	1699/8	0.125	7/32	7/32	3/8	1	1	1/32	1/32	1		2	74	D5	5	882
142	142	425/2	0.5	1/4	1/4	3/8	2	1	1/8	1/8	1		6	66	F#4	4	887
142	142	425/2	0.5	1/4	1/4	3/8	2	1	1/8	1/8	1		3	69	A4	4	887
142	142	425/2	0.25	1/4	1/4	3/8	1	1	1/16	1/16	1		4	76	E5	5	883
142	142	851/4	0.25	5/16	5/16	3/8	1	1	1/16	1/16	1		6	78	F#5	5	884
143	143	213	1.5	0	0	3/8	2	1	3/8	1/4	3/2		4	64	E4	4	891
143	143	213	1.5	0	0	3/8	2	1	3/8	1/4	3/2		1	67	G4	4	891
143	143	213	0.5	0	0	3/8	1	1	1/8	1/8	1		1	79	G5	5	888
143	143	427/2	0.5	1/8	1/8	3/8	1	1	1/8	1/8	1		4	76	E5	5	889
143	143	214	0.5	1/4	1/4	3/8	1	1	1/8	1/8	1		7	73	C#5	5	890
144	144	429/2	0.5	0	0	3/8	2	1	1/8	1/8	1		7	61	C#4	4	897
144	144	429/2	0.5	0	0	3/8	2	1	1/8	1/8	1		4	64	E4	4	897
144	144	429/2	0.75	0	0	3/8	1	1	3/16	1/8	3/2		3	69	A4	4	892
144	144	215	0.5	1/8	1/8	3/8	2	1	1/8	1/8	1		2	62	D4	4	898
144	144	215	0.5	1/8	1/8	3/8	2	1	1/8	1/8	1		6	66	F#4	4	898
144	144	861/4	0.125	3/16	3/16	3/8	1	1	1/32	1/32	1		5	71	B4	4	893
144	144	1723/8	0.125	7/32	7/32	3/8	1	1	1/32	1/32	1		7	73	C#5	5	894
144	144	431/2	0.5	1/4	1/4	3/8	2	1	1/8	1/8	1		4	64	E4	4	899
144	144	431/2	0.5	1/4	1/4	3/8	2	1	1/8	1/8	1		1	67	G4	4	899
144	144	431/2	0.25	1/4	1/4	3/8	1	1	1/16	1/16	1		2	74	D5	5	895
144	144	863/4	0.25	5/16	5/16	3/8	1	1	1/16	1/16	1		4	76	E5	5	896
145	145	216	0.5	0	0	3/8	2	1	1/8	1/8	1		2	50	D3	3	905
145	145	216	0.5	0	0	3/8	1	1	1/8	1/8	1		6	78	F#5	5	900
145	145	433/2	0.5	1/8	1/8	3/8	2	1	1/8	1/8	1		2	62	D4	4	906
145	145	433/2	0.25	1/8	1/8	3/8	1	1	1/16	1/16	1		6	66	F#4	4	901
145	145	867/4	0.25	3/16	3/16	3/8	1	1	1/16	1/16	1		6	66	F#4	4	902
145	145	217	0.5	1/4	1/4	3/8	2	1	1/8	1/8	1		7	61	C#4	4	907
145	145	217	0.25	1/4	1/4	3/8	1	1	1/16	1/16	1		6	66	F#4	4	903
145	145	869/4	0.25	5/16	5/16	3/8	1	1	1/16	1/16	1		6	66	F#4	4	904
146	146	435/2	0.5	0	0	3/8	2	1	1/8	1/8	1		5	59	B3	3	914
146	146	435/2	0.25	0	0	3/8	1	1	1/16	1/16	1		6	66	F#4	4	908
146	146	871/4	0.25	1/16	1/16	3/8	1	1	1/16	1/16	1		6	66	F#4	4	909
146	146	218	0.5	1/8	1/8	3/8	2	1	1/8	1/8	1		2	62	D4	4	915
146	146	218	0.25	1/8	1/8	3/8	1	1	1/16	1/16	1		6	66	F#4	4	910
146	146	873/4	0.25	3/16	3/16	3/8	1	1	1/16	1/16	1		6	66	F#4	4	911
146	146	437/2	0.5	1/4	1/4	3/8	2	1	1/8	1/8	1		3	57	A3	3	916
146	146	437/2	0.25	1/4	1/4	3/8	1	1	1/16	1/16	1		6	66	F#4	4	912
146	146	875/4	0.25	5/16	5/16	3/8	1	1	1/16	1/16	1		6	66	F#4	4	913
147	147	219	0.5	0	0	3/8	2	1	1/8	1/8	1		1	55	G3	3	923
147	147	219	0.25	0	0	3/8	1	1	1/16	1/16	1		5	71	B4	4	917
147	147	877/4	0.25	1/16	1/16	3/8	1	1	1/16	1/16	1		5	71	B4	4	918
147	147	439/2	0.5	1/8	1/8	3/8	2	1	1/8	1/8	1		2	62	D4	4	924
147	147	439/2	0.25	1/8	1/8	3/8	1	1	1/16	1/16	1		5	71	B4	4	919
147	147	879/4	0.25	3/16	3/16	3/8	1	1	1/16	1/16	1		5	71	B4	4	920
147	147	220	0.5	1/4	1/4	3/8	2	1	1/8	1/8	1		6	54	F#3	3	925
147	147	220	0.25	1/4	1/4	3/8	1	1	1/16	1/16	1		5	71	B4	4	921
147	147	881/4	0.25	5/16	5/16	3/8	1	1	1/16	1/16	1		5	71	B4	4	922
148	148	441/2	0.5	0	0	3/8	2	1	1/8	1/8	1		4	52	E3	3	932
148	148	441/2	0.25	0	0	3/8	1	1	1/16	1/16	1		5	71	B4	4	926
148	148	883/4	0.25	1/16	1/16	3/8	1	1	1/16	1/16	1		5	71	B4	4	927
148	148	221	0.5	1/8	1/8	3/8	2	1	1/8	1/8	1		4	64	E4	4	933
148	148	221	0.25	1/8	1/8	3/8	1	1	1/16	1/16	1		5	71	B4	4	928
148	148	885/4	0.25	3/16	3/16	3/8	1	1	1/16	1/16	1		5	71	B4	4	929
148	148	443/2	0.5	1/4	1/4	3/8	2	1	1/8	1/8	1		2	50	D3	3	934
148	148	443/2	0.25	1/4	1/4	3/8	1	1	1/16	1/16	1		5	71	B4	4	930
148	148	887/4	0.25	5/16	5/16	3/8	1	1	1/16	1/16	1		5	71	B4	4	931
149	149	222	0.5	0	0	3/8	2	1	1/8	1/8	1		7	49	C#3	3	941
149	149	222	0.25	0	0	3/8	1	1	1/16	1/16	1		4	76	E5	5	935
149	149	889/4	0.25	1/16	1/16	3/8	1	1	1/16	1/16	1		4	76	E5	5	936
149	149	445/2	0.5	1/8	1/8	3/8	2	1	1/8	1/8	1		7	61	C#4	4	942
149	149	445/2	0.25	1/8	1/8	3/8	1	1	1/16	1/16	1		4	76	E5	5	937
149	149	891/4	0.25	3/16	3/16	3/8	1	1	1/16	1/16	1		4	76	E5	5	938
149	149	223	0.5	1/4	1/4	3/8	2	1	1/8	1/8	1		5	59	B3	3	943
149	149	223	0.25	1/4	1/4	3/8	1	1	1/16	1/16	1		4	76	E5	5	939
149	149	893/4	0.25	5/16	5/16	3/8	1	1	1/16	1/16	1		4	76	E5	5	940
150	150	447/2	0.5	0	0	3/8	2	1	1/8	1/8	1		3	57	A3	3	950
150	150	447/2	0.25	0	0	3/8	1	1	1/16	1/16	1		4	76	E5	5	944
150	150	895/4	0.25	1/16	1/16	3/8	1	1	1/16	1/16	1		4	76	E5	5	945
150	150	224	0.5	1/8	1/8	3/8	2	1	1/8	1/8	1		4	64	E4	4	951
150	150	224	0.25	1/8	1/8	3/8	1	1	1/16	1/16	1		4	76	E5	5	946
150	150	897/4	0.25	3/16	3/16	3/8	1	1	1/16	1/16	1		4	76	E5	5	947
150	150	449/2	0.5	1/4	1/4	3/8	2	1	1/8	1/8	1		1	55	G3	3	952
150	150	449/2	0.25	1/4	1/4	3/8	1	1	1/16	1/16	1		4	76	E5	5	948
150	150	899/4	0.25	5/16	5/16	3/8	1	1	1/16	1/16	1		4	76	E5	5	949
151	151	225	0.5	0	0	3/8	2	1	1/8	1/8	1		6	54	F#3	3	959
151	151	225	0.25	0	0	3/8	1	1	1/16	1/16	1		3	81	A5	5	953
151	151	901/4	0.25	1/16	1/16	3/8	1	1	1/16	1/16	1		3	81	A5	5	954
151	151	451/2	0.5	1/8	1/8	3/8	2	1	1/8	1/8	1		6	54	F#3	3	960
151	151	451/2	0.5	1/8	1/8	3/8	2	1	1/8	1/8	1		6	66	F#4	4	960
151	151	451/2	0.25	1/8	1/8	3/8	1	1	1/16	1/16	1		3	81	A5	5	955
151	151	903/4	0.25	3/16	3/16	3/8	1	1	1/16	1/16	1		3	81	A5	5	956
151	151	226	0.5	1/4	1/4	3/8	2	1	1/8	1/8	1		4	52	E3	3	961
151	151	226	0.5	1/4	1/4	3/8	2	1	1/8	1/8	1		4	64	E4	4	961
151	151	226	0.25	1/4	1/4	3/8	1	1	1/16	1/16	1		3	81	A5	5	957
151	151	905/4	0.25	5/16	5/16	3/8	1	1	1/16	1/16	1		3	81	A5	5	958
152	152	453/2	0.5	0	0	3/8	2	1	1/8	1/8	1		2	50	D3	3	968
152	152	453/2	0.25	0	0	3/8	1	1	1/16	1/16	1		3	81	A5	5	962
152	152	907/4	0.25	1/16	1/16	3/8	1	1	1/16	1/16	1		3	81	A5	5	963
152	152	227	0.5	1/8	1/8	3/8	2	1	1/8	1/8	1		2	50	D3	3	969
152	152	227	0.5	1/8	1/8	3/8	2	1	1/8	1/8	1		2	62	D4	4	969
152	152	227	0.25	1/8	1/8	3/8	1	1	1/16	1/16	1		3	81	A5	5	964
152	152	909/4	0.25	3/16	3/16	3/8	1	1	1/16	1/16	1		3	81	A5	5	965
152	152	455/2	0.5	1/4	1/4	3/8	2	1	1/8	1/8	1		7	49	C#3	3	970
152	152	455/2	0.5	1/4	1/4	3/8	2	1	1/8	1/8	1		7	61	C#4	4	970
152	152	455/2	0.25	1/4	1/4	3/8	1	1	1/16	1/16	1		3	81	A5	5	966
152	152	911/4	0.25	5/16	5/16	3/8	1	1	1/16	1/16	1		3	81	A5	5	967
153	153	228	0.5	0	0	3/8	2	1	1/8	1/8	1		5	47	B2	2	977
153	153	228	0.5	0	0	3/8	2	1	1/8	1/8	1		5	59	B3	3	977
153	153	228	0.25	0	0	3/8	1	1	1/16	1/16	1		2	86	D6	6	971
153	153	913/4	0.25	1/16	1/16	3/8	1	1	1/16	1/16	1		7	85	C#6	6	972
153	153	457/2	0.5	1/8	1/8	3/8	2	1	1/8	1/8	1		1	43	G2	2	978
153	153	457/2	0.5	1/8	1/8	3/8	2	1	1/8	1/8	1		1	55	G3	3	978
153	153	457/2	0.25	1/8	1/8	3/8	1	1	1/16	1/16	1		5	83	B5	5	973
153	153	915/4	0.25	3/16	3/16	3/8	1	1	1/16	1/16	1		3	81	A5	5	974
153	153	229	0.5	1/4	1/4	3/8	2	1	1/8	1/8	1		5	47	B2	2	979
153	153	229	0.5	1/4	1/4	3/8	2	1	1/8	1/8	1		5	59	B3	3	979
153	153	229	0.25	1/4	1/4	3/8	1	1	1/16	1/16	1		1	79	G5	5	975
153	153	917/4	0.25	5/16	5/16	3/8	1	1	1/16	1/16	1		6	78	F#5	5	976
154	154	459/2	0.5	0	0	3/8	2	1	1/8	1/8	1		7	49	C#3	3	986
154	154	459/2	0.5	0	0	3/8	2	1	1/8	1/8	1		7	61	C#4	4	986
154	154	459/2	0.25	0	0	3/8	1	1	1/16	1/16	1		4	76	E5	5	980
154	154	919/4	0.25	1/16	1/16	3/8	1	1	1/16	1/16	1		2	74	D5	5	981
154	154	230	0.5	1/8	1/8	3/8	2	1	1/8	1/8	1		3	45	A2	2	987
154	154	230	0.5	1/8	1/8	3/8	2	1	1/8	1/8	1		3	57	A3	3	987
154	154	230	0.25	1/8	1/8	3/8	1	1	1/16	1/16	1		7	73	C#5	5	982
154	154	921/4	0.25	3/16	3/16	3/8	1	1	1/16	1/16	1		5	71	B4	4	983
154	154	461/2	0.5	1/4	1/4	3/8	2	1	1/8	1/8	1		7	49	C#3	3	988
154	154	461/2	0.5	1/4	1/4	3/8	2	1	1/8	1/8	1		7	61	C#4	4	988
154	154	461/2	0.25	1/4	1/4	3/8	1	1	1/16	1/16	1		3	69	A4	4	984
154	154	923/4	0.25	5/16	5/16	3/8	1	1	1/16	1/16	1		1	67	G4	4	985
155	155	231	1.0	0	0	3/8	2	1	1/4	1/4	1		2	50	D3	3	995
155	155	231	1.0	0	0	3/8	2	1	1/4	1/4	1		2	62	D4	4	995
155	155	231	0.25	0	0	3/8	1	1	1/16	1/16	1		6	66	F#4	4	989
155	155	925/4	0.25	1/16	1/16	3/8	1	1	1/16	1/16	1		1	67	G4	4	990
155	155	463/2	0.25	1/8	1/8	3/8	1	1	1/16	1/16	1		3	69	A4	4	991
155	155	927/4	0.25	3/16	3/16	3/8	1	1	1/16	1/16	1		6	66	F#4	4	992
155	155	232	0.5	1/4	1/4	3/8	2	1	1/8	1/8	1		6	54	F#3	3	996
155	155	232	0.25	1/4	1/4	3/8	1	1	1/16	1/16	1		4	64	E4	4	993
155	155	929/4	0.25	5/16	5/16	3/8	1	1	1/16	1/16	1		2	62	D4	4	994
156	156	465/2	0.5	0	0	3/8	2	1	1/8	1/8	1		1	55	G3	3	1003
156	156	465/2	0.25	0	0	3/8	1	1	1/16	1/16	1		4	64	E4	4	997
156	156	931/4	0.25	1/16	1/16	3/8	1	1	1/16	1/16	1		1	67	G4	4	998
156	156	233	0.5	1/8	1/8	3/8	2	1	1/8	1/8	1		3	57	A3	3	1004
156	156	233	0.25	1/8	1/8	3/8	1	1	1/16	1/16	1		6	66	F#4	4	999
156	156	933/4	0.25	3/16	3/16	3/8	1	1	1/16	1/16	1		4	64	E4	4	1000
156	156	467/2	0.5	1/4	1/4	3/8	2	1	1/8	1/8	1		3	45	A2	2	1005
156	156	467/2	0.25	1/4	1/4	3/8	1	1	1/16	1/16	1		2	62	D4	4	1001
156	156	935/4	0.25	5/16	5/16	3/8	1	1	1/16	1/16	1		7	61	C#4	4	1002
157	157	234	0.5	0	0	3/8	2	1	1/8	1/8	1		2	50	D3	3	1008
157	157	234	1.0	0	0	3/8	1	1	1/4	1/4	1		2	62	D4	4	1006
157	157	469/2	0.5	1/8	1/8	3/8	2	1	1/8	1/8	1		2	62	D4	4	1009
157	157	235	0.5	1/4	1/4	3/8	2	1	1/8	1/8	1		2	50	D3	3	1010
157	157	235	0.5	1/4	1/4	3/8	1	1	1/8	1/8	1		2	74	D5	5	1007
157	157	235	0.5	1/4	1/4	3/8	1	1	1/8	1/8	1		6	78	F#5	5	1007
158	158	471/2	0.5	0	0	3/8	2	1	1/8	1/8	1		3	45	A2	2	1014
158	158	471/2	0.5	0	0	3/8	1	1	1/8	1/8	1		3	69	A4	4	1011
158	158	471/2	0.5	0	0	3/8	1	1	1/8	1/8	1		4	76	E5	5	1011
158	158	236	0.5	1/8	1/8	3/8	2	1	1/8	1/8	1		3	57	A3	3	1015
158	158	236	0.5	1/8	1/8	3/8	1	1	1/8	1/8	1		3	69	A4	4	1012
158	158	236	0.5	1/8	1/8	3/8	1	1	1/8	1/8	1		4	76	E5	5	1012
158	158	473/2	0.5	1/4	1/4	3/8	2	1	1/8	1/8	1		2	50	D3	3	1016
158	158	473/2	0.5	1/4	1/4	3/8	1	1	1/8	1/8	1		6	66	F#4	4	1013
158	158	473/2	0.5	1/4	1/4	3/8	1	1	1/8	1/8	1		2	74	D5	5	1013
159	159	237	0.5	0	0	3/8	2	1	1/8	1/8	1		3	45	A2	2	1020
159	159	237	0.5	0	0	3/8	1	1	1/8	1/8	1		3	69	A4	4	1017
159	159	237	0.5	0	0	3/8	1	1	1/8	1/8	1		4	76	E5	5	1017
159	159	475/2	0.5	1/8	1/8	3/8	2	1	1/8	1/8	1		3	57	A3	3	1021
159	159	475/2	0.5	1/8	1/8	3/8	1	1	1/8	1/8	1		2	74	D5	5	1018
159	159	475/2	0.5	1/8	1/8	3/8	1	1	1/8	1/8	1		6	78	F#5	5	1018
159	159	238	0.5	1/4	1/4	3/8	2	1	1/8	1/8	1		3	45	A2	2	1022
159	159	238	0.5	1/4	1/4	3/8	1	1	1/8	1/8	1		4	76	E5	5	1019
159	159	238	0.5	1/4	1/4	3/8	1	1	1/8	1/8	1		1	79	G5	5	1019
160	160	477/2	0.5	0	0	3/8	2	1	1/8	1/8	1		2	50	D3	3	1026
160	160	477/2	0.5	0	0	3/8	1	1	1/8	1/8	1		2	74	D5	5	1023
160	160	477/2	0.5	0	0	3/8	1	1	1/8	1/8	1		6	78	F#5	5	1023
160	160	239	0.5	1/8	1/8	3/8	2	1	1/8	1/8	1		2	62	D4	4	1027
160	160	239	0.5	1/8	1/8	3/8	1	1	1/8	1/8	1		2	74	D5	5	1024
160	160	239	0.5	1/8	1/8	3/8	1	1	1/8	1/8	1		6	78	F#5	5	1024
160	160	479/2	0.5	1/4	1/4	3/8	2	1	1/8	1/8	1		3	57	A3	3	1028
160	160	479/2	0.5	1/4	1/4	3/8	1	1	1/8	1/8	1		3	69	A4	4	1025
160	160	479/2	0.5	1/4	1/4	3/8	1	1	1/8	1/8	1		4	76	E5	5	1025
161	161	240	0.5	0	0	3/8	2	1	1/8	1/8	1		2	50	D3	3	1032
161	161	240	0.5	0	0	3/8	1	1	1/8	1/8	1		6	66	F#4	4	1029
161	161	240	0.5	0	0	3/8	1	1	1/8	1/8	1		2	74	D5	5	1029
161	161	481/2	0.5	1/8	1/8	3/8	2	1	1/8	1/8	1		3	57	A3	3	1033
161	161	481/2	0.5	1/8	1/8	3/8	1	1	1/8	1/8	1		3	69	A4	4	1030
161	161	481/2	0.5	1/8	1/8	3/8	1	1	1/8	1/8	1		4	76	E5	5	1030
161	161	241	0.5	1/4	1/4	3/8	2	1	1/8	1/8	1		2	50	D3	3	1034
161	161	241	0.5	1/4	1/4	3/8	1	1	1/8	1/8	1		2	74	D5	5	1031
161	161	241	0.5	1/4	1/4	3/8	1	1	1/8	1/8	1		6	78	F#5	5	1031
162	162	483/2	0.5	0	0	3/8	2	1	1/8	1/8	1		3	45	A2	2	1038
162	162	483/2	0.5	0	0	3/8	1	1	1/8	1/8	1		3	69	A4	4	1035
162	162	483/2	0.5	0	0	3/8	1	1	1/8	1/8	1		4	76	E5	5	1035
162	162	242	0.5	1/8	1/8	3/8	2	1	1/8	1/8	1		3	57	A3	3	1039
162	162	242	0.5	1/8	1/8	3/8	1	1	1/8	1/8	1		3	69	A4	4	1036
162	162	242	0.5	1/8	1/8	3/8	1	1	1/8	1/8	1		4	76	E5	5	1036
162	162	485/2	0.5	1/4	1/4	3/8	2	1	1/8	1/8	1		2	50	D3	3	1040
162	162	485/2	0.5	1/4	1/4	3/8	1	1	1/8	1/8	1		6	66	F#4	4	1037
162	162	485/2	0.5	1/4	1/4	3/8	1	1	1/8	1/8	1		2	74	D5	5	1037
163	163	243	0.5	0	0	3/8	2	1	1/8	1/8	1		3	45	A2	2	1044
163	163	243	0.5	0	0	3/8	1	1	1/8	1/8	1		3	69	A4	4	1041
163	163	243	0.5	0	0	3/8	1	1	1/8	1/8	1		4	76	E5	5	1041
163	163	487/2	0.5	1/8	1/8	3/8	2	1	1/8	1/8	1		3	57	A3	3	1045
163	163	487/2	0.5	1/8	1/8	3/8	1	1	1/8	1/8	1		2	74	D5	5	1042
163	163	487/2	0.5	1/8	1/8	3/8	1	1	1/8	1/8	1		6	78	F#5	5	1042
163	163	244	0.5	1/4	1/4	3/8	2	1	1/8	1/8	1		3	45	A2	2	1046
163	163	244	0.5	1/4	1/4	3/8	1	1	1/8	1/8	1		4	76	E5	5	1043
163	163	244	0.5	1/4	1/4	3/8	1	1	1/8	1/8	1		1	79	G5	5	1043
164	164	489/2	0.5	0	0	3/8	2	1	1/8	1/8	1		2	38	D2	2	1050
164	164	489/2	0.5	0	0	3/8	1	1	1/8	1/8	1		2	74	D5	5	1047
164	164	489/2	0.5	0	0	3/8	1	1	1/8	1/8	1		6	78	F#5	5	1047
164	164	245	0.5	1/8	1/8	3/8	2	1	1/8	1/8	1		2	50	D3	3	1051
164	164	245	0.5	1/8	1/8	3/8	1	1	1/8	1/8	1		2	74	D5	5	1048
164	164	245	0.5	1/8	1/8	3/8	1	1	1/8	1/8	1		6	78	F#5	5	1048
164	164	491/2	0.5	1/4	1/4	3/8	2	1	1/8	1/8	1		3	45	A2	2	1052
164	164	491/2	0.5	1/4	1/4	3/8	1	1	1/8	1/8	1		3	69	A4	4	1049
164	164	491/2	0.5	1/4	1/4	3/8	1	1	1/8	1/8	1		4	76	E5	5	1049
165	165	246	1.0	0	0	3/8	2	1	1/4	1/4	1		2	38	D2	2	1060
165	165	246	0.25	0	0	3/8	1	2	1/16	1/16	1		2	74	D5	5	1054
165	165	985/4	0.25	1/16	1/16	3/8	1	2	1/16	1/16	1		3	69	A4	4	1055
165	165	493/2	0.25	1/8	1/8	3/8	1	2	1/16	1/16	1		6	66	F#4	4	1056
165	165	987/4	0.25	3/16	3/16	3/8	1	2	1/16	1/16	1		2	62	D4	4	1057
165	165	247	0.25	1/4	1/4	3/8	1	2	1/16	1/16	1		6	66	F#4	4	1058
165	165	247	0.5	1/4	1/4	3/8	1	1	1/8	1/8	1		3	81	A5	5	1053
165	165	989/4	0.25	5/16	5/16	3/8	1	2	1/16	1/16	1		2	74	D5	5	1059
166	166	495/2	1.0	0	0	3/8	2	1	1/4	1/4	1		3	45	A2	2	1068
166	166	495/2	0.25	0	0	3/8	1	2	1/16	1/16	1		4	76	E5	5	1062
166	166	991/4	0.25	1/16	1/16	3/8	1	2	1/16	1/16	1		7	73	C#5	5	1063
166	166	248	0.25	1/8	1/8	3/8	1	2	1/16	1/16	1		3	69	A4	4	1064
166	166	993/4	0.25	3/16	3/16	3/8	1	2	1/16	1/16	1		4	64	E4	4	1065
166	166	497/2	0.25	1/4	1/4	3/8	1	2	1/16	1/16	1		1	67	G4	4	1066
166	166	497/2	0.5	1/4	1/4	3/8	1	1	1/8	1/8	1		3	81	A5	5	1061
166	166	995/4	0.25	5/16	5/16	3/8	1	2	1/16	1/16	1		7	73	C#5	5	1067
167	167	249	1.0	0	0	3/8	2	1	1/4	1/4	1		2	38	D2	2	1076
167	167	249	0.25	0	0	3/8	1	2	1/16	1/16	1		2	74	D5	5	1070
167	167	997/4	0.25	1/16	1/16	3/8	1	2	1/16	1/16	1		3	69	A4	4	1071
167	167	499/2	0.25	1/8	1/8	3/8	1	2	1/16	1/16	1		6	66	F#4	4	1072
167	167	999/4	0.25	3/16	3/16	3/8	1	2	1/16	1/16	1		2	62	D4	4	1073
167	167	250	0.25	1/4	1/4	3/8	1	2	1/16	1/16	1		6	66	F#4	4	1074
167	167	250	0.5	1/4	1/4	3/8	1	1	1/8	1/8	1		3	81	A5	5	1069
167	167	1001/4	0.25	5/16	5/16	3/8	1	2	1/16	1/16	1		2	74	D5	5	1075
168	168	501/2	1.0	0	0	3/8	2	1	1/4	1/4	1		3	45	A2	2	1084
168	168	501/2	0.25	0	0	3/8	1	2	1/16	1/16	1		4	76	E5	5	1078
168	168	1003/4	0.25	1/16	1/16	3/8	1	2	1/16	1/16	1		7	73	C#5	5	1079
168	168	251	0.25	1/8	1/8	3/8	1	2	1/16	1/16	1		3	69	A4	4	1080
168	168	1005/4	0.25	3/16	3/16	3/8	1	2	1/16	1/16	1		4	64	E4	4	1081
168	168	503/2	0.25	1/4	1/4	3/8	1	2	1/16	1/16	1		1	67	G4	4	1082
168	168	503/2	0.5	1/4	1/4	3/8	1	1	1/8	1/8	1		3	81	A5	5	1077
168	168	1007/4	0.25	5/16	5/16	3/8	1	2	1/16	1/16	1		7	73	C#5	5	1083
169	169	252	1.0	0	0	3/8	2	1	1/4	1/4	1		2	38	D2	2	1092
169	169	252	0.25	0	0	3/8	1	2	1/16	1/16	1		2	74	D5	5	1086
169	169	1009/4	0.25	1/16	1/16	3/8	1	2	1/16	1/16	1		3	69	A4	4	1087
169	169	505/2	0.25	1/8	1/8	3/8	1	2	1/16	1/16	1		6	66	F#4	4	1088
169	169	1011/4	0.25	3/16	3/16	3/8	1	2	1/16	1/16	1		2	62	D4	4	1089
169	169	253	0.25	1/4	1/4	3/8	1	2	1/16	1/16	1		6	66	F#4	4	1090
169	169	253	0.5	1/4	1/4	3/8	1	1	1/8	1/8	1		3	81	A5	5	1085
169	169	1013/4	0.25	5/16	5/16	3/8	1	2	1/16	1/16	1		2	74	D5	5	1091
170	170	507/2	1.0	0	0	3/8	2	1	1/4	1/4	1		3	45	A2	2	1100
170	170	507/2	0.25	0	0	3/8	1	2	1/16	1/16	1		4	76	E5	5	1094
170	170	1015/4	0.25	1/16	1/16	3/8	1	2	1/16	1/16	1		7	73	C#5	5	1095
170	170	254	0.25	1/8	1/8	3/8	1	2	1/16	1/16	1		3	69	A4	4	1096
170	170	1017/4	0.25	3/16	3/16	3/8	1	2	1/16	1/16	1		4	64	E4	4	1097
170	170	509/2	0.25	1/4	1/4	3/8	1	2	1/16	1/16	1		1	67	G4	4	1098
170	170	509/2	0.5	1/4	1/4	3/8	1	1	1/8	1/8	1		3	81	A5	5	1093
170	170	1019/4	0.25	5/16	5/16	3/8	1	2	1/16	1/16	1		7	73	C#5	5	1099
171	171	255	0.5	0	0	3/8	2	1	1/8	1/8	1		2	50	D3	3	1107
171	171	255	0.25	0	0	3/8	1	1	1/16	1/16	1		2	74	D5	5	1101
171	171	1021/4	0.25	1/16	1/16	3/8	1	1	1/16	1/16	1		2	74	D5	5	1102
171	171	511/2	0.5	1/8	1/8	3/8	2	1	1/8	1/8	1		4	52	E3	3	1108
171	171	511/2	0.25	1/8	1/8	3/8	1	1	1/16	1/16	1		7	73	C#5	5	1103
171	171	1023/4	0.25	3/16	3/16	3/8	1	1	1/16	1/16	1		5	71	B4	4	1104
171	171	256	0.5	1/4	1/4	3/8	2	1	1/8	1/8	1		6	54	F#3	3	1109
171	171	256	0.25	1/4	1/4	3/8	1	1	1/16	1/16	1		3	69	A4	4	1105
171	171	1025/4	0.25	5/16	5/16	3/8	1	1	1/16	1/16	1		5	71	B4	4	1106
172	172	513/2	0.5	0	0	3/8	2	1	1/8	1/8	1		1	55	G3	3	1116
172	172	513/2	0.25	0	0	3/8	1	1	1/16	1/16	1		3	69	A4	4	1110
172	172	1027/4	0.25	1/16	1/16	3/8	1	1	1/16	1/16	1		1	67	G4	4	1111
172	172	257	0.5	1/8	1/8	3/8	2	1	1/8	1/8	1		3	57	A3	3	1117
172	172	257	0.25	1/8	1/8	3/8	1	1	1/16	1/16	1		6	66	F#4	4	1112
172	172	1029/4	0.25	3/16	3/16	3/8	1	1	1/16	1/16	1		4	64	E4	4	1113
172	172	515/2	0.5	1/4	1/4	3/8	2	1	1/8	1/8	1		3	45	A2	2	1118
172	172	515/2	0.25	1/4	1/4	3/8	1	1	1/16	1/16	1		2	62	D4	4	1114
172	172	1031/4	0.25	5/16	5/16	3/8	1	1	1/16	1/16	1		7	61	C#4	4	1115
173	173	258	1.0	0	0	3/8	2	1	1/4	1/4	1		2	38	D2	2	1126
173	173	258	0.25	0	0	3/8	1	2	1/16	1/16	1		2	74	D5	5	1120
173	173	1033/4	0.25	1/16	1/16	3/8	1	2	1/16	1/16	1		3	69	A4	4	1121
173	173	517/2	0.25	1/8	1/8	3/8	1	2	1/16	1/16	1		6	66	F#4	4	1122
173	173	1035/4	0.25	3/16	3/16	3/8	1	2	1/16	1/16	1		2	62	D4	4	1123
173	173	259	0.25	1/4	1/4	3/8	1	2	1/16	1/16	1		6	66	F#4	4	1124
173	173	259	0.5	1/4	1/4	3/8	1	1	1/8	1/8	1		3	81	A5	5	1119
173	173	1037/4	0.25	5/16	5/16	3/8	1	2	1/16	1/16	1		2	74	D5	5	1125
174	174	519/2	1.0	0	0	3/8	2	1	1/4	1/4	1		3	45	A2	2	1134
174	174	519/2	0.25	0	0	3/8	1	2	1/16	1/16	1		4	76	E5	5	1128
174	174	1039/4	0.25	1/16	1/16	3/8	1	2	1/16	1/16	1		7	73	C#5	5	1129
174	174	260	0.25	1/8	1/8	3/8	1	2	1/16	1/16	1		3	69	A4	4	1130
174	174	1041/4	0.25	3/16	3/16	3/8	1	2	1/16	1/16	1		4	64	E4	4	1131
174	174	521/2	0.25	1/4	1/4	3/8	1	2	1/16	1/16	1		1	67	G4	4	1132
174	174	521/2	0.5	1/4	1/4	3/8	1	1	1/8	1/8	1		3	81	A5	5	1127
174	174	1043/4	0.25	5/16	5/16	3/8	1	2	1/16	1/16	1		7	73	C#5	5	1133
175	175	261	1.0	0	0	3/8	2	1	1/4	1/4	1		2	38	D2	2	1142
175	175	261	0.25	0	0	3/8	1	2	1/16	1/16	1		2	74	D5	5	1136
175	175	1045/4	0.25	1/16	1/16	3/8	1	2	1/16	1/16	1		3	69	A4	4	1137
175	175	523/2	0.25	1/8	1/8	3/8	1	2	1/16	1/16	1		6	66	F#4	4	1138
175	175	1047/4	0.25	3/16	3/16	3/8	1	2	1/16	1/16	1		2	62	D4	4	1139
175	175	262	0.25	1/4	1/4	3/8	1	2	1/16	1/16	1		6	66	F#4	4	1140
175	175	262	0.5	1/4	1/4	3/8	1	1	1/8	1/8	1		3	81	A5	5	1135
175	175	1049/4	0.25	5/16	5/16	3/8	1	2	1/16	1/16	1		2	74	D5	5	1141
176	176	525/2	1.0	0	0	3/8	2	1	1/4	1/4	1		3	45	A2	2	1150
176	176	525/2	0.25	0	0	3/8	1	2	1/16	1/16	1		4	76	E5	5	1144
176	176	1051/4	0.25	1/16	1/16	3/8	1	2	1/16	1/16	1		7	73	C#5	5	1145
176	176	263	0.25	1/8	1/8	3/8	1	2	1/16	1/16	1		3	69	A4	4	1146
176	176	1053/4	0.25	3/16	3/16	3/8	1	2	1/16	1/16	1		4	64	E4	4	1147
176	176	527/2	0.25	1/4	1/4	3/8	1	2	1/16	1/16	1		1	67	G4	4	1148
176	176	527/2	0.5	1/4	1/4	3/8	1	1	1/8	1/8	1		3	81	A5	5	1143
176	176	1055/4	0.25	5/16	5/16	3/8	1	2	1/16	1/16	1		7	73	C#5	5	1149
177	177	264	1.0	0	0	3/8	2	1	1/4	1/4	1		2	38	D2	2	1158
177	177	264	0.25	0	0	3/8	1	2	1/16	1/16	1		2	74	D5	5	1152
177	177	1057/4	0.25	1/16	1/16	3/8	1	2	1/16	1/16	1		3	69	A4	4	1153
177	177	529/2	0.25	1/8	1/8	3/8	1	2	1/16	1/16	1		6	66	F#4	4	1154
177	177	1059/4	0.25	3/16	3/16	3/8	1	2	1/16	1/16	1		2	62	D4	4	1155
177	177	265	0.25	1/4	1/4	3/8	1	2	1/16	1/16	1		6	66	F#4	4	1156
177	177	265	0.5	1/4	1/4	3/8	1	1	1/8	1/8	1		3	81	A5	5	1151
177	177	1061/4	0.25	5/16	5/16	3/8	1	2	1/16	1/16	1		2	74	D5	5	1157
178	178	531/2	1.0	0	0	3/8	2	1	1/4	1/4	1		3	45	A2	2	1166
178	178	531/2	0.25	0	0	3/8	1	2	1/16	1/16	1		4	76	E5	5	1160
178	178	1063/4	0.25	1/16	1/16	3/8	1	2	1/16	1/16	1		7	73	C#5	5	1161
178	178	266	0.25	1/8	1/8	3/8	1	2	1/16	1/16	1		3	69	A4	4	1162
178	178	1065/4	0.25	3/16	3/16	3/8	1	2	1/16	1/16	1		4	64	E4	4	1163
178	178	533/2	0.25	1/4	1/4	3/8	1	2	1/16	1/16	1		1	67	G4	4	1164
178	178	533/2	0.5	1/4	1/4	3/8	1	1	1/8	1/8	1		3	81	A5	5	1159
178	178	1067/4	0.25	5/16	5/16	3/8	1	2	1/16	1/16	1		7	73	C#5	5	1165
179	179	267	0.5	0	0	3/8	2	1	1/8	1/8	1		2	38	D2	2	1173
179	179	267	0.5	0	0	3/8	2	1	1/8	1/8	1		2	50	D3	3	1173
179	179	267	0.25	0	0	3/8	1	1	1/16	1/16	1		2	74	D5	5	1167
179	179	1069/4	0.25	1/16	1/16	3/8	1	1	1/16	1/16	1		2	74	D5	5	1168
179	179	535/2	0.5	1/8	1/8	3/8	2	1	1/8	1/8	1		4	52	E3	3	1174
179	179	535/2	0.25	1/8	1/8	3/8	1	1	1/16	1/16	1		7	73	C#5	5	1169
179	179	1071/4	0.25	3/16	3/16	3/8	1	1	1/16	1/16	1		5	71	B4	4	1170
179	179	268	0.5	1/4	1/4	3/8	2	1	1/8	1/8	1		6	54	F#3	3	1175
179	179	268	0.25	1/4	1/4	3/8	1	1	1/16	1/16	1		3	69	A4	4	1171
179	179	1073/4	0.25	5/16	5/16	3/8	1	1	1/16	1/16	1		5	71	B4	4	1172
180	180	537/2	0.5	0	0	3/8	2	1	1/8	1/8	1		1	55	G3	3	1182
180	180	537/2	0.25	0	0	3/8	1	1	1/16	1/16	1		3	69	A4	4	1176
180	180	1075/4	0.25	1/16	1/16	3/8	1	1	1/16	1/16	1		1	67	G4	4	1177
180	180	269	0.5	1/8	1/8	3/8	2	1	1/8	1/8	1		3	57	A3	3	1183
180	180	269	0.25	1/8	1/8	3/8	1	1	1/16	1/16	1		6	66	F#4	4	1178
180	180	1077/4	0.25	3/16	3/16	3/8	1	1	1/16	1/16	1		4	64	E4	4	1179
180	180	539/2	0.5	1/4	1/4	3/8	2	1	1/8	1/8	1		3	45	A2	2	1184
180	180	539/2	0.25	1/4	1/4	3/8	1	1	1/16	1/16	1		2	62	D4	4	1180
180	180	1079/4	0.25	5/16	5/16	3/8	1	1	1/16	1/16	1		7	61	C#4	4	1181
181	181	270	0.5	0	0	3/8	2	1	1/8	1/8	1		2	50	D3	3	1187
181	181	270	0.5	0	0	3/8	1	1	1/8	1/8	1		2	62	D4	4	1185
181	181	541/2	0.5	1/8	1/8	3/8	2	1	1/8	1/8	1		2	62	D4	4	1188
181	181	541/2	1.0	1/8	1/8	3/8	1	1	1/4	1/4	1	1	-1	65	F4	4	1186
181	181	541/2	1.0	1/8	1/8	3/8	1	1	1/4	1/4	1	1	-1	77	F5	5	1186
181	181	271	0.5	1/4	1/4	3/8	2	1	1/8	1/8	1		0	60	C4	4	1189
182	182	543/2	0.5	0	0	3/8	2	1	1/8	1/8	1		-2	58	Bb3	3	1192
182	182	543/2	0.5	0	0	3/8	1	1	1/8	1/8	1	-1	-1	65	F4	4	1190
182	182	543/2	0.5	0	0	3/8	1	1	1/8	1/8	1	-1	-1	77	F5	5	1190
182	182	272	0.5	1/8	1/8	3/8	2	1	1/8	1/8	1		2	62	D4	4	1193
182	182	272	1.0	1/8	1/8	3/8	1	1	1/4	1/4	1	1	-1	65	F4	4	1191
182	182	272	1.0	1/8	1/8	3/8	1	1	1/4	1/4	1	1	-1	77	F5	5	1191
182	182	545/2	0.5	1/4	1/4	3/8	2	1	1/8	1/8	1		3	57	A3	3	1194
183	183	273	1.0	0	0	3/8	2	1	1/4	1/4	1		1	55	G3	3	1198
183	183	273	0.5	0	0	3/8	1	1	1/8	1/8	1	-1	-1	65	F4	4	1195
183	183	273	0.5	0	0	3/8	1	1	1/8	1/8	1	-1	-1	77	F5	5	1195
183	183	547/2	0.5	1/8	1/8	3/8	1	1	1/8	1/8	1		1	67	G4	4	1196
183	183	547/2	0.5	1/8	1/8	3/8	1	1	1/8	1/8	1		1	79	G5	5	1196
183	183	274	0.5	1/4	1/4	3/8	2	1	1/8	1/8	1		1	43	G2	2	1199
183	183	274	0.5	1/4	1/4	3/8	1	1	1/8	1/8	1		4	64	E4	4	1197
183	183	274	0.5	1/4	1/4	3/8	1	1	1/8	1/8	1		4	76	E5	5	1197
184	184	549/2	1.0	0	0	3/8	2	1	1/4	1/4	1		3	45	A2	2	1203
184	184	549/2	0.5	0	0	3/8	1	1	1/8	1/8	1		2	62	D4	4	1200
184	184	549/2	0.5	0	0	3/8	1	1	1/8	1/8	1		2	74	D5	5	1200
184	184	275	0.5	1/8	1/8	3/8	1	1	1/8	1/8	1		2	62	D4	4	1201
184	184	275	0.5	1/8	1/8	3/8	1	1	1/8	1/8	1		2	74	D5	5	1201
184	184	551/2	0.5	1/4	1/4	3/8	2	1	1/8	1/8	1		3	57	A3	3	1204
184	184	551/2	0.5	1/4	1/4	3/8	1	1	1/8	1/8	1		7	61	C#4	4	1202
184	184	551/2	0.5	1/4	1/4	3/8	1	1	1/8	1/8	1		7	73	C#5	5	1202
185	185	276	0.5	0	0	3/8	2	1	1/8	1/8	1		2	50	D3	3	1207
185	185	276	0.5	0	0	3/8	1	1	1/8	1/8	1		2	62	D4	4	1205
185	185	276	0.5	0	0	3/8	1	1	1/8	1/8	1		2	74	D5	5	1205
185	185	553/2	0.5	1/8	1/8	3/8	2	1	1/8	1/8	1		2	62	D4	4	1208
185	185	553/2	1.0	1/8	1/8	3/8	1	1	1/4	1/4	1	1	6	66	F#4	4	1206
185	185	553/2	1.0	1/8	1/8	3/8	1	1	1/4	1/4	1	1	6	78	F#5	5	1206
185	185	277	0.5	1/4	1/4	3/8	2	1	1/8	1/8	1		7	61	C#4	4	1209
186	186	555/2	0.5	0	0	3/8	2	1	1/8	1/8	1		5	59	B3	3	1212
186	186	555/2	0.5	0	0	3/8	1	1	1/8	1/8	1	-1	6	66	F#4	4	1210
186	186	555/2	0.5	0	0	3/8	1	1	1/8	1/8	1	-1	6	78	F#5	5	1210
186	186	278	0.5	1/8	1/8	3/8	2	1	1/8	1/8	1		2	62	D4	4	1213
186	186	278	1.0	1/8	1/8	3/8	1	1	1/4	1/4	1	1	6	66	F#4	4	1211
186	186	278	1.0	1/8	1/8	3/8	1	1	1/4	1/4	1	1	6	78	F#5	5	1211
186	186	557/2	0.5	1/4	1/4	3/8	2	1	1/8	1/8	1		3	57	A3	3	1214
187	187	279	1.0	0	0	3/8	2	1	1/4	1/4	1		1	55	G3	3	1218
187	187	279	0.5	0	0	3/8	1	1	1/8	1/8	1	-1	6	66	F#4	4	1215
187	187	279	0.5	0	0	3/8	1	1	1/8	1/8	1	-1	6	78	F#5	5	1215
187	187	559/2	0.5	1/8	1/8	3/8	1	1	1/8	1/8	1		1	67	G4	4	1216
187	187	559/2	0.5	1/8	1/8	3/8	1	1	1/8	1/8	1		1	79	G5	5	1216
187	187	280	0.5	1/4	1/4	3/8	2	1	1/8	1/8	1		1	43	G2	2	1219
187	187	280	0.5	1/4	1/4	3/8	1	1	1/8	1/8	1		4	64	E4	4	1217
187	187	280	0.5	1/4	1/4	3/8	1	1	1/8	1/8	1		4	76	E5	5	1217
188	188	561/2	1.0	0	0	3/8	2	1	1/4	1/4	1		3	45	A2	2	1223
188	188	561/2	0.5	0	0	3/8	1	1	1/8	1/8	1		2	62	D4	4	1220
188	188	561/2	0.5	0	0	3/8	1	1	1/8	1/8	1		2	74	D5	5	1220
188	188	281	0.5	1/8	1/8	3/8	1	1	1/8	1/8	1		2	62	D4	4	1221
188	188	281	0.5	1/8	1/8	3/8	1	1	1/8	1/8	1		2	74	D5	5	1221
188	188	563/2	0.5	1/4	1/4	3/8	2	1	1/8	1/8	1		3	57	A3	3	1224
188	188	563/2	0.5	1/4	1/4	3/8	1	1	1/8	1/8	1		7	61	C#4	4	1222
188	188	563/2	0.5	1/4	1/4	3/8	1	1	1/8	1/8	1		7	73	C#5	5	1222
189	189	282	1.0	0	0	3/8	2	1	1/4	1/4	1		2	50	D3	3	1228
189	189	282	0.5	0	0	3/8	1	1	1/8	1/8	1		2	62	D4	4	1225
189	189	282	0.5	0	0	3/8	1	1	1/8	1/8	1		2	74	D5	5	1225
189	189	565/2	0.5	1/8	1/8	3/8	1	1	1/8	1/8	1		2	74	D5	5	1226
189	189	565/2	0.5	1/8	1/8	3/8	1	1	1/8	1/8	1		2	86	D6	6	1226
189	189	283	0.5	1/4	1/4	3/8	2	1	1/8	1/8	1		2	62	D4	4	1229
189	189	283	0.5	1/4	1/4	3/8	1	1	1/8	1/8	1	1	5	71	B4	4	1227
189	189	283	0.5	1/4	1/4	3/8	1	1	1/8	1/8	1	1	5	83	B5	5	1227
190	190	567/2	1.5	0	0	3/8	2	1	3/8	1/4	3/2		7	61	C#4	4	1233
190	190	567/2	0.5	0	0	3/8	1	1	1/8	1/8	1	-1	5	71	B4	4	1230
190	190	567/2	0.5	0	0	3/8	1	1	1/8	1/8	1	-1	5	83	B5	5	1230
190	190	284	0.5	1/8	1/8	3/8	1	1	1/8	1/8	1		3	69	A4	4	1231
190	190	284	0.5	1/8	1/8	3/8	1	1	1/8	1/8	1		3	81	A5	5	1231
190	190	569/2	0.5	1/4	1/4	3/8	1	1	1/8	1/8	1		1	67	G4	4	1232
190	190	569/2	0.5	1/4	1/4	3/8	1	1	1/8	1/8	1		1	79	G5	5	1232
191	191	285	1.0	0	0	3/8	2	1	1/4	1/4	1		2	50	D3	3	1237
191	191	285	0.5	0	0	3/8	1	1	1/8	1/8	1		6	66	F#4	4	1234
191	191	285	0.5	0	0	3/8	1	1	1/8	1/8	1		6	78	F#5	5	1234
191	191	571/2	0.5	1/8	1/8	3/8	1	1	1/8	1/8	1		2	74	D5	5	1235
191	191	571/2	0.5	1/8	1/8	3/8	1	1	1/8	1/8	1		2	86	D6	6	1235
191	191	286	0.5	1/4	1/4	3/8	2	1	1/8	1/8	1		1	55	G3	3	1238
191	191	286	0.5	1/4	1/4	3/8	1	1	1/8	1/8	1	1	-2	70	Bb4	4	1236
191	191	286	0.5	1/4	1/4	3/8	1	1	1/8	1/8	1	1	-2	82	Bb5	5	1236
192	192	573/2	1.0	0	0	3/8	2	1	1/4	1/4	1		3	57	A3	3	1242
192	192	573/2	0.5	0	0	3/8	1	1	1/8	1/8	1	-1	-2	70	Bb4	4	1239
192	192	573/2	0.5	0	0	3/8	1	1	1/8	1/8	1	-1	-2	82	Bb5	5	1239
192	192	287	0.5	1/8	1/8	3/8	1	1	1/8	1/8	1		3	69	A4	4	1240
192	192	287	0.5	1/8	1/8	3/8	1	1	1/8	1/8	1		3	81	A5	5	1240
192	192	575/2	0.5	1/4	1/4	3/8	2	1	1/8	1/8	1		3	45	A2	2	1243
192	192	575/2	0.5	1/4	1/4	3/8	1	1	1/8	1/8	1		1	67	G4	4	1241
192	192	575/2	0.5	1/4	1/4	3/8	1	1	1/8	1/8	1		1	79	G5	5	1241
193	193	288	1.0	0	0	3/8	2	1	1/4	1/4	1		2	50	D3	3	1247
193	193	288	0.5	0	0	3/8	1	1	1/8	1/8	1		-1	65	F4	4	1244
193	193	288	0.5	0	0	3/8	1	1	1/8	1/8	1		-1	77	F5	5	1244
193	193	577/2	0.5	1/8	1/8	3/8	1	1	1/8	1/8	1		2	74	D5	5	1245
193	193	577/2	0.5	1/8	1/8	3/8	1	1	1/8	1/8	1		2	86	D6	6	1245
193	193	289	0.5	1/4	1/4	3/8	2	1	1/8	1/8	1		2	62	D4	4	1248
193	193	289	0.5	1/4	1/4	3/8	1	1	1/8	1/8	1	1	5	71	B4	4	1246
193	193	289	0.5	1/4	1/4	3/8	1	1	1/8	1/8	1	1	5	83	B5	5	1246
194	194	579/2	1.5	0	0	3/8	2	1	3/8	1/4	3/2		7	61	C#4	4	1252
194	194	579/2	0.5	0	0	3/8	1	1	1/8	1/8	1	-1	5	71	B4	4	1249
194	194	579/2	0.5	0	0	3/8	1	1	1/8	1/8	1	-1	5	83	B5	5	1249
194	194	290	0.5	1/8	1/8	3/8	1	1	1/8	1/8	1		3	69	A4	4	1250
194	194	290	0.5	1/8	1/8	3/8	1	1	1/8	1/8	1		3	81	A5	5	1250
194	194	581/2	0.5	1/4	1/4	3/8	1	1	1/8	1/8	1		1	67	G4	4	1251
194	194	581/2	0.5	1/4	1/4	3/8	1	1	1/8	1/8	1		1	79	G5	5	1251
195	195	291	1.0	0	0	3/8	2	1	1/4	1/4	1		2	50	D3	3	1256
195	195	291	0.5	0	0	3/8	1	1	1/8	1/8	1		6	66	F#4	4	1253
195	195	291	0.5	0	0	3/8	1	1	1/8	1/8	1		6	78	F#5	5	1253
195	195	583/2	0.5	1/8	1/8	3/8	1	1	1/8	1/8	1		2	74	D5	5	1254
195	195	583/2	0.5	1/8	1/8	3/8	1	1	1/8	1/8	1		2	86	D6	6	1254
195	195	292	0.5	1/4	1/4	3/8	2	1	1/8	1/8	1		1	55	G3	3	1257
195	195	292	0.5	1/4	1/4	3/8	1	1	1/8	1/8	1	1	-2	70	Bb4	4	1255
195	195	292	0.5	1/4	1/4	3/8	1	1	1/8	1/8	1	1	-2	82	Bb5	5	1255
196	196	585/2	1.0	0	0	3/8	2	1	1/4	1/4	1		3	57	A3	3	1261
196	196	585/2	0.5	0	0	3/8	1	1	1/8	1/8	1	-1	-2	70	Bb4	4	1258
196	196	585/2	0.5	0	0	3/8	1	1	1/8	1/8	1	-1	-2	82	Bb5	5	1258
196	196	293	0.5	1/8	1/8	3/8	1	1	1/8	1/8	1		3	69	A4	4	1259
196	196	293	0.5	1/8	1/8	3/8	1	1	1/8	1/8	1		3	81	A5	5	1259
196	196	587/2	0.5	1/4	1/4	3/8	2	1	1/8	1/8	1		3	45	A2	2	1262
196	196	587/2	0.5	1/4	1/4	3/8	1	1	1/8	1/8	1		1	67	G4	4	1260
196	196	587/2	0.5	1/4	1/4	3/8	1	1	1/8	1/8	1		1	79	G5	5	1260
197	197	294	0.5	0	0	3/8	2	1	1/8	1/8	1		2	50	D3	3	1266
197	197	294	0.5	0	0	3/8	1	1	1/8	1/8	1		-1	65	F4	4	1263
197	197	294	0.5	0	0	3/8	1	1	1/8	1/8	1		-1	77	F5	5	1263
197	197	589/2	0.5	1/8	1/8	3/8	2	1	1/8	1/8	1		4	52	E3	3	1267
197	197	589/2	0.5	1/8	1/8	3/8	1	1	1/8	1/8	1		4	64	E4	4	1264
197	197	589/2	0.5	1/8	1/8	3/8	1	1	1/8	1/8	1		4	76	E5	5	1264
197	197	295	0.5	1/4	1/4	3/8	2	1	1/8	1/8	1		-1	53	F3	3	1268
197	197	295	0.5	1/4	1/4	3/8	1	1	1/8	1/8	1		2	62	D4	4	1265
197	197	295	0.5	1/4	1/4	3/8	1	1	1/8	1/8	1		2	74	D5	5	1265
198	198	591/2	0.5	0	0	3/8	2	1	1/8	1/8	1		1	55	G3	3	1272
198	198	591/2	0.5	0	0	3/8	1	1	1/8	1/8	1		1	67	G4	4	1269
198	198	591/2	0.5	0	0	3/8	1	1	1/8	1/8	1		1	79	G5	5	1269
198	198	296	0.5	1/8	1/8	3/8	2	1	1/8	1/8	1		3	57	A3	3	1273
198	198	296	0.5	1/8	1/8	3/8	1	1	1/8	1/8	1		-1	65	F4	4	1270
198	198	296	0.5	1/8	1/8	3/8	1	1	1/8	1/8	1		-1	77	F5	5	1270
198	198	593/2	0.5	1/4	1/4	3/8	2	1	1/8	1/8	1		3	45	A2	2	1274
198	198	593/2	0.5	1/4	1/4	3/8	1	1	1/8	1/8	1		4	64	E4	4	1271
198	198	593/2	0.5	1/4	1/4	3/8	1	1	1/8	1/8	1		4	76	E5	5	1271
199	199	297	1.0	0	0	3/8	2	1	1/4	1/4	1		2	50	D3	3	1278
199	199	297	0.5	0	0	3/8	1	1	1/8	1/8	1		2	62	D4	4	1275
199	199	297	0.5	0	0	3/8	1	1	1/8	1/8	1		2	74	D5	5	1275
199	199	595/2	0.5	1/8	1/8	3/8	1	1	1/8	1/8	1		3	69	A4	4	1276
199	199	595/2	0.5	1/8	1/8	3/8	1	1	1/8	1/8	1		3	81	A5	5	1276
199	199	298	0.5	1/4	1/4	3/8	2	1	1/8	1/8	1		2	50	D3	3	1279
199	199	298	0.5	1/4	1/4	3/8	1	1	1/8	1/8	1		6	66	F#4	4	1277
199	199	298	0.5	1/4	1/4	3/8	1	1	1/8	1/8	1		6	78	F#5	5	1277
200	200	597/2	0.5	0	0	3/8	2	1	1/8	1/8	1		1	55	G3	3	1283
200	200	597/2	0.5	0	0	3/8	1	1	1/8	1/8	1		5	71	B4	4	1280
200	200	597/2	0.5	0	0	3/8	1	1	1/8	1/8	1		5	83	B5	5	1280
200	200	299	0.5	1/8	1/8	3/8	2	1	1/8	1/8	1		4	52	E3	3	1284
200	200	299	0.5	1/8	1/8	3/8	1	1	1/8	1/8	1		1	67	G4	4	1281
200	200	299	0.5	1/8	1/8	3/8	1	1	1/8	1/8	1		1	79	G5	5	1281
200	200	599/2	0.5	1/4	1/4	3/8	2	1	1/8	1/8	1		3	57	A3	3	1285
200	200	599/2	0.5	1/4	1/4	3/8	1	1	1/8	1/8	1		7	73	C#5	5	1282
200	200	599/2	0.5	1/4	1/4	3/8	1	1	1/8	1/8	1		7	85	C#6	6	1282
201	201	300	0.5	0	0	3/8	2	2	1/8	1/8	1		6	54	F#3	3	1290
201	201	300	1.5	0	0	3/8	2	1	3/8	1/4	3/2		2	62	D4	4	1289
201	201	300	0.5	0	0	3/8	1	1	1/8	1/8	1		2	74	D5	5	1286
201	201	300	0.5	0	0	3/8	1	1	1/8	1/8	1		2	86	D6	6	1286
201	201	601/2	0.5	1/8	1/8	3/8	2	2	1/8	1/8	1		2	50	D3	3	1291
201	201	601/2	0.5	1/8	1/8	3/8	1	1	1/8	1/8	1		3	69	A4	4	1287
201	201	601/2	0.5	1/8	1/8	3/8	1	1	1/8	1/8	1		3	81	A5	5	1287
201	201	301	0.5	1/4	1/4	3/8	2	2	1/8	1/8	1		6	54	F#3	3	1292
201	201	301	0.5	1/4	1/4	3/8	1	1	1/8	1/8	1		6	66	F#4	4	1288
201	201	301	0.5	1/4	1/4	3/8	1	1	1/8	1/8	1		6	78	F#5	5	1288
202	202	603/2	0.5	0	0	3/8	2	2	1/8	1/8	1		1	55	G3	3	1297
202	202	603/2	1.5	0	0	3/8	2	1	3/8	1/4	3/2		2	62	D4	4	1296
202	202	603/2	0.5	0	0	3/8	1	1	1/8	1/8	1		5	71	B4	4	1293
202	202	603/2	0.5	0	0	3/8	1	1	1/8	1/8	1		5	83	B5	5	1293
202	202	302	0.5	1/8	1/8	3/8	2	2	1/8	1/8	1		4	52	E3	3	1298
202	202	302	0.5	1/8	1/8	3/8	1	1	1/8	1/8	1		1	67	G4	4	1294
202	202	302	0.5	1/8	1/8	3/8	1	1	1/8	1/8	1		1	79	G5	5	1294
202	202	605/2	0.5	1/4	1/4	3/8	2	2	1/8	1/8	1		3	57	A3	3	1299
202	202	605/2	0.5	1/4	1/4	3/8	1	1	1/8	1/8	1		7	73	C#5	5	1295
202	202	605/2	0.5	1/4	1/4	3/8	1	1	1/8	1/8	1		7	85	C#6	6	1295
203	203	303	0.5	0	0	3/8	2	2	1/8	1/8	1		6	54	F#3	3	1304
203	203	303	1.5	0	0	3/8	2	1	3/8	1/4	3/2		2	62	D4	4	1303
203	203	303	0.5	0	0	3/8	1	1	1/8	1/8	1		2	74	D5	5	1300
203	203	303	0.5	0	0	3/8	1	1	1/8	1/8	1		2	86	D6	6	1300
203	203	607/2	0.5	1/8	1/8	3/8	2	2	1/8	1/8	1		2	50	D3	3	1305
203	203	607/2	0.5	1/8	1/8	3/8	1	1	1/8	1/8	1		3	69	A4	4	1301
203	203	607/2	0.5	1/8	1/8	3/8	1	1	1/8	1/8	1		3	81	A5	5	1301
203	203	304	0.5	1/4	1/4	3/8	2	2	1/8	1/8	1		6	54	F#3	3	1306
203	203	304	0.5	1/4	1/4	3/8	1	1	1/8	1/8	1		6	66	F#4	4	1302
203	203	304	0.5	1/4	1/4	3/8	1	1	1/8	1/8	1		6	78	F#5	5	1302
204	204	609/2	0.5	0	0	3/8	2	2	1/8	1/8	1		1	55	G3	3	1311
204	204	609/2	1.5	0	0	3/8	2	1	3/8	1/4	3/2		2	62	D4	4	1310
204	204	609/2	0.5	0	0	3/8	1	1	1/8	1/8	1		5	71	B4	4	1307
204	204	609/2	0.5	0	0	3/8	1	1	1/8	1/8	1		5	83	B5	5	1307
204	204	305	0.5	1/8	1/8	3/8	2	2	1/8	1/8	1		4	52	E3	3	1312
204	204	305	0.5	1/8	1/8	3/8	1	1	1/8	1/8	1		1	67	G4	4	1308
204	204	305	0.5	1/8	1/8	3/8	1	1	1/8	1/8	1		1	79	G5	5	1308
204	204	611/2	0.5	1/4	1/4	3/8	2	2	1/8	1/8	1		3	57	A3	3	1313
204	204	611/2	0.5	1/4	1/4	3/8	1	1	1/8	1/8	1		7	73	C#5	5	1309
204	204	611/2	0.5	1/4	1/4	3/8	1	1	1/8	1/8	1		7	85	C#6	6	1309
205	205	306	0.5	0	0	3/8	2	2	1/8	1/8	1		6	54	F#3	3	1318
205	205	306	1.5	0	0	3/8	2	1	3/8	1/4	3/2		2	62	D4	4	1317
205	205	306	0.5	0	0	3/8	1	1	1/8	1/8	1		2	74	D5	5	1314
205	205	306	0.5	0	0	3/8	1	1	1/8	1/8	1		2	86	D6	6	1314
205	205	613/2	0.5	1/8	1/8	3/8	2	2	1/8	1/8	1		2	50	D3	3	1319
205	205	613/2	0.5	1/8	1/8	3/8	1	1	1/8	1/8	1		6	78	F#5	5	1315
205	205	613/2	0.5	1/8	1/8	3/8	1	1	1/8	1/8	1		3	81	A5	5	1315
205	205	307	0.5	1/4	1/4	3/8	2	2	1/8	1/8	1		1	55	G3	3	1320
205	205	307	0.5	1/4	1/4	3/8	1	1	1/8	1/8	1		4	76	E5	5	1316
205	205	307	0.5	1/4	1/4	3/8	1	1	1/8	1/8	1		1	79	G5	5	1316
206	206	615/2	1.0	0	0	3/8	2	1	1/4	1/4	1		3	57	A3	3	1324
206	206	615/2	0.5	0	0	3/8	1	1	1/8	1/8	1		2	74	D5	5	1321
206	206	615/2	0.5	0	0	3/8	1	1	1/8	1/8	1		6	78	F#5	5	1321
206	206	308	0.5	1/8	1/8	3/8	1	1	1/8	1/8	1		2	74	D5	5	1322
206	206	308	0.5	1/8	1/8	3/8	1	1	1/8	1/8	1		6	78	F#5	5	1322
206	206	617/2	0.5	1/4	1/4	3/8	2	1	1/8	1/8	1		3	45	A2	2	1325
206	206	617/2	0.5	1/4	1/4	3/8	1	1	1/8	1/8	1		3	69	A4	4	1323
206	206	617/2	0.5	1/4	1/4	3/8	1	1	1/8	1/8	1		4	76	E5	5	1323
207	207	309	1.5	0	0	3/8	2	1	3/8	1/4	3/2		2	38	D2	2	1329
207	207	309	0.5	0	0	3/8	1	1	1/8	1/8	1		6	66	F#4	4	1326
207	207	309	0.5	0	0	3/8	1	1	1/8	1/8	1		2	74	D5	5	1326
207	207	619/2	0.5	1/8	1/8	3/8	1	1	1/8	1/8	1		6	66	F#4	4	1327
207	207	619/2	0.5	1/8	1/8	3/8	1	1	1/8	1/8	1		2	74	D5	5	1327
207	207	310	0.5	1/4	1/4	3/8	1	1	1/8	1/8	1		3	69	A4	4	1328
207	207	310	0.5	1/4	1/4	3/8	1	1	1/8	1/8	1		4	76	E5	5	1328
208	208	621/2	1.5	0	0	3/8	2	1	3/8	1/4	3/2		2	38	D2	2	1333
208	208	621/2	0.5	0	0	3/8	1	1	1/8	1/8	1		6	66	F#4	4	1330
208	208	621/2	0.5	0	0	3/8	1	1	1/8	1/8	1		2	74	D5	5	1330
208	208	311	0.5	1/8	1/8	3/8	1	1	1/8	1/8	1		6	66	F#4	4	1331
208	208	311	0.5	1/8	1/8	3/8	1	1	1/8	1/8	1		2	74	D5	5	1331
208	208	623/2	0.5	1/4	1/4	3/8	1	1	1/8	1/8	1		3	69	A4	4	1332
208	208	623/2	0.5	1/4	1/4	3/8	1	1	1/8	1/8	1		4	76	E5	5	1332
209	209	312	1.0	0	0	3/8	2	1	1/4	1/4	1		2	38	D2	2	1337
209	209	312	0.5	0	0	3/8	1	1	1/8	1/8	1		6	66	F#4	4	1334
209	209	312	0.5	0	0	3/8	1	1	1/8	1/8	1		2	74	D5	5	1334
209	209	625/2	0.5	1/8	1/8	3/8	1	1	1/8	1/8	1		3	69	A4	4	1335
209	209	625/2	0.5	1/8	1/8	3/8	1	1	1/8	1/8	1		4	76	E5	5	1335
209	209	313	0.5	1/4	1/4	3/8	2	1	1/8	1/8	1	1	2	38	D2	2	1338
209	209	313	0.5	1/4	1/4	3/8	1	1	1/8	1/8	1		6	66	F#4	4	1336
209	209	313	0.5	1/4	1/4	3/8	1	1	1/8	1/8	1		2	74	D5	5	1336
210	210	627/2	0.5	0	0	3/8	2	1	1/8	1/8	1	-1	2	38	D2	2	1342
210	210	627/2	0.5	0	0	3/8	1	1	1/8	1/8	1		3	69	A4	4	1339
210	210	627/2	0.5	0	0	3/8	1	1	1/8	1/8	1		4	76	E5	5	1339
210	210	314	1.0	1/8	1/8	3/8	2	1	1/4	1/4	1		2	38	D2	2	1343
210	210	314	0.5	1/8	1/8	3/8	1	1	1/8	1/8	1		6	66	F#4	4	1340
210	210	314	0.5	1/8	1/8	3/8	1	1	1/8	1/8	1		2	74	D5	5	1340
210	210	629/2	0.5	1/4	1/4	3/8	1	1	1/8	1/8	1		3	69	A4	4	1341
210	210	629/2	0.5	1/4	1/4	3/8	1	1	1/8	1/8	1		4	76	E5	5	1341
211	211	315	1.5	0	0	3/8	2	1	3/8	1/4	3/2		2	38	D2	2	1345
211	211	315	1.5	0	0	3/8	1	1	3/8	1/4	3/2		6	66	F#4	4	1344
211	211	315	1.5	0	0	3/8	1	1	3/8	1/4	3/2		2	74	D5	5	1344
